lat,lon,street,colony,city,district
17.3873294,78.4057336,Golconda,Golconda,Hyderabad,Telangana
17.4002904,78.4118051,Tolichowki,Tolichowki,Hyderabad,Telangana
17.4408924,78.3916304,Madhapur,Madhapur,Hyderabad,Telangana
17.5750754,78.4235767,Gandimaisamma,Gandimaisamma,Hyderabad,Telangana
17.3645718,78.4868219,Maidan,Maidan,Hyderabad,Telangana
17.4436222,78.3519638,Gachibowli,Gachibowli,Hyderabad,Telangana
17.3410735,78.6276055,Kuntloor,Kuntloor,Hyderabad,Telangana
17.4003845,78.4489409,Masab Tank,Masab Tank,Hyderabad,Telangana
17.4930841,78.4054408,Kukatpally,Kukatpally,Hyderabad,Telangana
17.3501617,78.5510938,LB Nagar,LB Nagar,Hyderabad,Telangana
17.3281147,78.6045399,Hayathnagar,Hayathnagar,Hyderabad,Telangana
17.4154761,78.5426918,Habsiguda,Habsiguda,Hyderabad,Telangana
17.4297326,78.5174265,Sitaphalmandi,Sitaphalmandi,Hyderabad,Telangana
17.4019354,78.5095814,Vidyanagar,Vidyanagar,Hyderabad,Telangana
17.4653902,78.4289925,Bharath Nagar,Bharath Nagar,Hyderabad,Telangana
17.4984629,78.3819018,Hydernagar,Hydernagar,Hyderabad,Telangana
17.515397,78.3817156,Nizampet,Nizampet,Hyderabad,Telangana
17.4938648,78.3862078,Vasanth Nagar,Vasanth Nagar,Hyderabad,Telangana
17.4922068,78.3973638,KPHB Colony,KPHB Colony,Hyderabad,Telangana
17.3775306,78.5601231,Nagole,Nagole,Hyderabad,Telangana
17.5649983,78.5545036,Thumukunta,Thumukunta,Hyderabad,Telangana
17.4687072,78.3645752,Raghavendra Colony,Raghavendra Colony,Hyderabad,Telangana
17.5200154,78.3968876,Pragathi Nagar,Pragathi Nagar,Hyderabad,Telangana
17.4284936,78.5528098,Nacharam,Nacharam,Hyderabad,Telangana
17.4227022,78.4917695,Kavadiguda,Kavadiguda,Hyderabad,Telangana
17.446195,78.463016,Begumpet,Begumpet,Hyderabad,Telangana
17.4255053,78.4585197,Somajiguda,Somajiguda,Hyderabad,Telangana
17.4117706,78.4622003,Khairatabad,Khairatabad,Hyderabad,Telangana
17.4177464,78.4399014,Banjara Hills,Banjara Hills,Hyderabad,Telangana
17.5410548,78.3635484,Bachupally,Bachupally,Hyderabad,Telangana
17.4619212,78.3548628,Sriram Nagar,Sriram Nagar,Hyderabad,Telangana
17.3575281,78.4770839,Moghalpura,Moghalpura,Hyderabad,Telangana
17.3605451,78.4801015,Alijah Kotla,Alijah Kotla,Hyderabad,Telangana
17.3625859,78.478767,Panjeshah,Panjeshah,Hyderabad,Telangana
17.4291288,78.4571781,Nishat Bagh Colony,Nishat Bagh Colony,Hyderabad,Telangana
17.4299852,78.459582,B.S.Makhta,B.S.Makhta,Hyderabad,Telangana
17.4587912,78.3730556,Kondapur,Kondapur,Hyderabad,Telangana
17.3894783,78.477182,Abids,Abids,Hyderabad,Telangana
17.4732138,78.5115017,Karkhana,Karkhana,Hyderabad,Telangana
17.4191997,78.4949035,Bholakpur,Bholakpur,Hyderabad,Telangana
17.4191423,78.4985732,Musheerabad,Musheerabad,Hyderabad,Telangana
17.4148494,78.4954767,Bank of Baroda Colony,Bank of Baroda Colony,Hyderabad,Telangana
17.422226,78.4948209,PS Colony,PS Colony,Hyderabad,Telangana
17.4153832,78.4957358,Vasanth Nagar Colony,Vasanth Nagar Colony,Hyderabad,Telangana
17.3918524,78.4660052,Nampally,Nampally,Hyderabad,Telangana
17.3691082,78.4496747,Karvan,Karvan,Hyderabad,Telangana
17.3904228,78.4978117,Kacheguda,Kacheguda,Hyderabad,Telangana
17.3717497,78.476472,Naya Pul,Naya Pul,Hyderabad,Telangana
17.3674891,78.4579042,Purana Pul,Purana Pul,Hyderabad,Telangana
17.4375012,78.4482505,Ameerpet,Ameerpet,Hyderabad,Telangana
17.3820325,78.4925338,Chaderghat,Chaderghat,Hyderabad,Telangana
17.3736706,78.4996484,Malakpet,Malakpet,Hyderabad,Telangana
17.4254245,78.4517519,Panjagutta,Panjagutta,Hyderabad,Telangana
17.3732055,78.4663383,Churi Bazaar,Churi Bazaar,Hyderabad,Telangana
17.377629,78.4216315,Langar Hauz,Langar Hauz,Hyderabad,Telangana
17.3942627,78.4342514,Mehdipatnam,Mehdipatnam,Hyderabad,Telangana
17.3847309,78.4836642,Koti,Koti,Hyderabad,Telangana
17.359533,78.5147979,Saidabad,Saidabad,Hyderabad,Telangana
17.4069869,78.4965166,RTC X Road,RTC X Road,Hyderabad,Telangana
17.4076626,78.4928021,Jawahar Nagar,Jawahar Nagar,Hyderabad,Telangana
17.4255371,78.5306786,Tarnaka Flyover;TGSRTC Hospital,Tarnaka Flyover;TGSRTC Hospital,Hyderabad,Telangana
17.3830362,78.5619555,Green Fields Colony,Green Fields Colony,Hyderabad,Telangana
17.4603704,78.3687236,jubilee gardens,jubilee gardens,Hyderabad,Telangana
17.3392402,78.521552,New Maruthi Nagar,New Maruthi Nagar,Hyderabad,Telangana
17.3883845,78.4292503,Padmanabha Nagar Colony,Padmanabha Nagar Colony,Hyderabad,Telangana
17.4025847,78.4729954,Band Lines Colony,Band Lines Colony,Hyderabad,Telangana
17.5176042,78.50696,Chandra Nagar Colony,Chandra Nagar Colony,Hyderabad,Telangana
17.4509127,78.3634038,Studiorigin - Interior Designer in Hyderabad,Studiorigin - Interior Designer in Hyderabad,Hyderabad,Telangana
17.5106025,78.4068992,Gandhi Statue;Yellamma Banda,Gandhi Statue;Yellamma Banda,Hyderabad,Telangana
17.5047252,78.4625943,Jayaram Nagar,Jayaram Nagar,Hyderabad,Telangana
17.5312249,78.4476224,Apurupa Township,Apurupa Township,Hyderabad,Telangana
17.5439406,78.4389615,Dayanand Nagar,Dayanand Nagar,Hyderabad,Telangana
17.5271759,78.4200077,Gajularamaram,Gajularamaram,Hyderabad,Telangana
17.5343291,78.4324971,Rajiv Gandhi Nagar,Rajiv Gandhi Nagar,Hyderabad,Telangana
17.5328246,78.4444039,SR Naik Nagar,SR Naik Nagar,Hyderabad,Telangana
17.5384446,78.4333457,Sivalaya Nagar Colony,Sivalaya Nagar Colony,Hyderabad,Telangana
17.5471234,78.4389934,Sundar Rao Nagar,Sundar Rao Nagar,Hyderabad,Telangana
17.5442449,78.4251393,Tirumala Enclave,Tirumala Enclave,Hyderabad,Telangana
17.5409357,78.4319836,Venkatarama Colony,Venkatarama Colony,Hyderabad,Telangana
17.5220344,78.4638017,Ram Reddy Nagar,Ram Reddy Nagar,Hyderabad,Telangana
17.527818,78.5437408,Badshahpet,Badshahpet,Hyderabad,Telangana
17.5249842,78.5202085,Bajrang Colony,Bajrang Colony,Hyderabad,Telangana
17.5279807,78.5162378,Bhavana Colony,Bhavana Colony,Hyderabad,Telangana
17.529823,78.5155062,Bolarum,Bolarum,Hyderabad,Telangana
17.5343186,78.5125183,Brindavan Colony,Brindavan Colony,Hyderabad,Telangana
17.5267051,78.5318517,Defence Staff Quarters,Defence Staff Quarters,Hyderabad,Telangana
17.5248934,78.5355319,Kowkur,Kowkur,Hyderabad,Telangana
17.5251662,78.5149728,Prem Nagar Colony,Prem Nagar Colony,Hyderabad,Telangana
17.5275251,78.5203727,Risala Bazaar,Risala Bazaar,Hyderabad,Telangana
17.5381033,78.5141023,Shanti Niketan Colony,Shanti Niketan Colony,Hyderabad,Telangana
17.5454598,78.5414465,Singayapalli,Singayapalli,Hyderabad,Telangana
17.5441532,78.5156289,Turkapalli,Turkapalli,Hyderabad,Telangana
17.5113092,78.3632182,CG Employees Colony,CG Employees Colony,Hyderabad,Telangana
17.499603,78.3397686,Deepthisree Nagar,Deepthisree Nagar,Hyderabad,Telangana
17.5071523,78.3564684,Jayaprakash Narayan Nagar,Jayaprakash Narayan Nagar,Hyderabad,Telangana
17.5116535,78.3676991,Mayuri Nagar,Mayuri Nagar,Hyderabad,Telangana
17.5038611,78.3528734,Prasanth Nagar,Prasanth Nagar,Hyderabad,Telangana
17.5161347,78.3479885,Swarnapuri Colony,Swarnapuri Colony,Hyderabad,Telangana
17.5083701,78.3941192,Aditya Nagar,Aditya Nagar,Hyderabad,Telangana
17.5043618,78.4149849,Allwyn Colony,Allwyn Colony,Hyderabad,Telangana
17.504779,78.3843493,Brindavan Colony,Brindavan Colony,Hyderabad,Telangana
17.5042727,78.3961341,HMT Hills,HMT Hills,Hyderabad,Telangana
17.5238346,78.4140552,Mahadevpur Colony,Mahadevpur Colony,Hyderabad,Telangana
17.5037121,78.3886073,Nagarjuna Homes,Nagarjuna Homes,Hyderabad,Telangana
17.500301,78.4096616,Navodaya Colony,Navodaya Colony,Hyderabad,Telangana
17.5023014,78.3791026,Ramnaresh Colony,Ramnaresh Colony,Hyderabad,Telangana
17.5016544,78.4169265,Sai Nagar,Sai Nagar,Hyderabad,Telangana
17.5018251,78.3933998,Samatha Nagar,Samatha Nagar,Hyderabad,Telangana
17.4999703,78.4002791,Satavahana Nagar,Satavahana Nagar,Hyderabad,Telangana
17.5092518,78.381155,Setwinabad,Setwinabad,Hyderabad,Telangana
17.5063298,78.3912157,Sreenivasa Nagar,Sreenivasa Nagar,Hyderabad,Telangana
17.5009168,78.3866925,Vasantha Nagar,Vasantha Nagar,Hyderabad,Telangana
17.5020571,78.4217279,Anjaih Nagar,Anjaih Nagar,Hyderabad,Telangana
17.5024694,78.4303464,Beerappa Nagar,Beerappa Nagar,Hyderabad,Telangana
17.5001743,78.4307908,Devamma Basthi,Devamma Basthi,Hyderabad,Telangana
17.5013628,78.4416564,HMT Colony,HMT Colony,Hyderabad,Telangana
17.5020418,78.4260747,Jagadgirigutta,Jagadgirigutta,Hyderabad,Telangana
17.5132586,78.4237774,Lenin Nagar,Lenin Nagar,Hyderabad,Telangana
17.5013949,78.4180653,Madhavaram Colony,Madhavaram Colony,Hyderabad,Telangana
17.5033359,78.4229604,Maisamma Nagar,Maisamma Nagar,Hyderabad,Telangana
17.5065885,78.429226,Maqdum Nagar,Maqdum Nagar,Hyderabad,Telangana
17.5184713,78.4252651,Prakasam Pantulu Nagar,Prakasam Pantulu Nagar,Hyderabad,Telangana
17.5150089,78.4339021,Prasanth Nagar,Prasanth Nagar,Hyderabad,Telangana
17.517411,78.4331609,Roda Mestry Nagar,Roda Mestry Nagar,Hyderabad,Telangana
17.50082,78.4266146,Sanjaypuri,Sanjaypuri,Hyderabad,Telangana
17.5039269,78.4190646,Shiva Nagar,Shiva Nagar,Hyderabad,Telangana
17.5135004,78.4385188,Srinivas Nagar,Srinivas Nagar,Hyderabad,Telangana
17.5076426,78.4232565,Srinivasa Nagar,Srinivasa Nagar,Hyderabad,Telangana
17.508515,78.4588376,Ayodhya Nagar,Ayodhya Nagar,Hyderabad,Telangana
17.5051308,78.4895401,Bhel R&D Employees Colony,Bhel R&D Employees Colony,Hyderabad,Telangana
17.5130521,78.4806147,PET Bashirabad,PET Bashirabad,Hyderabad,Telangana
17.5164323,78.483916,Caton Residential Township,Caton Residential Township,Hyderabad,Telangana
17.5056193,78.4776674,Green Park,Green Park,Hyderabad,Telangana
17.5139876,78.4922499,HMT Officers Colony,HMT Officers Colony,Hyderabad,Telangana
17.5096516,78.4786567,Jeedimetla Village,Jeedimetla Village,Hyderabad,Telangana
17.5140351,78.4742008,Praga Tools Colony,Praga Tools Colony,Hyderabad,Telangana
17.5047122,78.4589164,Qutubullapur,Qutubullapur,Hyderabad,Telangana
17.5007426,78.4786654,Ramaraju Nagar,Ramaraju Nagar,Hyderabad,Telangana
17.5087533,78.4852799,Spring Fields Colony,Spring Fields Colony,Hyderabad,Telangana
17.5172389,78.4600931,Subash Nagar,Subash Nagar,Hyderabad,Telangana
17.5010301,78.4592338,Venkateswara Nagar,Venkateswara Nagar,Hyderabad,Telangana
17.5002026,78.4720795,Vennalagadda,Vennalagadda,Hyderabad,Telangana
17.5030552,78.4657458,Marri Narayana Reddy Nagar,Marri Narayana Reddy Nagar,Hyderabad,Telangana
17.5022292,78.5088584,Alwal,Alwal,Hyderabad,Telangana
17.5146693,78.5003824,Ambedkar Nagar,Ambedkar Nagar,Hyderabad,Telangana
17.5181593,78.5029936,Ambedkar Nagar,Ambedkar Nagar,Hyderabad,Telangana
17.5004207,78.4994056,Dinakar Nagar,Dinakar Nagar,Hyderabad,Telangana
17.5083672,78.4958715,Father Balaiah Nagar,Father Balaiah Nagar,Hyderabad,Telangana
17.5055014,78.5165581,GV Reddy Colony,GV Reddy Colony,Hyderabad,Telangana
17.5029417,78.501503,Janaki Nagar,Janaki Nagar,Hyderabad,Telangana
17.5121211,78.5030258,Jonnabanda,Jonnabanda,Hyderabad,Telangana
17.5036267,78.4932856,Kistamma Enclave,Kistamma Enclave,Hyderabad,Telangana
17.5181842,78.5189053,Lakadwala Colony,Lakadwala Colony,Hyderabad,Telangana
17.5151548,78.5125546,Macha Bolarum,Macha Bolarum,Hyderabad,Telangana
17.4986733,78.511907,Madhav Nagar,Madhav Nagar,Hyderabad,Telangana
17.5060381,78.5007272,Old Alwal,Old Alwal,Hyderabad,Telangana
17.5018974,78.5125318,PO Golnaka,PO Golnaka,Hyderabad,Telangana
17.5121519,78.4968288,Railway Colony,Railway Colony,Hyderabad,Telangana
17.5049395,78.5121052,Rajiv Nagar,Rajiv Nagar,Hyderabad,Telangana
17.5107981,78.5129999,Ramalingeswara Colony,Ramalingeswara Colony,Hyderabad,Telangana
17.4996227,78.5060355,Sai Nagar,Sai Nagar,Hyderabad,Telangana
17.5080984,78.5089178,Reddy Enclave,Reddy Enclave,Hyderabad,Telangana
17.509929,78.5036579,Srinagar Colony,Srinagar Colony,Hyderabad,Telangana
17.5064765,78.505152,Vasavi Nagar,Vasavi Nagar,Hyderabad,Telangana
17.5117297,78.5173959,Vivekananda Colony,Vivekananda Colony,Hyderabad,Telangana
17.5148928,78.557151,Balaji Nagar,Balaji Nagar,Hyderabad,Telangana
17.4987781,78.5674716,Bank Colony,Bank Colony,Hyderabad,Telangana
17.5175478,78.5596727,Chandrapuri Colony,Chandrapuri Colony,Hyderabad,Telangana
17.5005883,78.5358142,Jai Jawahar Nagar,Jai Jawahar Nagar,Hyderabad,Telangana
17.5100445,78.5590092,Jawahar Nagar,Jawahar Nagar,Hyderabad,Telangana
17.5047516,78.5359912,Sai Krupa Colony,Sai Krupa Colony,Hyderabad,Telangana
17.5086301,78.5646021,Santosh Nagar,Santosh Nagar,Hyderabad,Telangana
17.5024181,78.5473073,Shaili Gardens,Shaili Gardens,Hyderabad,Telangana
17.5085997,78.5518902,Shivaji Nagar,Shivaji Nagar,Hyderabad,Telangana
17.5126139,78.5456218,Swarnandhra Colony,Swarnandhra Colony,Hyderabad,Telangana
17.5001863,78.5544378,Mythri Enclave,Mythri Enclave,Hyderabad,Telangana
17.5196011,78.5545108,Viswakarma Colony,Viswakarma Colony,Hyderabad,Telangana
17.5030543,78.5407976,Yapral,Yapral,Hyderabad,Telangana
17.4835578,78.3213131,Adarsh Nagar,Adarsh Nagar,Hyderabad,Telangana
17.4911038,78.3055757,BHEL Township,BHEL Township,Hyderabad,Telangana
17.4936092,78.3246428,Chandanagar,Chandanagar,Hyderabad,Telangana
17.4773141,78.3258464,Doyens Township,Doyens Township,Hyderabad,Telangana
17.4943345,78.3295685,Gangaram,Gangaram,Hyderabad,Telangana
17.4812013,78.3215377,Gopi Nagar,Gopi Nagar,Hyderabad,Telangana
17.4970243,78.3204078,Gowtami Nagar Colony,Gowtami Nagar Colony,Hyderabad,Telangana
17.4898625,78.3312603,HUDA Colony,HUDA Colony,Hyderabad,Telangana
17.4922908,78.3240062,Indira Nagar,Indira Nagar,Hyderabad,Telangana
17.5014889,78.3199822,Jawahar Nagar Colony,Jawahar Nagar Colony,Hyderabad,Telangana
17.5068684,78.3080655,Kakatiya Nagar,Kakatiya Nagar,Hyderabad,Telangana
17.4881832,78.316112,Lingampally,Lingampally,Hyderabad,Telangana
17.482863,78.3058838,MIG Colony,MIG Colony,Hyderabad,Telangana
17.4917948,78.342306,Madinaguda,Madinaguda,Hyderabad,Telangana
17.4774828,78.3060359,Nallagandla,Nallagandla,Hyderabad,Telangana
17.4821146,78.3245758,Nehru Nagar,Nehru Nagar,Hyderabad,Telangana
17.5009176,78.333407,PJR Enclave,PJR Enclave,Hyderabad,Telangana
17.4842393,78.3306432,Papireddy Nagar,Papireddy Nagar,Hyderabad,Telangana
17.4895362,78.3363517,RTC Colony,RTC Colony,Hyderabad,Telangana
17.4836502,78.312489,Rail Vihar,Rail Vihar,Hyderabad,Telangana
17.4915301,78.3260723,Santhi Nagar,Santhi Nagar,Hyderabad,Telangana
17.4869705,78.3215746,Sivaji Nagar,Sivaji Nagar,Hyderabad,Telangana
17.497822,78.3399655,Sri Durga Colony,Sri Durga Colony,Hyderabad,Telangana
17.4963551,78.3314059,Sri Ram Nagar Colony,Sri Ram Nagar Colony,Hyderabad,Telangana
17.4926497,78.3184691,Taranagar,Taranagar,Hyderabad,Telangana
17.4851631,78.3176179,Venkata Reddy Nagar,Venkata Reddy Nagar,Hyderabad,Telangana
17.4946664,78.3800215,APHB Colony,APHB Colony,Hyderabad,Telangana
17.4808328,78.3632311,Aditya Nagar,Aditya Nagar,Hyderabad,Telangana
17.4920354,78.3499531,Allwyn Colony,Allwyn Colony,Hyderabad,Telangana
17.4964141,78.3773785,Bhagat Singh Nagar,Bhagat Singh Nagar,Hyderabad,Telangana
17.4834409,78.3611316,Hafeezpet,Hafeezpet,Hyderabad,Telangana
17.4918392,78.3575583,Janapriya Nagar,Janapriya Nagar,Hyderabad,Telangana
17.4941513,78.3615384,Madhava Nagar,Madhava Nagar,Hyderabad,Telangana
17.4755179,78.3661619,Marthanda Nagar,Marthanda Nagar,Hyderabad,Telangana
17.4925478,78.3465247,Mythrinagar,Mythrinagar,Hyderabad,Telangana
17.4897416,78.3475481,Ushodaya Enclave,Ushodaya Enclave,Hyderabad,Telangana
17.4832313,78.3788981,Venkata Ramana Colony,Venkata Ramana Colony,Hyderabad,Telangana
17.4868632,78.3548875,Vinayak Nagar Colony,Vinayak Nagar Colony,Hyderabad,Telangana
17.4840314,78.347983,Vishal Nagar,Vishal Nagar,Hyderabad,Telangana
17.4952149,78.4085858,AS Raju Nagar,AS Raju Nagar,Hyderabad,Telangana
17.4821906,78.4096963,Balaji Nagar,Balaji Nagar,Hyderabad,Telangana
17.4974865,78.403275,Bhagyanagar Colony,Bhagyanagar Colony,Hyderabad,Telangana
17.4908462,78.4114501,Chaitanya Nagar,Chaitanya Nagar,Hyderabad,Telangana
17.4890519,78.3972565,Phase 3,Phase 3,Hyderabad,Telangana
17.4859804,78.3925375,Phase 3,Phase 3,Hyderabad,Telangana
17.4819528,78.3918947,Phase 5,Phase 5,Hyderabad,Telangana
17.4872753,78.389432,Phase 6,Phase 6,Hyderabad,Telangana
17.4764821,78.3929462,Phase 7,Phase 7,Hyderabad,Telangana
17.4883615,78.3847057,Phase 9,Phase 9,Hyderabad,Telangana
17.4972233,78.4154982,Saptagiri Colony,Saptagiri Colony,Hyderabad,Telangana
17.4968066,78.384962,Satyanarayanaswamy Nagar,Satyanarayanaswamy Nagar,Hyderabad,Telangana
17.4888614,78.4155414,Shanti Nagar,Shanti Nagar,Hyderabad,Telangana
17.4917993,78.4155435,Srinivasa Nagar Colony,Srinivasa Nagar Colony,Hyderabad,Telangana
17.48721,78.4119876,Sumitra Nagar,Sumitra Nagar,Hyderabad,Telangana
17.4935675,78.4123478,Vivekananda Nagar,Vivekananda Nagar,Hyderabad,Telangana
17.4959379,78.4450488,Bhagat Singh Nagar,Bhagat Singh Nagar,Hyderabad,Telangana
17.4942732,78.4496543,Chandra Nagar,Chandra Nagar,Hyderabad,Telangana
17.4940726,78.455753,Dee Nagar,Dee Nagar,Hyderabad,Telangana
17.4918194,78.4515872,Ganesh Nagar,Ganesh Nagar,Hyderabad,Telangana
17.488482,78.4406024,Giri Nagar,Giri Nagar,Hyderabad,Telangana
17.4870177,78.4455655,Gurumurthy Nagar,Gurumurthy Nagar,Hyderabad,Telangana
17.4806031,78.4517703,Idpl,Idpl,Hyderabad,Telangana
17.4883964,78.4220421,Prakash Nagar,Prakash Nagar,Hyderabad,Telangana
17.4797901,78.4240348,Prashanti Nagar,Prashanti Nagar,Hyderabad,Telangana
17.4830911,78.4191591,Sangeet Nagar,Sangeet Nagar,Hyderabad,Telangana
17.4849016,78.4480575,Sowbhagya Nagar,Sowbhagya Nagar,Hyderabad,Telangana
17.4901213,78.4527457,Surya Nagar,Surya Nagar,Hyderabad,Telangana
17.4963993,78.4539865,Vani Nagar,Vani Nagar,Hyderabad,Telangana
17.5009121,78.4684055,Bank Colony,Bank Colony,Hyderabad,Telangana
17.4933528,78.4644418,Bapu Nagar,Bapu Nagar,Hyderabad,Telangana
17.4853126,78.4607748,Dilkush Nagar,Dilkush Nagar,Hyderabad,Telangana
17.4792787,78.4809763,HAL Colony,HAL Colony,Hyderabad,Telangana
17.4847838,78.4903557,Indira Nagar,Indira Nagar,Hyderabad,Telangana
17.4785396,78.4858642,Lal Bahadur Nagar Colony,Lal Bahadur Nagar Colony,Hyderabad,Telangana
17.4816681,78.4802609,Maithri Vanam,Maithri Vanam,Hyderabad,Telangana
17.4782553,78.4720946,Nandamuri Nagar,Nandamuri Nagar,Hyderabad,Telangana
17.4906594,78.4596789,Padma Nagar,Padma Nagar,Hyderabad,Telangana
17.4870754,78.4812514,Swarnadhama Nagar,Swarnadhama Nagar,Hyderabad,Telangana
17.4812297,78.465667,Sarvatra Defence Colony,Sarvatra Defence Colony,Hyderabad,Telangana
17.4810325,78.4953262,AWHO Colony,AWHO Colony,Hyderabad,Telangana
17.4913957,78.5022545,Bhudevi Nagar,Bhudevi Nagar,Hyderabad,Telangana
17.4925892,78.497188,Chitamma Nagar Colony,Chitamma Nagar Colony,Hyderabad,Telangana
17.4928406,78.5075395,Indiranagar,Indiranagar,Hyderabad,Telangana
17.4883392,78.4968218,Khanojiguda,Khanojiguda,Hyderabad,Telangana
17.4808081,78.5114174,Lal Bazaar,Lal Bazaar,Hyderabad,Telangana
17.4947739,78.5090104,Laxmi Nagar,Laxmi Nagar,Hyderabad,Telangana
17.4956214,78.5155272,Lothkunta,Lothkunta,Hyderabad,Telangana
17.4887759,78.4936781,Padmavathi Colony,Padmavathi Colony,Hyderabad,Telangana
17.4859267,78.5302953,Raghavendra Colony,Raghavendra Colony,Hyderabad,Telangana
17.4943106,78.5018779,Ramachandraiah Nagar,Ramachandraiah Nagar,Hyderabad,Telangana
17.4919245,78.514398,Rudranagar Colony,Rudranagar Colony,Hyderabad,Telangana
17.4803236,78.529135,Santosh Nagar,Santosh Nagar,Hyderabad,Telangana
17.4973354,78.5167932,Saraswati Nagar,Saraswati Nagar,Hyderabad,Telangana
17.4865053,78.5011252,Subhash Nagar,Subhash Nagar,Hyderabad,Telangana
17.4976008,78.4997785,Subhodaya Nagar,Subhodaya Nagar,Hyderabad,Telangana
17.4802464,78.5021629,Teachers Colony,Teachers Colony,Hyderabad,Telangana
17.4822416,78.5232193,Usha Officers Colony,Usha Officers Colony,Hyderabad,Telangana
17.496189,78.5043108,Venkatapuram,Venkatapuram,Hyderabad,Telangana
17.477642,78.5256,Venkateshwara Colony,Venkateshwara Colony,Hyderabad,Telangana
17.4895654,78.5316993,Vivekanandapuram,Vivekanandapuram,Hyderabad,Telangana
17.4798689,78.5509653,AS Rao Nagar,AS Rao Nagar,Hyderabad,Telangana
17.4967373,78.5391875,Ammuguda,Ammuguda,Hyderabad,Telangana
17.4876265,78.5657131,Arun Nagar,Arun Nagar,Hyderabad,Telangana
17.4807568,78.5660071,Bhavani Nagar,Bhavani Nagar,Hyderabad,Telangana
17.4872059,78.5563549,Chandrapuri Colony,Chandrapuri Colony,Hyderabad,Telangana
17.4803362,78.5354335,Gandhi Nagar,Gandhi Nagar,Hyderabad,Telangana
17.4867853,78.5394022,Hilltop Colony,Hilltop Colony,Hyderabad,Telangana
17.4785837,78.5406026,Kakatiya Nagar,Kakatiya Nagar,Hyderabad,Telangana
17.4933378,78.5437891,O.U.T Colony,O.U.T Colony,Hyderabad,Telangana
17.4846356,78.5610095,Kapra,Kapra,Hyderabad,Telangana
17.492428,78.5580093,Malla Reddy Colony,Malla Reddy Colony,Hyderabad,Telangana
17.4922483,78.539036,Nirmal Nagar,Nirmal Nagar,Hyderabad,Telangana
17.4845889,78.567232,Parimala Nagar,Parimala Nagar,Hyderabad,Telangana
17.4827356,78.5601765,Prashanti Nagar,Prashanti Nagar,Hyderabad,Telangana
17.4892154,78.5424889,Sainikpuri,Sainikpuri,Hyderabad,Telangana
17.4828598,78.5339636,Saptagiri Colony,Saptagiri Colony,Hyderabad,Telangana
17.4793548,78.5446448,Shiva Nagar Colony,Shiva Nagar Colony,Hyderabad,Telangana
17.4821588,78.5402351,Sri Colony,Sri Colony,Hyderabad,Telangana
17.4847218,78.5641207,Sri Ram Naga,Sri Ram Naga,Hyderabad,Telangana
17.4852432,78.5436649,Vayupuri,Vayupuri,Hyderabad,Telangana
17.4840281,78.553905,Vijayapuri,Vijayapuri,Hyderabad,Telangana
17.4874776,78.5767581,Bharat Nagar Colony,Bharat Nagar Colony,Hyderabad,Telangana
17.4905744,78.5749363,GR Reddy Nagar,GR Reddy Nagar,Hyderabad,Telangana
17.4880101,78.5726444,Jai Jawan Nagar,Jai Jawan Nagar,Hyderabad,Telangana
17.4825451,78.5726444,Kushaiguda,Kushaiguda,Hyderabad,Telangana
17.480275,78.5843096,Nagarjuna Nagar Colony,Nagarjuna Nagar Colony,Hyderabad,Telangana
17.479182,78.5777571,Sai Nagar,Sai Nagar,Hyderabad,Telangana
17.4980849,78.5809011,Sairam Nagar,Sairam Nagar,Hyderabad,Telangana
17.4956748,78.575906,Saket,Saket,Hyderabad,Telangana
17.482349,78.580431,Shiva Sai Nagar,Shiva Sai Nagar,Hyderabad,Telangana
17.4932648,78.5810774,Sri Datta Nagar Colony,Sri Datta Nagar Colony,Hyderabad,Telangana
17.4883044,78.5838982,Sri Vasavi Siva Nagar Colony,Sri Vasavi Siva Nagar Colony,Hyderabad,Telangana
17.4717411,78.3386885,Ravi Colony,Ravi Colony,Hyderabad,Telangana
17.4693389,78.332565,Sudarshan Nagar Colony,Sudarshan Nagar Colony,Hyderabad,Telangana
17.4654929,78.34851,Gouthami Colony,Gouthami Colony,Hyderabad,Telangana
17.4681506,78.3725279,Izzat Nagar,Izzat Nagar,Hyderabad,Telangana
17.4666737,78.3797208,Khanmet,Khanmet,Hyderabad,Telangana
17.458705,78.3638803,Kothaguda,Kothaguda,Hyderabad,Telangana
17.4670374,78.3415168,Masjid Banda,Masjid Banda,Hyderabad,Telangana
17.4719845,78.3622726,Raghavendra Colony,Raghavendra Colony,Hyderabad,Telangana
17.470652,78.3526095,Raja Rajeshwari Nagar,Raja Rajeshwari Nagar,Hyderabad,Telangana
17.4543363,78.36589,Whitefields,Whitefields,Hyderabad,Telangana
17.4728589,78.3889642,APHB Colony,APHB Colony,Hyderabad,Telangana
17.4565793,78.4095538,Allapur,Allapur,Hyderabad,Telangana
17.4554136,78.3897177,Chanda Naik Thanda,Chanda Naik Thanda,Hyderabad,Telangana
17.4566764,78.4035867,Gayatri Nagar,Gayatri Nagar,Hyderabad,Telangana
17.4667202,78.3999819,Khaitalpur,Khaitalpur,Hyderabad,Telangana
17.4569679,78.413464,Kottur Sitaiah Nagar,Kottur Sitaiah Nagar,Hyderabad,Telangana
17.456657,78.3996561,Parvatha Nagar,Parvatha Nagar,Hyderabad,Telangana
17.4607756,78.4108164,Satadar Nagar,Satadar Nagar,Hyderabad,Telangana
17.4592214,78.402548,Vivekananda,Vivekananda,Hyderabad,Telangana
17.455426,78.4314471,Banjara Nagar,Banjara Nagar,Hyderabad,Telangana
17.468458,78.4320985,Bhavani Nagar,Bhavani Nagar,Hyderabad,Telangana
17.4581554,78.4513374,Fateh Nagar,Fateh Nagar,Hyderabad,Telangana
17.4706202,78.4549375,HAL Township,HAL Township,Hyderabad,Telangana
17.4743995,78.4173741,Habeeb Nagar,Habeeb Nagar,Hyderabad,Telangana
17.4685307,78.4206695,Moosapet,Moosapet,Hyderabad,Telangana
17.4579918,78.4241744,Panduranga Rao Colony,Panduranga Rao Colony,Hyderabad,Telangana
17.455125,78.4184011,Ramarao Nagar,Ramarao Nagar,Hyderabad,Telangana
17.458537,78.4199076,Rana Pratap Nagar,Rana Pratap Nagar,Hyderabad,Telangana
17.4681491,78.4242316,Sardar Patel Nagar,Sardar Patel Nagar,Hyderabad,Telangana
17.4547756,78.4517945,Shastri Nagar,Shastri Nagar,Hyderabad,Telangana
17.4762527,78.4288794,Sriram Nagar,Sriram Nagar,Hyderabad,Telangana
17.4564907,78.4770568,Bhavani Nagar,Bhavani Nagar,Hyderabad,Telangana
17.4704549,78.4796614,Dubai Gate,Dubai Gate,Hyderabad,Telangana
17.4646179,78.4616333,Ferozguda,Ferozguda,Hyderabad,Telangana
17.4608462,78.4589032,Gautham Nagar,Gautham Nagar,Hyderabad,Telangana
17.4683297,78.485153,Manovikas Nagar,Manovikas Nagar,Hyderabad,Telangana
17.4633008,78.4817011,Padmavathi Colony,Padmavathi Colony,Hyderabad,Telangana
17.4689433,78.4570047,Raju Colony,Raju Colony,Hyderabad,Telangana
17.4600978,78.4872869,Sikh Village,Sikh Village,Hyderabad,Telangana
17.4569397,78.4831446,Tar Bund,Tar Bund,Hyderabad,Telangana
17.4611306,78.4716908,Vayu Nagar,Vayu Nagar,Hyderabad,Telangana
17.4656955,78.4561104,Vinayak Nagar,Vinayak Nagar,Hyderabad,Telangana
17.4590352,78.4911624,Wahab Nagar,Wahab Nagar,Hyderabad,Telangana
17.465481,78.4939068,AWHO Colony,AWHO Colony,Hyderabad,Telangana
17.45447,78.5241102,Addagutta,Addagutta,Hyderabad,Telangana
17.4710561,78.4932292,Anjaiah Nagar,Anjaiah Nagar,Hyderabad,Telangana
17.4779843,78.5065702,Chinna Kamala,Chinna Kamala,Hyderabad,Telangana
17.4755201,78.4999208,Durga Vihar Colony,Durga Vihar Colony,Hyderabad,Telangana
17.4539263,78.527344,Gowtham Nagar,Gowtham Nagar,Hyderabad,Telangana
17.4586533,78.5019114,Kakaguda,Kakaguda,Hyderabad,Telangana
17.4556232,78.508836,Lalitha Nagar,Lalitha Nagar,Hyderabad,Telangana
17.4528643,78.5195537,Mahendra Hills,Mahendra Hills,Hyderabad,Telangana
17.4578857,78.4972315,P&T Colony,P&T Colony,Hyderabad,Telangana
17.4744091,78.503669,Pedda Kamala,Pedda Kamala,Hyderabad,Telangana
17.4747727,78.4971256,RTC Officers Colony,RTC Officers Colony,Hyderabad,Telangana
17.4721064,78.5060831,SBH Colony,SBH Colony,Hyderabad,Telangana
17.4746717,78.5069513,Tirumalagiri,Tirumalagiri,Hyderabad,Telangana
17.4577645,78.5302663,Uttam Nagar,Uttam Nagar,Hyderabad,Telangana
17.4545727,78.5045161,Vijayapuri Colony,Vijayapuri Colony,Hyderabad,Telangana
17.4551989,78.5000903,Vikrampuri,Vikrampuri,Hyderabad,Telangana
17.4591751,78.5628533,APHB Colony,APHB Colony,Hyderabad,Telangana
17.4560263,78.5586695,APIIC Colony,APIIC Colony,Hyderabad,Telangana
17.456628,78.5431747,Anand Bagh,Anand Bagh,Hyderabad,Telangana
17.4752389,78.5593213,Anupuram,Anupuram,Hyderabad,Telangana
17.4599973,78.5340922,Chanakyapuri,Chanakyapuri,Hyderabad,Telangana
17.4699446,78.5689924,DAE Colony,DAE Colony,Hyderabad,Telangana
17.4641087,78.5342394,Dayanand Nagar,Dayanand Nagar,Hyderabad,Telangana
17.4707267,78.5438685,West Deen Dayal Nagar,West Deen Dayal Nagar,Hyderabad,Telangana
17.471188,78.5595525,Gandhi Nagar,Gandhi Nagar,Hyderabad,Telangana
17.4629856,78.5413456,Ganesh Nagar,Ganesh Nagar,Hyderabad,Telangana
17.4746373,78.5542334,Geetha Nagar,Geetha Nagar,Hyderabad,Telangana
17.4704259,78.5647875,Green Hills Colony,Green Hills Colony,Hyderabad,Telangana
17.4558057,78.566932,Mangapuram Colony,Mangapuram Colony,Hyderabad,Telangana
17.4594959,78.5665115,Laxmi Nagar,Laxmi Nagar,Hyderabad,Telangana
17.4539405,78.5454873,Mirzalguda,Mirzalguda,Hyderabad,Telangana
17.470446,78.5360054,Neredmet,Neredmet,Hyderabad,Telangana
17.4580319,78.5595946,Parisrama Nagar,Parisrama Nagar,Hyderabad,Telangana
17.4573441,78.5346295,R.K. Nagar,R.K. Nagar,Hyderabad,Telangana
17.4749782,78.5376874,Ramakrishnapuram,Ramakrishnapuram,Hyderabad,Telangana
17.4665153,78.5398739,Safilguda,Safilguda,Hyderabad,Telangana
17.4667158,78.5355849,Sai Ram Nagar,Sai Ram Nagar,Hyderabad,Telangana
17.4674378,78.5424809,Santoshi Mata Colony,Santoshi Mata Colony,Hyderabad,Telangana
17.4585934,78.5467908,Anantha Saraswati Nagar,Anantha Saraswati Nagar,Hyderabad,Telangana
17.4549032,78.5393903,Vishnupuri Colony,Vishnupuri Colony,Hyderabad,Telangana
17.462147,78.5921097,BN Reddy Nagar,BN Reddy Nagar,Hyderabad,Telangana
17.4687455,78.6024858,Cherlapally,Cherlapally,Hyderabad,Telangana
17.4622925,78.6006548,EC Nagar Colony,EC Nagar Colony,Hyderabad,Telangana
17.4750526,78.6009854,Mint Township,Mint Township,Hyderabad,Telangana
17.4611766,78.6051307,Railway Colony,Railway Colony,Hyderabad,Telangana
17.4473499,78.3589746,Anjaiah Nagar,Anjaiah Nagar,Hyderabad,Telangana
17.4331364,78.3668158,Telecom Nagar,Telecom Nagar,Hyderabad,Telangana
17.4495419,78.3904478,Ayyappa Society Colony,Ayyappa Society Colony,Hyderabad,Telangana
17.45167,78.415421,Borabanda,Borabanda,Hyderabad,Telangana
17.4495464,78.4022018,Guttala Begumpet,Guttala Begumpet,Hyderabad,Telangana
17.4498731,78.4166881,Habeeb Fathima Nagar,Habeeb Fathima Nagar,Hyderabad,Telangana
17.4508058,78.3834535,HITEC City,HITEC City,Hyderabad,Telangana
17.4308362,78.4102882,Jubilee Hills,Jubilee Hills,Hyderabad,Telangana
17.4385198,78.3944107,Kavuri Hills,Kavuri Hills,Hyderabad,Telangana
17.4511799,78.4073731,Peddamma Nagar,Peddamma Nagar,Hyderabad,Telangana
17.4373128,78.4150472,Gayatri Hills,Gayatri Hills,Hyderabad,Telangana
17.4356725,78.41828,Hylam Colony,Hylam Colony,Hyderabad,Telangana
17.4456259,78.4186402,NSC Bose Nagar,NSC Bose Nagar,Hyderabad,Telangana
17.4487999,78.4356074,Erragadda,Erragadda,Hyderabad,Telangana
17.4330523,78.4246746,Krishna Nagar,Krishna Nagar,Hyderabad,Telangana
17.4386754,78.4390961,Madhura Nagar,Madhura Nagar,Hyderabad,Telangana
17.4350552,78.4360971,Padala Ramareddy Colony,Padala Ramareddy Colony,Hyderabad,Telangana
17.4358389,78.4231099,Police Colony,Police Colony,Hyderabad,Telangana
17.4334877,78.4305684,Prashant Nagar,Prashant Nagar,Hyderabad,Telangana
17.4452312,78.4449117,SR Nagar,SR Nagar,Hyderabad,Telangana
17.4522594,78.4446705,Sanath Nagar,Sanath Nagar,Hyderabad,Telangana
17.4402595,78.4451055,Srinivas Nagar,Srinivas Nagar,Hyderabad,Telangana
17.442681,78.4354451,Vengal Rao Nagar,Vengal Rao Nagar,Hyderabad,Telangana
17.4331269,78.4212974,Venkatagiri,Venkatagiri,Hyderabad,Telangana
17.4333135,78.4415476,Yellareddyguda,Yellareddyguda,Hyderabad,Telangana
17.4387499,78.4279866,Yousufguda,Yousufguda,Hyderabad,Telangana
17.4516287,78.4811209,Anna Nagar,Anna Nagar,Hyderabad,Telangana
17.4487925,78.4807561,Arjun Nagar,Arjun Nagar,Hyderabad,Telangana
17.4310869,78.4609841,BS Makta,BS Makta,Hyderabad,Telangana
17.4489143,78.4830907,Bolarum,Bolarum,Hyderabad,Telangana
17.4408926,78.4616772,Brahmanwadi,Brahmanwadi,Hyderabad,Telangana
17.4535775,78.4868846,Dattawadi,Dattawadi,Hyderabad,Telangana
17.4369339,78.4596162,Kundanbagh,Kundanbagh,Hyderabad,Telangana
17.4483053,78.4635833,Motilal Nehru Nagar,Motilal Nehru Nagar,Hyderabad,Telangana
17.4425252,78.4704161,Prakash Nagar,Prakash Nagar,Hyderabad,Telangana
17.4492486,78.4870866,Pratap Colony,Pratap Colony,Hyderabad,Telangana
17.4471569,78.4786038,Rasoolpura,Rasoolpura,Hyderabad,Telangana
17.4459214,78.4613033,Shyamlal Buildings,Shyamlal Buildings,Hyderabad,Telangana
17.4397094,78.4593791,Uma Nagar,Uma Nagar,Hyderabad,Telangana
17.4467567,78.4838203,Viman Nagar,Viman Nagar,Hyderabad,Telangana
17.4480122,78.4242031,AG Colony,AG Colony,Hyderabad,Telangana
17.4469233,78.4504513,Balkampet,Balkampet,Hyderabad,Telangana
17.4532496,78.4482165,Fateh Nagar,Fateh Nagar,Hyderabad,Telangana
17.4526549,78.4235034,Kalyan Nagar,Kalyan Nagar,Hyderabad,Telangana
17.4502697,78.4191336,MNR Puram,MNR Puram,Hyderabad,Telangana
17.4508069,78.422242,Moti Nagar,Moti Nagar,Hyderabad,Telangana
17.4555305,78.4420255,Shivaji Nagar,Shivaji Nagar,Hyderabad,Telangana
17.451559,78.4290446,Sultan Nagar,Sultan Nagar,Hyderabad,Telangana
17.4497502,78.4506526,Suprabhat Colony,Suprabhat Colony,Hyderabad,Telangana
17.4529103,78.5071161,Aswini Colony,Aswini Colony,Hyderabad,Telangana
17.4469418,78.5107535,East Marredpally,East Marredpally,Hyderabad,Telangana
17.4424103,78.5218414,Fateh Nagar,Fateh Nagar,Hyderabad,Telangana
17.445811,78.5279705,Fateh Nagar,Fateh Nagar,Hyderabad,Telangana
17.4482574,78.5331174,Fateh Nagar,Fateh Nagar,Hyderabad,Telangana
17.4472685,78.5264064,Gopal Nagar,Gopal Nagar,Hyderabad,Telangana
17.4331447,78.5298619,Lalaguda North,Lalaguda North,Hyderabad,Telangana
17.451259,78.5265519,Mallikarjuna Nagar,Mallikarjuna Nagar,Hyderabad,Telangana
17.4507936,78.5048972,Marredpally,Marredpally,Hyderabad,Telangana
17.4290496,78.5252424,Mettuguda,Mettuguda,Hyderabad,Telangana
17.4417163,78.5195135,Nandanar Nagar,Nandanar Nagar,Hyderabad,Telangana
17.4467683,78.5050064,Nehru Nagar,Nehru Nagar,Hyderabad,Telangana
17.4510018,78.4988955,Picket,Picket,Hyderabad,Telangana
17.4450129,78.5310987,Railway Colony,Railway Colony,Hyderabad,Telangana
17.4449088,78.5204956,Subash Nagar,Subash Nagar,Hyderabad,Telangana
17.4528756,78.5031513,Syndicate Bank Colony,Syndicate Bank Colony,Hyderabad,Telangana
17.443729,78.5121295,Tarakrama Nagar,Tarakrama Nagar,Hyderabad,Telangana
17.4495934,78.5154395,Trimurthy Colony,Trimurthy Colony,Hyderabad,Telangana
17.45121,78.5020964,West Marredpally,West Marredpally,Hyderabad,Telangana
17.4417398,78.5475568,Ambedkar Nagar,Ambedkar Nagar,Hyderabad,Telangana
17.44215,78.5671508,Annapurna Colony,Annapurna Colony,Hyderabad,Telangana
17.445382,78.5652082,Bhavani Nagar,Bhavani Nagar,Hyderabad,Telangana
17.4512269,78.5398352,Durga Nagar,Durga Nagar,Hyderabad,Telangana
17.43659,78.5711605,HCL Nagar,HCL Nagar,Hyderabad,Telangana
17.4310318,78.543481,Hanuman Nagar Colony,Hanuman Nagar Colony,Hyderabad,Telangana
17.4395123,78.5414124,Indira Nagar,Indira Nagar,Hyderabad,Telangana
17.4402975,78.5716963,KL Reddy Nagar,KL Reddy Nagar,Hyderabad,Telangana
17.4405722,78.5321477,Lalaguda,Lalaguda,Hyderabad,Telangana
17.4511764,78.5368997,Malkajgiri,Malkajgiri,Hyderabad,Telangana
17.4524567,78.5352209,Maruti Nagar,Maruti Nagar,Hyderabad,Telangana
17.4530431,78.5582441,Musi Nagar,Musi Nagar,Hyderabad,Telangana
17.4486664,78.5677884,NTR Nagar,NTR Nagar,Hyderabad,Telangana
17.4334996,78.5664247,Nacharam Industrial Area,Nacharam Industrial Area,Hyderabad,Telangana
17.4436547,78.541863,Prashanti Nagar,Prashanti Nagar,Hyderabad,Telangana
17.431149,78.5510181,Ram Reddy Colony,Ram Reddy Colony,Hyderabad,Telangana
17.4368969,78.5375062,Santhi Nagar,Santhi Nagar,Hyderabad,Telangana
17.4444865,78.5355493,Satya Reddy Colony,Satya Reddy Colony,Hyderabad,Telangana
17.4525351,78.5623404,Thirumala Nagar,Thirumala Nagar,Hyderabad,Telangana
17.4536681,78.5327426,Vani Nagar,Vani Nagar,Hyderabad,Telangana
17.4479673,78.5818227,Ashok Nagar,Ashok Nagar,Hyderabad,Telangana
17.4451921,78.5825057,Chandrapuri Colony,Chandrapuri Colony,Hyderabad,Telangana
17.4405369,78.5788551,Mallapur,Mallapur,Hyderabad,Telangana
17.439859,78.5738801,Nagalaxmi Nagar,Nagalaxmi Nagar,Hyderabad,Telangana
17.4506092,78.5825306,Nehru Nagar,Nehru Nagar,Hyderabad,Telangana
17.4450715,78.577219,Surya Nagar,Surya Nagar,Hyderabad,Telangana
17.4235174,78.3946164,BN Reddy Colony,BN Reddy Colony,Hyderabad,Telangana
17.4315806,78.3971784,CBI Colony,CBI Colony,Hyderabad,Telangana
17.419494,78.3798412,Chitrapuri Colony,Chitrapuri Colony,Hyderabad,Telangana
17.4116067,78.3840018,Janmabhoomi Colony,Janmabhoomi Colony,Hyderabad,Telangana
17.4149629,78.3708272,Janmabhoomi Colony,Janmabhoomi Colony,Hyderabad,Telangana
17.4172202,78.3656108,Khajaguda,Khajaguda,Hyderabad,Telangana
17.4225704,78.37887,Madhura Nagar Colony,Madhura Nagar Colony,Hyderabad,Telangana
17.4169044,78.398695,Nyaya Vihar,Nyaya Vihar,Hyderabad,Telangana
17.421479,78.4016482,Prashasan Nagar,Prashasan Nagar,Hyderabad,Telangana
17.4141743,78.3907158,Raidurg,Raidurg,Hyderabad,Telangana
17.4276762,78.3978043,Silent Valley Hills,Silent Valley Hills,Hyderabad,Telangana
17.4193641,78.3679258,Weaker Section Colony,Weaker Section Colony,Hyderabad,Telangana
17.4138031,78.3972025,Whisper Valley Colony,Whisper Valley Colony,Hyderabad,Telangana
17.4230862,78.4294655,BN Reddy Colony,BN Reddy Colony,Hyderabad,Telangana
17.4135701,78.4316659,Bhavani Nagar,Bhavani Nagar,Hyderabad,Telangana
17.4115794,78.4094296,Deen Dayal Nagar,Deen Dayal Nagar,Hyderabad,Telangana
17.4127418,78.4065246,Giani Zail Singh Nagar,Giani Zail Singh Nagar,Hyderabad,Telangana
17.4215256,78.4087407,Journalist Colony,Journalist Colony,Hyderabad,Telangana
17.4283777,78.4302433,Kamalapuri Colony,Kamalapuri Colony,Hyderabad,Telangana
17.4111027,78.4401236,Ministers Colony,Ministers Colony,Hyderabad,Telangana
17.4099635,78.431213,NBT Nagar,NBT Nagar,Hyderabad,Telangana
17.4236318,78.406941,Nandagiri Hills,Nandagiri Hills,Hyderabad,Telangana
17.4212681,78.4313632,Nandi Nagar,Nandi Nagar,Hyderabad,Telangana
17.431231,78.4337951,Srinagar Colony,Srinagar Colony,Hyderabad,Telangana
17.4113111,78.4061185,Tarakrama Nagar,Tarakrama Nagar,Hyderabad,Telangana
17.4111558,78.4263087,Venkateswara Colony,Venkateswara Colony,Hyderabad,Telangana
17.4131969,78.4537417,Anand Nagar,Anand Nagar,Hyderabad,Telangana
17.4096785,78.4570516,Chintal Basti,Chintal Basti,Hyderabad,Telangana
17.4245834,78.4500162,Dwarkapuri Colony,Dwarkapuri Colony,Hyderabad,Telangana
17.4183305,78.4537326,Irrum Manzil,Irrum Manzil,Hyderabad,Telangana
17.4152177,78.4440167,Gaffar Khan Colony,Gaffar Khan Colony,Hyderabad,Telangana
17.4142573,78.4419309,Gauri Shankar Nagar,Gauri Shankar Nagar,Hyderabad,Telangana
17.4219352,78.4395491,Green Valley,Green Valley,Hyderabad,Telangana
17.4220942,78.4636802,MS Makta,MS Makta,Hyderabad,Telangana
17.4275582,78.4471062,Nagarjuna Hills,Nagarjuna Hills,Hyderabad,Telangana
17.4093844,78.4466379,Sri Ram Nagar Colony,Sri Ram Nagar Colony,Hyderabad,Telangana
17.4185883,78.4423346,Vimal Nagar,Vimal Nagar,Hyderabad,Telangana
17.4090738,78.4866831,Aravinda Nagar,Aravinda Nagar,Hyderabad,Telangana
17.4201763,78.5081639,Bapu Nagar,Bapu Nagar,Hyderabad,Telangana
17.4286363,78.4969962,Boiguda,Boiguda,Hyderabad,Telangana
17.4315325,78.5071619,Chilkalguda,Chilkalguda,Hyderabad,Telangana
17.4180193,78.5049846,Dayara,Dayara,Hyderabad,Telangana
17.4094152,78.4800908,Gagan Mahal,Gagan Mahal,Hyderabad,Telangana
17.4123446,78.4899194,Gandhi Nagar,Gandhi Nagar,Hyderabad,Telangana
17.4128301,78.50734,Gemini Colony,Gemini Colony,Hyderabad,Telangana
17.409622,78.4910301,Jawahar Nagar,Jawahar Nagar,Hyderabad,Telangana
17.4279799,78.4901923,Jeera,Jeera,Hyderabad,Telangana
17.4162548,78.485716,Lower Tank Bund,Lower Tank Bund,Hyderabad,Telangana
17.4146753,78.5068215,Musheerabad,Musheerabad,Hyderabad,Telangana
17.4288453,78.5134584,Namala Gundu,Namala Gundu,Hyderabad,Telangana
17.4266232,78.5057671,Padma Rao Nagar,Padma Rao Nagar,Hyderabad,Telangana
17.4155855,78.5113023,Parsigutta,Parsigutta,Hyderabad,Telangana
17.4114232,78.5076081,Ram Nagar,Ram Nagar,Hyderabad,Telangana
17.4228249,78.5110752,Skandagiri,Skandagiri,Hyderabad,Telangana
17.4213133,78.5101544,Srinivasa Nagar,Srinivasa Nagar,Hyderabad,Telangana
17.4267266,78.5098294,Walker Town,Walker Town,Hyderabad,Telangana
17.4182415,78.5113365,Warasiguda,Warasiguda,Hyderabad,Telangana
17.41526,78.5014979,Zamistanpur,Zamistanpur,Hyderabad,Telangana
17.4095495,78.5130943,Adikmet,Adikmet,Hyderabad,Telangana
17.4286081,78.5489071,Karthikeya Nagar,Karthikeya Nagar,Hyderabad,Telangana
17.4175105,78.5169267,Boudha Nagar,Boudha Nagar,Hyderabad,Telangana
17.4114488,78.5453941,Brindavan Colony,Brindavan Colony,Hyderabad,Telangana
17.4228949,78.547949,HMT Nagar,HMT Nagar,Hyderabad,Telangana
17.4217003,78.5180844,Indira Nagar,Indira Nagar,Hyderabad,Telangana
17.4146865,78.5397653,Kakatiya Nagar,Kakatiya Nagar,Hyderabad,Telangana
17.4127491,78.5142121,Lalitha Nagar,Lalitha Nagar,Hyderabad,Telangana
17.4212052,78.5232341,Manikeshwari Nagar,Manikeshwari Nagar,Hyderabad,Telangana
17.4186669,78.5440368,Nagendra Nagar,Nagendra Nagar,Hyderabad,Telangana
17.425852,78.5220365,Ravindra Nagar,Ravindra Nagar,Hyderabad,Telangana
17.4120963,78.5435178,SS Nagar,SS Nagar,Hyderabad,Telangana
17.4261705,78.5454739,Snehapuri,Snehapuri,Hyderabad,Telangana
17.424976,78.516767,Sri Rayapatnam,Sri Rayapatnam,Hyderabad,Telangana
17.4145722,78.5455538,Vikrampuri,Vikrampuri,Hyderabad,Telangana
17.3942362,78.4183972,Akbarpura,Akbarpura,Hyderabad,Telangana
17.3985623,78.4079777,Aruna Colony,Aruna Colony,Hyderabad,Telangana
17.3915641,78.4337692,Ayodhya Nagar,Ayodhya Nagar,Hyderabad,Telangana
17.4033973,78.4068348,Aziz Bagh,Aziz Bagh,Hyderabad,Telangana
17.3963671,78.4184581,Balreddy Nagar,Balreddy Nagar,Hyderabad,Telangana
17.3916368,78.4019584,Banjara Darwaza,Banjara Darwaza,Hyderabad,Telangana
17.4047477,78.4104274,Brindavan Colony,Brindavan Colony,Hyderabad,Telangana
17.3903098,78.4151971,Dargah Nagar,Dargah Nagar,Hyderabad,Telangana
17.4025665,78.4148085,Deluxe Colony,Deluxe Colony,Hyderabad,Telangana
17.3970355,78.4117493,Hans Nagar Colony,Hans Nagar Colony,Hyderabad,Telangana
17.3945088,78.4259213,Kakatiya Nagar,Kakatiya Nagar,Hyderabad,Telangana
17.3978353,78.4139018,Neeraj Colony,Neeraj Colony,Hyderabad,Telangana
17.3934182,78.4321692,P&T Colony,P&T Colony,Hyderabad,Telangana
17.3907279,78.4294643,Padmanabha Nagar,Padmanabha Nagar,Hyderabad,Telangana
17.4018341,78.4037871,Arvind Nagar Colony,Arvind Nagar Colony,Hyderabad,Telangana
17.3898918,78.4013489,Resham Bagh,Resham Bagh,Hyderabad,Telangana
17.3937454,78.4289691,Rethibowli,Rethibowli,Hyderabad,Telangana
17.3896736,78.4066062,Risala Bazaar,Risala Bazaar,Hyderabad,Telangana
17.3946906,78.4221116,Salarjung Colony,Salarjung Colony,Hyderabad,Telangana
17.3988532,78.4030632,Samatha Colony,Samatha Colony,Hyderabad,Telangana
17.4055474,78.4320663,Syed Nagar,Syed Nagar,Hyderabad,Telangana
17.3962357,78.4047014,Vali Colony,Vali Colony,Hyderabad,Telangana
17.4083465,78.4242184,Venkateswara Colony,Venkateswara Colony,Hyderabad,Telangana
17.3983442,78.4209878,Yousufain Hills,Yousufain Hills,Hyderabad,Telangana
17.4137645,78.5679641,Adarsh Nagar,Adarsh Nagar,Hyderabad,Telangana
17.4116345,78.5718499,Amrutha Colony,Amrutha Colony,Hyderabad,Telangana
17.4142378,78.5724287,Balaji Hills Colony,Balaji Hills Colony,Hyderabad,Telangana
17.4200755,78.5827841,Boduppal,Boduppal,Hyderabad,Telangana
17.4183362,78.562408,Chilka Nagar,Chilka Nagar,Hyderabad,Telangana
17.4127784,78.5881995,East Hanuman Nagar,East Hanuman Nagar,Hyderabad,Telangana
17.4128967,78.5837349,Hanuman Nagar Colony,Hanuman Nagar Colony,Hyderabad,Telangana
17.4188399,78.5668911,New Hema Nagar,New Hema Nagar,Hyderabad,Telangana
17.4145534,78.5576293,Jaya Raghavendra Nagar,Jaya Raghavendra Nagar,Hyderabad,Telangana
17.4242958,78.5803865,Jyothi Nagar,Jyothi Nagar,Hyderabad,Telangana
17.4110091,78.556742,Kalyan Puri,Kalyan Puri,Hyderabad,Telangana
17.4146125,78.5621766,Kummari Kunta,Kummari Kunta,Hyderabad,Telangana
17.4293838,78.5822881,Maruthi Nagar,Maruthi Nagar,Hyderabad,Telangana
17.4348266,78.5781955,Padmavathi Colony,Padmavathi Colony,Hyderabad,Telangana
17.4212588,78.5779474,Sai Divya Colony,Sai Divya Colony,Hyderabad,Telangana
17.4107272,78.5658971,Sai Ganesh Nagar,Sai Ganesh Nagar,Hyderabad,Telangana
17.4164861,78.5860499,Sri Lakshmi Nagar Colony,Sri Lakshmi Nagar Colony,Hyderabad,Telangana
17.40911,78.5741236,Srinivasa Colony,Srinivasa Colony,Hyderabad,Telangana
17.4171896,78.5813168,Srinivasa Nagar Colony,Srinivasa Nagar Colony,Hyderabad,Telangana
17.4182611,78.5714779,Surya Hills,Surya Hills,Hyderabad,Telangana
17.391189,78.3886329,Alijapur,Alijapur,Hyderabad,Telangana
17.3940158,78.3717906,Alkapur Township,Alkapur Township,Hyderabad,Telangana
17.3889345,78.3864847,Baba Colony,Baba Colony,Hyderabad,Telangana
17.3931678,78.3833856,Bharat Nagar,Bharat Nagar,Hyderabad,Telangana
17.3995885,78.3961654,Gulshan Colony,Gulshan Colony,Hyderabad,Telangana
17.3986193,78.3906642,Jaihind Nagar Colony,Jaihind Nagar Colony,Hyderabad,Telangana
17.4037073,78.3766148,Manikonda,Manikonda,Hyderabad,Telangana
17.3915187,78.3598924,Narsingi,Narsingi,Hyderabad,Telangana
17.3915525,78.375176,Neknampur,Neknampur,Hyderabad,Telangana
17.4037027,78.3934473,OU Staff Colony,OU Staff Colony,Hyderabad,Telangana
17.3959138,78.3756838,Puppalguda,Puppalguda,Hyderabad,Telangana
17.4002346,78.3792385,Secretariat Employees Colony,Secretariat Employees Colony,Hyderabad,Telangana
17.4057955,78.4006536,Shaikpet,Shaikpet,Hyderabad,Telangana
17.4003961,78.3862208,Srinagar Colony,Srinagar Colony,Hyderabad,Telangana
17.4024036,78.3884239,Tana shah Nagar,Tana shah Nagar,Hyderabad,Telangana
17.3998771,78.4580506,AC Guards,AC Guards,Hyderabad,Telangana
17.4058387,78.4711355,Adarsh Nagar,Adarsh Nagar,Hyderabad,Telangana
17.389178,78.4652731,Aghapura,Aghapura,Hyderabad,Telangana
17.404066,78.4442286,Ahmed Nagar,Ahmed Nagar,Hyderabad,Telangana
17.3932822,78.4633303,Bazaar Ghat,Bazaar Ghat,Hyderabad,Telangana
17.4061888,78.4449701,Bhola Nagar,Bhola Nagar,Hyderabad,Telangana
17.4025943,78.4457413,Ex Service Men Colony,Ex Service Men Colony,Hyderabad,Telangana
17.3990109,78.4732638,Fateh Maidan,Fateh Maidan,Hyderabad,Telangana
17.3879203,78.4371165,Gudimalkapur,Gudimalkapur,Hyderabad,Telangana
17.3885063,78.4598926,Habeeb Nagar,Habeeb Nagar,Hyderabad,Telangana
17.4043491,78.4720803,Hill Fort,Hill Fort,Hyderabad,Telangana
17.397111,78.4447655,Humayun Nagar,Humayun Nagar,Hyderabad,Telangana
17.3920529,78.4513242,Indira Nagar,Indira Nagar,Hyderabad,Telangana
17.405368,78.4599489,Lakdi-ka-pul,Lakdi-ka-pul,Hyderabad,Telangana
17.3920728,78.4546129,Mallepally,Mallepally,Hyderabad,Telangana
17.4029622,78.450754,Masab Tank,Masab Tank,Hyderabad,Telangana
17.3881185,78.4436716,Murad Nagar,Murad Nagar,Hyderabad,Telangana
17.3880902,78.4517987,Nataraj nagar,Nataraj nagar,Hyderabad,Telangana
17.4033868,78.4463049,Owaisipura,Owaisipura,Hyderabad,Telangana
17.3982921,78.4642498,Red Hills,Red Hills,Hyderabad,Telangana
17.4047878,78.4658367,Saifabad,Saifabad,Hyderabad,Telangana
17.3999903,78.4546396,Shanti Nagar,Shanti Nagar,Hyderabad,Telangana
17.3884988,78.4462402,Syed Ali Guda,Syed Ali Guda,Hyderabad,Telangana
17.3959788,78.4474053,Venkatadri Colony,Venkatadri Colony,Hyderabad,Telangana
17.3981865,78.452685,Vijay Nagar Colony,Vijay Nagar Colony,Hyderabad,Telangana
17.405826,78.4902601,Ashok Nagar,Ashok Nagar,Hyderabad,Telangana
17.3882156,78.4884283,Badi Chowdi,Badi Chowdi,Hyderabad,Telangana
17.3974359,78.4979706,Bagh Lingampally,Bagh Lingampally,Hyderabad,Telangana
17.3926121,78.4969683,Barkatpura,Barkatpura,Hyderabad,Telangana
17.4053896,78.4776447,Basheer Bagh,Basheer Bagh,Hyderabad,Telangana
17.3892812,78.4807418,Boggulakunta,Boggulakunta,Hyderabad,Telangana
17.3898361,78.4914034,Chappal Bazaar,Chappal Bazaar,Hyderabad,Telangana
17.400939,78.4976319,Chikkadpally,Chikkadpally,Hyderabad,Telangana
17.4078455,78.4850003,Domalguda,Domalguda,Hyderabad,Telangana
17.3901064,78.5083605,Golnaka,Golnaka,Hyderabad,Telangana
17.3954622,78.4763578,Gun Foundry,Gun Foundry,Hyderabad,Telangana
17.4039678,78.483456,Himayat Nagar,Himayat Nagar,Hyderabad,Telangana
17.4012791,78.4804894,Hyderguda,Hyderguda,Hyderabad,Telangana
17.3923945,78.4916581,Lingampally,Lingampally,Hyderabad,Telangana
17.3975005,78.50557,Nallakunta,Nallakunta,Hyderabad,Telangana
17.3981159,78.4885006,Narayanguda,Narayanguda,Hyderabad,Telangana
17.3900289,78.5032942,Nehru Nagar,Nehru Nagar,Hyderabad,Telangana
17.3959752,78.5092275,New Nallakunta,New Nallakunta,Hyderabad,Telangana
17.4016628,78.5063421,Padma Colony,Padma Colony,Hyderabad,Telangana
17.3926527,78.4860666,Ramkote,Ramkote,Hyderabad,Telangana
17.3938165,78.5026576,Ratna Nagar,Ratna Nagar,Hyderabad,Telangana
17.3891757,78.5057326,Santhi Nagar,Santhi Nagar,Hyderabad,Telangana
17.3877537,78.5008559,Sunder Nagar,Sunder Nagar,Hyderabad,Telangana
17.3926401,78.5083876,Tilak Nagar,Tilak Nagar,Hyderabad,Telangana
17.3870815,78.5109072,Zinda Tilismath Nagar,Zinda Tilismath Nagar,Hyderabad,Telangana
17.3929176,78.5238162,Akash Nagar,Akash Nagar,Hyderabad,Telangana
17.3926925,78.5421511,Arvinda Nagar,Arvinda Nagar,Hyderabad,Telangana
17.3949618,78.5286361,Bapu Nagar,Bapu Nagar,Hyderabad,Telangana
17.3950455,78.517973,Bharat Nagar,Bharat Nagar,Hyderabad,Telangana
17.3995625,78.514912,Central Excise Colony,Central Excise Colony,Hyderabad,Telangana
17.3914696,78.5266278,Chenna Reddy Nagar,Chenna Reddy Nagar,Hyderabad,Telangana
17.3890185,78.5481154,Church Colony,Church Colony,Hyderabad,Telangana
17.4020016,78.5184463,DD Colony,DD Colony,Hyderabad,Telangana
17.3897966,78.5434601,TV Colony,TV Colony,Hyderabad,Telangana
17.3895785,78.5327669,Endowment Colony,Endowment Colony,Hyderabad,Telangana
17.4074837,78.542487,Gandhi Nagar Colony,Gandhi Nagar Colony,Hyderabad,Telangana
17.3897746,78.5426289,Gandhi Nagar,Gandhi Nagar,Hyderabad,Telangana
17.3949126,78.531283,Gokhale Nagar,Gokhale Nagar,Hyderabad,Telangana
17.3954677,78.5399924,Indira Nagar,Indira Nagar,Hyderabad,Telangana
17.4053758,78.5442541,Lalitha Nagar,Lalitha Nagar,Hyderabad,Telangana
17.391247,78.5474211,Laxminarayana Colony,Laxminarayana Colony,Hyderabad,Telangana
17.3927046,78.531403,Madhura Nagar,Madhura Nagar,Hyderabad,Telangana
17.4057372,78.5407198,Maheshwari Nagar,Maheshwari Nagar,Hyderabad,Telangana
17.3979322,78.5393741,Nehru Nagar,Nehru Nagar,Hyderabad,Telangana
17.3995282,78.5417093,Pragati Nagar,Pragati Nagar,Hyderabad,Telangana
17.3899562,78.5127977,Qadri Bagh,Qadri Bagh,Hyderabad,Telangana
17.3913418,78.5340138,RTC Colony,RTC Colony,Hyderabad,Telangana
17.3965211,78.5222647,Ramakrishna Nagar,Ramakrishna Nagar,Hyderabad,Telangana
17.4084773,78.5397415,Ravindra Nagar,Ravindra Nagar,Hyderabad,Telangana
17.4019129,78.5440017,SS Nagar,SS Nagar,Hyderabad,Telangana
17.4023646,78.5381637,Sai Chitra Nagar,Sai Chitra Nagar,Hyderabad,Telangana
17.3909157,78.540668,Sri Nagar,Sri Nagar,Hyderabad,Telangana
17.3888332,78.5285942,Srinivasapuram Colony,Srinivasapuram Colony,Hyderabad,Telangana
17.4076643,78.5446644,VV Nagar,VV Nagar,Hyderabad,Telangana
17.3873426,78.5269652,Venkatareddy Nagar,Venkatareddy Nagar,Hyderabad,Telangana
17.4088534,78.5593158,Bank Colony,Bank Colony,Hyderabad,Telangana
17.4043645,78.563283,Beerappaguda,Beerappaguda,Hyderabad,Telangana
17.4046752,78.5826833,Bhagya Nagar Colony,Bhagya Nagar Colony,Hyderabad,Telangana
17.4043779,78.565733,Bharath Nagar,Bharath Nagar,Hyderabad,Telangana
17.4071213,78.5889754,Boudha Nagar,Boudha Nagar,Hyderabad,Telangana
17.4067125,78.5632555,Dharmapuri Colony,Dharmapuri Colony,Hyderabad,Telangana
17.4025849,78.5845942,Hanuman Nagar,Hanuman Nagar,Hyderabad,Telangana
17.3984736,78.5629481,Laxma Reddy Colony,Laxma Reddy Colony,Hyderabad,Telangana
17.4082331,78.5850137,Mallikarjuna Nagar,Mallikarjuna Nagar,Hyderabad,Telangana
17.4061779,78.5598445,Prashanth Nagar,Prashanth Nagar,Hyderabad,Telangana
17.3998888,78.5686826,Santhi Nagar,Santhi Nagar,Hyderabad,Telangana
17.3947626,78.559982,Saraswati Colony,Saraswati Colony,Hyderabad,Telangana
17.4054758,78.573921,Sri Sri Nagar Colony,Sri Sri Nagar Colony,Hyderabad,Telangana
17.3981591,78.55695,Survey Colony,Survey Colony,Hyderabad,Telangana
17.3953249,78.5602841,Surya Nagar,Surya Nagar,Hyderabad,Telangana
17.4025091,78.5612562,Uppal,Uppal,Hyderabad,Telangana
17.400329,78.5622231,Venkateswara Nagar,Venkateswara Nagar,Hyderabad,Telangana
17.4043804,78.5946518,Canara Nagar,Canara Nagar,Hyderabad,Telangana
17.3944676,78.5883689,Gayatri Nagar,Gayatri Nagar,Hyderabad,Telangana
17.408506,78.5952347,Kamala Nagar Colony,Kamala Nagar Colony,Hyderabad,Telangana
17.4075789,78.6005299,Medpally,Medpally,Hyderabad,Telangana
17.3916786,78.6049204,Parvathapuram,Parvathapuram,Hyderabad,Telangana
17.3945004,78.5925253,Peerzadiguda,Peerzadiguda,Hyderabad,Telangana
17.3974178,78.591323,Sai Nagar,Sai Nagar,Hyderabad,Telangana
17.4005486,78.595162,Sankar Nagar,Sankar Nagar,Hyderabad,Telangana
17.3658778,78.3952291,Bhagya Nagar Colony,Bhagya Nagar Colony,Hyderabad,Telangana
17.3819639,78.3817498,Ibrahim Bagh,Ibrahim Bagh,Hyderabad,Telangana
17.3674509,78.3896935,Madhavi Nagar,Madhavi Nagar,Hyderabad,Telangana
17.3731351,78.3946559,Ramdev Guda,Ramdev Guda,Hyderabad,Telangana
17.3824444,78.4364571,ASR Nagar,ASR Nagar,Hyderabad,Telangana
17.3672244,78.4307278,Attapur,Attapur,Hyderabad,Telangana
17.383904,78.4045995,Bada Bazaar,Bada Bazaar,Hyderabad,Telangana
17.3831766,78.4159472,Baghdad Colony,Baghdad Colony,Hyderabad,Telangana
17.3839683,78.430958,Balaji Nagar,Balaji Nagar,Hyderabad,Telangana
17.3837962,78.4090031,Chota Bazaar,Chota Bazaar,Hyderabad,Telangana
17.3811023,78.4108379,Fateh Darwaza,Fateh Darwaza,Hyderabad,Telangana
17.3736532,78.4212373,Hasan Nagar,Hasan Nagar,Hyderabad,Telangana
17.3865709,78.408128,Jinsi Bazaar,Jinsi Bazaar,Hyderabad,Telangana
17.3788061,78.4306087,Kanaka Durga Colony,Kanaka Durga Colony,Hyderabad,Telangana
17.3798362,78.4082409,Khair Complex,Khair Complex,Hyderabad,Telangana
17.3789299,78.4144708,Kishanguda,Kishanguda,Hyderabad,Telangana
17.3760887,78.4145681,Laxmi Nagar,Laxmi Nagar,Hyderabad,Telangana
17.3821968,78.4271855,Maruti Nagar,Maruti Nagar,Hyderabad,Telangana
17.3752819,78.4306686,Moghal Nagar,Moghal Nagar,Hyderabad,Telangana
17.385197,78.4096523,Mothi Darwaza,Mothi Darwaza,Hyderabad,Telangana
17.3756344,78.4170856,Prashant Nagar,Prashant Nagar,Hyderabad,Telangana
17.3645619,78.4239175,Radha Krishna Nagar,Radha Krishna Nagar,Hyderabad,Telangana
17.3767343,78.4111817,Saleh Nagar,Saleh Nagar,Hyderabad,Telangana
17.3676862,78.4157139,Sirimalle Nagar,Sirimalle Nagar,Hyderabad,Telangana
17.363838,78.4331791,Tejaswi Nagar,Tejaswi Nagar,Hyderabad,Telangana
17.3760082,78.4564809,Bangladeshi Colony,Bangladeshi Colony,Hyderabad,Telangana
17.3730788,78.4705549,Begum Bazaar,Begum Bazaar,Hyderabad,Telangana
17.3738134,78.4647791,Chudi Bazaar,Chudi Bazaar,Hyderabad,Telangana
17.383695,78.4659427,Dar Us Salaam,Dar Us Salaam,Hyderabad,Telangana
17.3776528,78.4486789,Dattattreya Nagar,Dattattreya Nagar,Hyderabad,Telangana
17.3721615,78.4605351,Dhoolpet,Dhoolpet,Hyderabad,Telangana
17.3789244,78.4736353,Feelkhana,Feelkhana,Hyderabad,Telangana
17.3636816,78.4652776,Ghansi Bazaar,Ghansi Bazaar,Hyderabad,Telangana
17.3763476,78.4622896,Ghode Ki Khabr,Ghode Ki Khabr,Hyderabad,Telangana
17.3805762,78.468846,Goshamahal,Goshamahal,Hyderabad,Telangana
17.3819519,78.4489041,HUDA Colony,HUDA Colony,Hyderabad,Telangana
17.3706835,78.4465806,Joshi Wadi,Joshi Wadi,Hyderabad,Telangana
17.3697185,78.4608234,Jummeraat Bazaar,Jummeraat Bazaar,Hyderabad,Telangana
17.3734894,78.4412105,Karwan Sahu,Karwan Sahu,Hyderabad,Telangana
17.3798928,78.4442927,Mahboob Colony,Mahboob Colony,Hyderabad,Telangana
17.3787687,78.4604403,Mangalhat,Mangalhat,Hyderabad,Telangana
17.3648534,78.458002,Pardiwadi,Pardiwadi,Hyderabad,Telangana
17.3658038,78.4639056,Petlaburz,Petlaburz,Hyderabad,Telangana
17.3735645,78.4579982,Rahimpura,Rahimpura,Hyderabad,Telangana
17.3675424,78.4716509,Riqab Gunj,Riqab Gunj,Hyderabad,Telangana
17.3814314,78.4412342,Sarada Nagar,Sarada Nagar,Hyderabad,Telangana
17.3754199,78.4650636,Shah Inayat Gunj,Shah Inayat Gunj,Hyderabad,Telangana
17.3813605,78.454182,Sibli Hills,Sibli Hills,Hyderabad,Telangana
17.3824044,78.4564199,Sitarambagh,Sitarambagh,Hyderabad,Telangana
17.3808567,78.4630472,Sitarampet,Sitarampet,Hyderabad,Telangana
17.377155,78.4399776,mehdipatnam,mehdipatnam,Hyderabad,Telangana
17.3780601,78.4442689,Tappa Chabutara,Tappa Chabutara,Hyderabad,Telangana
17.3826731,78.5105849,Afzal Nagar,Afzal Nagar,Hyderabad,Telangana
17.3734999,78.4763376,Afzalgunj,Afzalgunj,Hyderabad,Telangana
17.3652997,78.5080525,Akbarbagh,Akbarbagh,Hyderabad,Telangana
17.3717729,78.5043921,Anand Nagar Colony,Anand Nagar Colony,Hyderabad,Telangana
17.3703641,78.5105574,Andhra Colony,Andhra Colony,Hyderabad,Telangana
17.3761935,78.490874,Azampura,Azampura,Hyderabad,Telangana
17.3673732,78.4965799,Chanchalguda,Chanchalguda,Hyderabad,Telangana
17.367843,78.4871899,Dabeerpura,Dabeerpura,Hyderabad,Telangana
17.3693959,78.4788189,Dar-Ul-Shifa,Dar-Ul-Shifa,Hyderabad,Telangana
17.382942,78.4906795,Esamia Bazaar,Esamia Bazaar,Hyderabad,Telangana
17.377643,78.4787716,Gowliguda,Gowliguda,Hyderabad,Telangana
17.375943,78.482339,Imlibun,Imlibun,Hyderabad,Telangana
17.3764618,78.5008426,Jamal Colony,Jamal Colony,Hyderabad,Telangana
17.3835866,78.4774067,Jambagh,Jambagh,Hyderabad,Telangana
17.373927,78.4949819,Kala Daira,Kala Daira,Hyderabad,Telangana
17.3757435,78.487532,Kali Khabr,Kali Khabr,Hyderabad,Telangana
17.3749382,78.5038513,MCH Colony,MCH Colony,Hyderabad,Telangana
17.3845827,78.4943227,Nimboliadda,Nimboliadda,Hyderabad,Telangana
17.3706754,78.4842018,Noorkhan Bazaar,Noorkhan Bazaar,Hyderabad,Telangana
17.3707037,78.4997216,Officers Colony,Officers Colony,Hyderabad,Telangana
17.3787081,78.4988983,Old Malakpet,Old Malakpet,Hyderabad,Telangana
17.36713,78.4761582,Patthergatti,Patthergatti,Hyderabad,Telangana
17.3663487,78.4805382,Purani Haveli,Purani Haveli,Hyderabad,Telangana
17.3854031,78.4912526,Kutbiguda,Kutbiguda,Hyderabad,Telangana
17.3665116,78.4921003,Shah Colony,Shah Colony,Hyderabad,Telangana
17.3768805,78.5117854,Sri Nagar Colony,Sri Nagar Colony,Hyderabad,Telangana
17.3870437,78.4869648,Sultan Bazar,Sultan Bazar,Hyderabad,Telangana
17.3849929,78.4785324,Troop Bazaar,Troop Bazaar,Hyderabad,Telangana
17.3834935,78.503708,Wahed Nagar,Wahed Nagar,Hyderabad,Telangana
17.3829821,78.5161018,Annapurna Nagar,Annapurna Nagar,Hyderabad,Telangana
17.3687913,78.5137788,Asmangadh,Asmangadh,Hyderabad,Telangana
17.3832831,78.5203585,Azad Nagar,Azad Nagar,Hyderabad,Telangana
17.3673283,78.5185921,Bank Colony,Bank Colony,Hyderabad,Telangana
17.373017,78.5362644,Chaitanyapuri,Chaitanyapuri,Hyderabad,Telangana
17.3688679,78.5256198,Dilsukh Nagar,Dilsukh Nagar,Hyderabad,Telangana
17.373109,78.5255308,Bhavani Nagar,Bhavani Nagar,Hyderabad,Telangana
17.3776618,78.5166828,East Prasanthi Nagar,East Prasanthi Nagar,Hyderabad,Telangana
17.3636842,78.523971,Gaddiannaram,Gaddiannaram,Hyderabad,Telangana
17.3674575,78.525714,Lalitha Nagar,Lalitha Nagar,Hyderabad,Telangana
17.3686784,78.5414614,Laxmi Nagar Colony,Laxmi Nagar Colony,Hyderabad,Telangana
17.3666768,78.5221311,Madhurapuri,Madhurapuri,Hyderabad,Telangana
17.3645677,78.5447944,Margadarsi Colony,Margadarsi Colony,Hyderabad,Telangana
17.3721658,78.5385776,Maruti Nagar,Maruti Nagar,Hyderabad,Telangana
17.3743532,78.5160835,Moosarambagh,Moosarambagh,Hyderabad,Telangana
17.377512,78.5376858,New Maruti Nagar,New Maruti Nagar,Hyderabad,Telangana
17.3825308,78.527926,Patel Nagar,Patel Nagar,Hyderabad,Telangana
17.3754108,78.5355677,Phanigiri Colony,Phanigiri Colony,Hyderabad,Telangana
17.3856903,78.5228416,Police Colony,Police Colony,Hyderabad,Telangana
17.3702703,78.5429128,SBI Colony,SBI Colony,Hyderabad,Telangana
17.3734061,78.5121957,Saleem Nagar,Saleem Nagar,Hyderabad,Telangana
17.3707064,78.5225218,Salivahana Nagar,Salivahana Nagar,Hyderabad,Telangana
17.380477,78.5441332,Satya Nagar Colony,Satya Nagar Colony,Hyderabad,Telangana
17.370484,78.5486249,Telephone Colony,Telephone Colony,Hyderabad,Telangana
17.3645088,78.5178118,Tirumala Hill Colony,Tirumala Hill Colony,Hyderabad,Telangana
17.3659999,78.5482787,Vasavi Colony,Vasavi Colony,Hyderabad,Telangana
17.3754012,78.5313839,Vidyut Nagar,Vidyut Nagar,Hyderabad,Telangana
17.371462,78.5463882,Vijayapuri Colony,Vijayapuri Colony,Hyderabad,Telangana
17.3627254,78.5293456,Vivekananda Nagar,Vivekananda Nagar,Hyderabad,Telangana
17.3662342,78.5549781,Alkapuri,Alkapuri,Hyderabad,Telangana
17.3712325,78.5596239,Ananda Nagar,Ananda Nagar,Hyderabad,Telangana
17.3742153,78.5647202,Arunodaya Nagar,Arunodaya Nagar,Hyderabad,Telangana
17.3798314,78.5629463,BK Reddy Colony,BK Reddy Colony,Hyderabad,Telangana
17.3714879,78.5727265,Bandlaguda,Bandlaguda,Hyderabad,Telangana
17.3697136,78.5615927,Sri Ganesh Nagar Colony,Sri Ganesh Nagar Colony,Hyderabad,Telangana
17.3695664,78.551909,Income Tax Colony,Income Tax Colony,Hyderabad,Telangana
17.3701044,78.5748578,Indraprastha,Indraprastha,Hyderabad,Telangana
17.3765773,78.5717202,Keshava Nagar,Keshava Nagar,Hyderabad,Telangana
17.3665855,78.5715718,Mallikarjuna Nagar,Mallikarjuna Nagar,Hyderabad,Telangana
17.3809062,78.5596239,Mamatha Nagar,Mamatha Nagar,Hyderabad,Telangana
17.3654011,78.5601025,Sai Nagar,Sai Nagar,Hyderabad,Telangana
17.3777355,78.5560762,Samathapur,Samathapur,Hyderabad,Telangana
17.362595,78.5677093,Thyagaraja Nagar,Thyagaraja Nagar,Hyderabad,Telangana
17.3804199,78.5702561,Weaker Section Colony,Weaker Section Colony,Hyderabad,Telangana
17.3605458,78.3864155,Eastend Colony,Eastend Colony,Hyderabad,Telangana
17.3519169,78.4160309,Ashok Vihar,Ashok Vihar,Hyderabad,Telangana
17.3467372,78.4141612,Happy Homes Colony,Happy Homes Colony,Hyderabad,Telangana
17.3529663,78.3879418,Prasad Nagar,Prasad Nagar,Hyderabad,Telangana
17.3629167,78.3925128,Raghuram Nagar,Raghuram Nagar,Hyderabad,Telangana
17.3638597,78.3975233,Sun City,Sun City,Hyderabad,Telangana
17.3578485,78.3873863,Sri Venkateswara Colony,Sri Venkateswara Colony,Hyderabad,Telangana
17.3505952,78.3813081,Vikas Nagar,Vikas Nagar,Hyderabad,Telangana
17.3439889,78.420202,W Mahmood Nagar,W Mahmood Nagar,Hyderabad,Telangana
17.3613588,78.4434575,Asad Baba Nagar,Asad Baba Nagar,Hyderabad,Telangana
17.3539208,78.4352113,Awkhaf Colony,Awkhaf Colony,Hyderabad,Telangana
17.3570672,78.4545419,Bahadurpura,Bahadurpura,Hyderabad,Telangana
17.3578904,78.4328061,HUDA Colony,HUDA Colony,Hyderabad,Telangana
17.3448132,78.4273596,Imad Nagar,Imad Nagar,Hyderabad,Telangana
17.3528464,78.4264376,Khayyam Nagar,Khayyam Nagar,Hyderabad,Telangana
17.3575261,78.44485,Kishan Bagh,Kishan Bagh,Hyderabad,Telangana
17.3571861,78.447473,Kundetiguda,Kundetiguda,Hyderabad,Telangana
17.3557643,78.4430689,Mahmood Nagar,Mahmood Nagar,Hyderabad,Telangana
17.3491745,78.4277428,Mir Mahmood Colony,Mir Mahmood Colony,Hyderabad,Telangana
17.34237,78.4342865,Mohammed Nagar,Mohammed Nagar,Hyderabad,Telangana
17.3432664,78.4491829,Nabi Kareem Colony,Nabi Kareem Colony,Hyderabad,Telangana
17.3617606,78.4396038,Nandi Muslai Guda,Nandi Muslai Guda,Hyderabad,Telangana
17.3623778,78.4310366,Rambagh Colony,Rambagh Colony,Hyderabad,Telangana
17.3490777,78.4548177,Ramnaspura,Ramnaspura,Hyderabad,Telangana
17.3586698,78.4376284,Ranjeet Singh Nagar,Ranjeet Singh Nagar,Hyderabad,Telangana
17.3560116,78.4382437,Sikh Chwni,Sikh Chwni,Hyderabad,Telangana
17.3486936,78.4231173,Suleman Nagar,Suleman Nagar,Hyderabad,Telangana
17.344101,78.4539757,Tad Bun,Tad Bun,Hyderabad,Telangana
17.34563,78.4726799,Aliabad,Aliabad,Hyderabad,Telangana
17.356207,78.4841561,Aman Nagar Colony,Aman Nagar Colony,Hyderabad,Telangana
17.3431215,78.4828037,Ambika Nagar,Ambika Nagar,Hyderabad,Telangana
17.345924,78.4846691,Bhavani Nagar,Bhavani Nagar,Hyderabad,Telangana
17.3635321,78.4570115,Bhavani Nagar,Bhavani Nagar,Hyderabad,Telangana
17.3518433,78.4603915,Chandulal Baradari,Chandulal Baradari,Hyderabad,Telangana
17.3420099,78.4777649,Chatrinaka,Chatrinaka,Hyderabad,Telangana
17.360482,78.4574427,Devi Bagh,Devi Bagh,Hyderabad,Telangana
17.3561732,78.4623323,Doodhbowli,Doodhbowli,Hyderabad,Telangana
17.3512358,78.4911005,Edi Bazaar,Edi Bazaar,Hyderabad,Telangana
17.3534179,78.4648649,Fateh Darwaza,Fateh Darwaza,Hyderabad,Telangana
17.3485445,78.4921024,Colony kumarwadi,Colony kumarwadi,Hyderabad,Telangana
17.3643309,78.4681202,Ghansi Bazaar,Ghansi Bazaar,Hyderabad,Telangana
17.3462321,78.4799077,Gowlipura,Gowlipura,Hyderabad,Telangana
17.3412815,78.4812819,Hanuman Nagar,Hanuman Nagar,Hyderabad,Telangana
17.3503233,78.4758188,Hari Bowli,Hari Bowli,Hyderabad,Telangana
17.361886,78.4667506,Hussaini Alam,Hussaini Alam,Hyderabad,Telangana
17.3433524,78.4614644,Jahanuma,Jahanuma,Hyderabad,Telangana
17.3627575,78.4612724,Kabutarkhana,Kabutarkhana,Hyderabad,Telangana
17.3462332,78.4592832,Kala Pathar,Kala Pathar,Hyderabad,Telangana
17.3562115,78.4683744,Khilwat,Khilwat,Hyderabad,Telangana
17.3463862,78.4774507,Lal Darwaza,Lal Darwaza,Hyderabad,Telangana
17.3439255,78.4870307,Lalitabagh,Lalitabagh,Hyderabad,Telangana
17.3478489,78.4633336,Misri Gunj,Misri Gunj,Hyderabad,Telangana
17.3548779,78.4805937,Murad Mahal Colony,Murad Mahal Colony,Hyderabad,Telangana
17.3486115,78.475765,Murad Nagar,Murad Nagar,Hyderabad,Telangana
17.3605643,78.4880872,Murtaza Nagar,Murtaza Nagar,Hyderabad,Telangana
17.3633965,78.4885437,Nagar Bowli,Nagar Bowli,Hyderabad,Telangana
17.3592475,78.4610948,Osmanbagh,Osmanbagh,Hyderabad,Telangana
17.3623072,78.4869713,Patthar Kaman,Patthar Kaman,Hyderabad,Telangana
17.3666789,78.4592941,Purana Pul,Purana Pul,Hyderabad,Telangana
17.3531758,78.4678577,Qazipura,Qazipura,Hyderabad,Telangana
17.3589328,78.465584,Shah Gunj,Shah Gunj,Hyderabad,Telangana
17.3530537,78.4717538,Shah Ali Banda,Shah Ali Banda,Hyderabad,Telangana
17.3426523,78.4681147,Shamsher Gunj,Shamsher Gunj,Hyderabad,Telangana
17.3494709,78.469319,Shakkar Gunj,Shakkar Gunj,Hyderabad,Telangana
17.3410103,78.4873997,Sivaji Nagar,Sivaji Nagar,Hyderabad,Telangana
17.3413692,78.4696871,Sriram Nagar,Sriram Nagar,Hyderabad,Telangana
17.3498098,78.4805712,Sultan Shahi,Sultan Shahi,Hyderabad,Telangana
17.3510686,78.4708915,Syed Ali Chabutra,Syed Ali Chabutra,Hyderabad,Telangana
17.3540378,78.4850098,Talab Katta,Talab Katta,Hyderabad,Telangana
17.3586277,78.4858046,Yakutpura,Yakutpura,Hyderabad,Telangana
17.3527124,78.4918107,Zohra Bee Colony,Zohra Bee Colony,Hyderabad,Telangana
17.3475513,78.5450973,Bahadurguda,Bahadurguda,Hyderabad,Telangana
17.3421597,78.5457628,Bairamalguda,Bairamalguda,Hyderabad,Telangana
17.3452888,78.5332108,Bhagya Nagar Colony,Bhagya Nagar Colony,Hyderabad,Telangana
17.3476734,78.5538866,Bhoolaxmi Colony,Bhoolaxmi Colony,Hyderabad,Telangana
17.3488289,78.5598143,Central Bank Colony,Central Bank Colony,Hyderabad,Telangana
17.3606758,78.5601419,Chanakyapuri,Chanakyapuri,Hyderabad,Telangana
17.3609376,78.5480044,Dwarkapuri,Dwarkapuri,Hyderabad,Telangana
17.3490642,78.5396752,Goutami Nagar,Goutami Nagar,Hyderabad,Telangana
17.3410061,78.5329747,Karmanghat,Karmanghat,Hyderabad,Telangana
17.3478809,78.5364577,Lingojiguda,Lingojiguda,Hyderabad,Telangana
17.3541765,78.5652906,Mansoorabad,Mansoorabad,Hyderabad,Telangana
17.3574723,78.548152,NTR Nagar,NTR Nagar,Hyderabad,Telangana
17.3519767,78.5544293,RTC Colony,RTC Colony,Hyderabad,Telangana
17.3407891,78.5461009,Reddy Nagar,Reddy Nagar,Hyderabad,Telangana
17.3474719,78.560476,Saraswati Nagar Colony,Saraswati Nagar Colony,Hyderabad,Telangana
17.3564017,78.5318948,Saroor Nagar,Saroor Nagar,Hyderabad,Telangana
17.344452,78.5469569,Shalivahana Nagar,Shalivahana Nagar,Hyderabad,Telangana
17.3542887,78.5536423,Sivaganga Colony,Sivaganga Colony,Hyderabad,Telangana
17.3534864,78.5706023,South End Park,South End Park,Hyderabad,Telangana
17.3423096,78.5363989,Srinidhi Colony,Srinidhi Colony,Hyderabad,Telangana
17.3442548,78.5412895,Vijaynagar Colony,Vijaynagar Colony,Hyderabad,Telangana
17.3502574,78.5638931,Vinayak Nagar,Vinayak Nagar,Hyderabad,Telangana
17.3557256,78.5602248,Visalandhra Colony,Visalandhra Colony,Hyderabad,Telangana
17.3447506,78.5482155,Vivekananda Nagar,Vivekananda Nagar,Hyderabad,Telangana
17.3530399,78.5042707,Banu Nagar,Banu Nagar,Hyderabad,Telangana
17.3445706,78.5169717,Champapet,Champapet,Hyderabad,Telangana
17.3628489,78.4955274,Chawni,Chawni,Hyderabad,Telangana
17.3490903,78.5176507,Dhani Nagar,Dhani Nagar,Hyderabad,Telangana
17.3509196,78.5262746,Green Park Colony,Green Park Colony,Hyderabad,Telangana
17.343496,78.494252,Habeeb Nagar,Habeeb Nagar,Hyderabad,Telangana
17.3574391,78.5226661,Habib Nagar,Habib Nagar,Hyderabad,Telangana
17.3475814,78.500751,Jawahar Nagar Colony,Jawahar Nagar Colony,Hyderabad,Telangana
17.3607708,78.5024039,Kurmaguda,Kurmaguda,Hyderabad,Telangana
17.3559838,78.5097063,Lakshmi Nagar,Lakshmi Nagar,Hyderabad,Telangana
17.3537293,78.4986534,Laxmi Nagar,Laxmi Nagar,Hyderabad,Telangana
17.3585578,78.4971064,Madannapet,Madannapet,Hyderabad,Telangana
17.3494171,78.5219493,Mallareddy Nagar,Mallareddy Nagar,Hyderabad,Telangana
17.3443667,78.5087764,Maruti Nagar,Maruti Nagar,Hyderabad,Telangana
17.3433811,78.4979434,Mustafa Nagar,Mustafa Nagar,Hyderabad,Telangana
17.3589898,78.5285862,P&T Colony,P&T Colony,Hyderabad,Telangana
17.3679481,78.5487763,RK Puram,RK Puram,Hyderabad,Telangana
17.3432974,78.5286085,Raghavendra Nagar,Raghavendra Nagar,Hyderabad,Telangana
17.3472617,78.5145686,Rajireddy Nagar,Rajireddy Nagar,Hyderabad,Telangana
17.353058,78.4950133,Rein Bazaar,Rein Bazaar,Hyderabad,Telangana
17.3464403,78.5297003,Sai Nagar,Sai Nagar,Hyderabad,Telangana
17.3499427,78.5094618,Sanjeevaiah Nagar,Sanjeevaiah Nagar,Hyderabad,Telangana
17.3477116,78.5043699,Santosh Nagar,Santosh Nagar,Hyderabad,Telangana
17.3542605,78.5165272,Saraswati Colony,Saraswati Colony,Hyderabad,Telangana
17.3413088,78.5236119,Sikhara Colony,Sikhara Colony,Hyderabad,Telangana
17.3553711,78.5201784,Singareni Colony,Singareni Colony,Hyderabad,Telangana
17.3495407,78.532157,Tapovan Colony,Tapovan Colony,Hyderabad,Telangana
17.3450908,78.5226921,APSRTC OFFICERS COLONY,APSRTC OFFICERS COLONY,Hyderabad,Telangana
17.3515414,78.5111106,Vinay Nagar,Vinay Nagar,Hyderabad,Telangana
17.353691,78.4986534,Vivekananda Nagar,Vivekananda Nagar,Hyderabad,Telangana
17.342946,78.5785756,Auto Nagar,Auto Nagar,Hyderabad,Telangana
17.3413142,78.5737705,Vijayashree Colony,Vijayashree Colony,Hyderabad,Telangana
17.3345611,78.3941997,Bharath Nagar,Bharath Nagar,Hyderabad,Telangana
17.3198969,78.3973274,Hanuman Nagar,Hanuman Nagar,Hyderabad,Telangana
17.3351206,78.3926988,Kismatpur,Kismatpur,Hyderabad,Telangana
17.3221808,78.4294273,Adarsh Nagar,Adarsh Nagar,Hyderabad,Telangana
17.3368135,78.4101862,Bansilal Nagar,Bansilal Nagar,Hyderabad,Telangana
17.3263244,78.4210325,Bhavani Nagar,Bhavani Nagar,Hyderabad,Telangana
17.33298,78.406191,Budvel,Budvel,Hyderabad,Telangana
17.3246158,78.4311457,Indra Reddy Nagar,Indra Reddy Nagar,Hyderabad,Telangana
17.3257803,78.4359768,Mohan Reddy Nagar,Mohan Reddy Nagar,Hyderabad,Telangana
17.3382874,78.4321536,NTR Nagar,NTR Nagar,Hyderabad,Telangana
17.3256067,78.4177567,Premavathipet,Premavathipet,Hyderabad,Telangana
17.3200305,78.4020096,Rajendra Nagar,Rajendra Nagar,Hyderabad,Telangana
17.3334425,78.4040158,Sai Krishna Colony,Sai Krishna Colony,Hyderabad,Telangana
17.3280332,78.4020961,Teachers Colony,Teachers Colony,Hyderabad,Telangana
17.3328487,78.4273382,Weaker Section Colony,Weaker Section Colony,Hyderabad,Telangana
17.3344898,78.4583976,Achireddy Nagar,Achireddy Nagar,Hyderabad,Telangana
17.3272199,78.4714597,Al Jubail Colony,Al Jubail Colony,Hyderabad,Telangana
17.3263181,78.4677483,Ameena Nagar,Ameena Nagar,Hyderabad,Telangana
17.3331841,78.4617695,Bibi Ka Chasma,Bibi Ka Chasma,Hyderabad,Telangana
17.3400163,78.4653322,Char Chaman,Char Chaman,Hyderabad,Telangana
17.3463155,78.470358,Engine Bowli,Engine Bowli,Hyderabad,Telangana
17.333653,78.4677481,Falaknuma,Falaknuma,Hyderabad,Telangana
17.3279929,78.4659938,Farooq Nagar,Farooq Nagar,Hyderabad,Telangana
17.3359472,78.4549087,Gulzar Nagar,Gulzar Nagar,Hyderabad,Telangana
17.3356132,78.4507415,Habib Nagar,Habib Nagar,Hyderabad,Telangana
17.3385283,78.4437114,Hasan Nagar,Hasan Nagar,Hyderabad,Telangana
17.3240634,78.4698402,Hashmabad,Hashmabad,Hyderabad,Telangana
17.3202499,78.4656391,Hosnabad Colony,Hosnabad Colony,Hyderabad,Telangana
17.3230844,78.4726795,Indira Nagar,Indira Nagar,Hyderabad,Telangana
17.3357418,78.470218,Jangamet,Jangamet,Hyderabad,Telangana
17.3363725,78.466382,Madina Nagar,Madina Nagar,Hyderabad,Telangana
17.3200218,78.4460585,Mailardevpally,Mailardevpally,Hyderabad,Telangana
17.3318177,78.4581113,Mustafa Nagar,Mustafa Nagar,Hyderabad,Telangana
17.3397918,78.4578365,Nawab Saheb Kunta,Nawab Saheb Kunta,Hyderabad,Telangana
17.3308404,78.4383093,Raghavendra Nagar,Raghavendra Nagar,Hyderabad,Telangana
17.3387408,78.4533818,Rahmat Nagar,Rahmat Nagar,Hyderabad,Telangana
17.3341685,78.4436402,Rasheed Colony,Rasheed Colony,Hyderabad,Telangana
17.3342994,78.4726197,Ravindra Naik Nagar,Ravindra Naik Nagar,Hyderabad,Telangana
17.3209111,78.4579273,Roshan Colony,Roshan Colony,Hyderabad,Telangana
17.3411702,78.454469,Salaheen Colony,Salaheen Colony,Hyderabad,Telangana
17.3327514,78.4502307,Shastripuram,Shastripuram,Hyderabad,Telangana
17.3392935,78.4737879,Shivaji Nagar,Shivaji Nagar,Hyderabad,Telangana
17.3305423,78.4621512,Vattepally,Vattepally,Hyderabad,Telangana
17.33937,78.4865907,Ashok Nagar,Ashok Nagar,Hyderabad,Telangana
17.3366447,78.4894332,Baba Nagar,Baba Nagar,Hyderabad,Telangana
17.340193,78.4783413,Bhatji Nagar,Bhatji Nagar,Hyderabad,Telangana
17.3246955,78.4813558,Chandrayangutta,Chandrayangutta,Hyderabad,Telangana
17.3295631,78.478327,Gazia Milat Colony,Gazia Milat Colony,Hyderabad,Telangana
17.3359899,78.479088,Ghulam Murtaza Nagar,Ghulam Murtaza Nagar,Hyderabad,Telangana
17.3265375,78.4911022,Hafiz Baba Nagar,Hafiz Baba Nagar,Hyderabad,Telangana
17.3401943,78.5099445,Kanchan Bagh,Kanchan Bagh,Hyderabad,Telangana
17.3398048,78.4804829,Kandikal Gate,Kandikal Gate,Hyderabad,Telangana
17.3240367,78.4757583,Keshavgiri,Keshavgiri,Hyderabad,Telangana
17.3385627,78.482611,Krishna Reddy Nagar,Krishna Reddy Nagar,Hyderabad,Telangana
17.3227741,78.4870562,Maqbool Nagar,Maqbool Nagar,Hyderabad,Telangana
17.3349459,78.4845848,Naseeb Nagar,Naseeb Nagar,Hyderabad,Telangana
17.3336621,78.4858797,Phool Bagh,Phool Bagh,Hyderabad,Telangana
17.3400895,78.4755762,Rajanna Bowli,Rajanna Bowli,Hyderabad,Telangana
17.3398864,78.4944313,Rakshapuram,Rakshapuram,Hyderabad,Telangana
17.3416392,78.4991656,Riyasat Nagar,Riyasat Nagar,Hyderabad,Telangana
17.3363549,78.4837989,Sadath Nagar,Sadath Nagar,Hyderabad,Telangana
17.3301121,78.4807807,Tadla Kunta,Tadla Kunta,Hyderabad,Telangana
17.340814,78.4841834,Uppuguda,Uppuguda,Hyderabad,Telangana
17.3358627,78.5353649,Ambedkar Nagar,Ambedkar Nagar,Hyderabad,Telangana
17.3327351,78.5362116,Bhupesh Gupta Colony,Bhupesh Gupta Colony,Hyderabad,Telangana
17.3361438,78.539083,Ganesh Nagar,Ganesh Nagar,Hyderabad,Telangana
17.3329811,78.531021,Gayatri Nagar,Gayatri Nagar,Hyderabad,Telangana
17.3316081,78.5247077,Jillelaguda,Jillelaguda,Hyderabad,Telangana
17.3293979,78.5309012,Lalitha Nagar,Lalitha Nagar,Hyderabad,Telangana
17.3274211,78.5155159,Midhani Quarters,Midhani Quarters,Hyderabad,Telangana
17.3200746,78.5314154,Mirpet,Mirpet,Hyderabad,Telangana
17.3270748,78.5206951,Mithila Nagar,Mithila Nagar,Hyderabad,Telangana
17.3384982,78.5330825,Mythripuram,Mythripuram,Hyderabad,Telangana
17.3283496,78.53652,Nandanavanam Colony,Nandanavanam Colony,Hyderabad,Telangana
17.3217737,78.547415,agriculture colony,agriculture colony,Hyderabad,Telangana
17.3357479,78.5495929,Narayana Reddy Nagar,Narayana Reddy Nagar,Hyderabad,Telangana
17.335579,78.525628,Om Nagar,Om Nagar,Hyderabad,Telangana
17.3224602,78.5265737,Sarvodaya Colony,Sarvodaya Colony,Hyderabad,Telangana
17.3294358,78.54014,Sri Ramana Colony,Sri Ramana Colony,Hyderabad,Telangana
17.3216303,78.5563605,Venkateswara Colony,Venkateswara Colony,Hyderabad,Telangana
17.3356493,78.5277263,Vijaya Durga Nagar,Vijaya Durga Nagar,Hyderabad,Telangana
17.3379686,78.5198116,Virat Nagar,Virat Nagar,Hyderabad,Telangana
17.3416061,78.5629264,Agamaiah Nagar,Agamaiah Nagar,Hyderabad,Telangana
17.3297399,78.576716,Andhra Kesari Colony,Andhra Kesari Colony,Hyderabad,Telangana
17.3197609,78.5623061,BN Reddy Nagar,BN Reddy Nagar,Hyderabad,Telangana
17.3239429,78.5600237,Balaji Colony,Balaji Colony,Hyderabad,Telangana
17.3308303,78.586961,Bhagyalatha Colony,Bhagyalatha Colony,Hyderabad,Telangana
17.3198663,78.5586617,Chaitanya Nagar,Chaitanya Nagar,Hyderabad,Telangana
17.3441101,78.5636781,Chintalkunta,Chintalkunta,Hyderabad,Telangana
17.3280617,78.5570273,Christian Colony,Christian Colony,Hyderabad,Telangana
17.3241186,78.5728346,Gautham Nagar,Gautham Nagar,Hyderabad,Telangana
17.3295376,78.5512845,Hasthinapuram Central,Hasthinapuram Central,Hyderabad,Telangana
17.3329815,78.5512845,Hasthinapuram North,Hasthinapuram North,Hyderabad,Telangana
17.3267263,78.5545976,Hasthinapuram South,Hasthinapuram South,Hyderabad,Telangana
17.3312134,78.5839782,High Court Colony,High Court Colony,Hyderabad,Telangana
17.339322,78.5707675,Indira Nagar,Indira Nagar,Hyderabad,Telangana
17.328264,78.5770152,Kamala Nagar,Kamala Nagar,Hyderabad,Telangana
17.3254318,78.566579,NGOs Colony,NGOs Colony,Hyderabad,Telangana
17.332413,78.5570829,New Venkataramana Colony,New Venkataramana Colony,Hyderabad,Telangana
17.336601,78.5534564,Omkar Nagar,Omkar Nagar,Hyderabad,Telangana
17.3276623,78.5719299,Sachivalaya Nagar,Sachivalaya Nagar,Hyderabad,Telangana
17.3225355,78.574667,Saheb Nagar,Saheb Nagar,Hyderabad,Telangana
17.3277193,78.5921038,Subhadra Nagar,Subhadra Nagar,Hyderabad,Telangana
17.3198663,78.5693374,Vaidehi Nagar,Vaidehi Nagar,Hyderabad,Telangana
17.3303179,78.568278,Vanasthalipuram,Vanasthalipuram,Hyderabad,Telangana
17.3284477,78.595089,Padmavathi Nagar,Padmavathi Nagar,Hyderabad,Telangana
17.3305876,78.5996546,RTC Colony,RTC Colony,Hyderabad,Telangana
17.2988247,78.4175089,Gagan Pahad,Gagan Pahad,Hyderabad,Telangana
17.3111013,78.4070235,Police Quarters,Police Quarters,Hyderabad,Telangana
17.312664,78.446796,Durga Nagar,Durga Nagar,Hyderabad,Telangana
17.3026835,78.4398207,Katedan,Katedan,Hyderabad,Telangana
17.3059616,78.4486808,Laxmi Guda,Laxmi Guda,Hyderabad,Telangana
17.2933186,78.4422123,Madhuban Colony,Madhuban Colony,Hyderabad,Telangana
17.310972,78.4244546,Netaji Nagar,Netaji Nagar,Hyderabad,Telangana
17.3072433,78.4264684,Sri Rama Nagar,Sri Rama Nagar,Hyderabad,Telangana
17.3111141,78.4426471,Telangana NGOs Colony,Telangana NGOs Colony,Hyderabad,Telangana
17.3151109,78.4508236,Vinayak Nagar,Vinayak Nagar,Hyderabad,Telangana
17.3165718,78.4556388,Weaker Section Colony,Weaker Section Colony,Hyderabad,Telangana
17.314596,78.4701106,Bandlaguda,Bandlaguda,Hyderabad,Telangana
17.3116912,78.4838214,Barkas,Barkas,Hyderabad,Telangana
17.3053753,78.4760811,Errakunta,Errakunta,Hyderabad,Telangana
17.3039224,78.4677107,Ismail Nagar,Ismail Nagar,Hyderabad,Telangana
17.3123607,78.4630866,Jahangirabad,Jahangirabad,Hyderabad,Telangana
17.3158544,78.4828417,Maheshwaram Lines,Maheshwaram Lines,Hyderabad,Telangana
17.3169989,78.4623842,Moghuls Colony,Moghuls Colony,Hyderabad,Telangana
17.3164867,78.491368,Royal Colony,Royal Colony,Hyderabad,Telangana
17.3030983,78.4764239,Sadat Nagar,Sadat Nagar,Hyderabad,Telangana
17.3054873,78.487174,Salala Barkas,Salala Barkas,Hyderabad,Telangana
17.3083337,78.5330493,Almasguda,Almasguda,Hyderabad,Telangana
17.3096061,78.4999427,Balapur,Balapur,Hyderabad,Telangana
17.3178569,78.5270997,Lenin Nagar,Lenin Nagar,Hyderabad,Telangana
17.3110636,78.4972021,Raghuhomes Colony,Raghuhomes Colony,Hyderabad,Telangana
17.3124219,78.5111948,Subhodaya Nagar,Subhodaya Nagar,Hyderabad,Telangana
17.3118201,78.5330919,Udyog Nagar,Udyog Nagar,Hyderabad,Telangana
17.3166615,78.5647278,KDR Nagar,KDR Nagar,Hyderabad,Telangana
17.3118246,78.561331,Sagar Complex,Sagar Complex,Hyderabad,Telangana
17.2966334,78.5619315,Telecom Colony,Telecom Colony,Hyderabad,Telangana
17.2942063,78.5675261,Gurramguda,Gurramguda,Hyderabad,Telangana
17.3140832,78.5678347,Hariharapuram,Hariharapuram,Hyderabad,Telangana
17.2994314,78.5852848,Injapur,Injapur,Hyderabad,Telangana
17.2813916,78.4745705,Al-Jabri Colony,Al-Jabri Colony,Hyderabad,Telangana
17.2837111,78.4504161,Jalapally,Jalapally,Hyderabad,Telangana
17.2950894,78.4671454,Mustafa Hills,Mustafa Hills,Hyderabad,Telangana
17.2727242,78.4738893,Pahadi Sharif,Pahadi Sharif,Hyderabad,Telangana
17.2922011,78.4719121,Quba Colony,Quba Colony,Hyderabad,Telangana
17.2891517,78.4180447,Sathamrai,Sathamrai,Hyderabad,Telangana
17.2957145,78.4866307,Venkatapur,Venkatapur,Hyderabad,Telangana
17.2904069,78.4670538,Wadi-E-Hadi,Wadi-E-Hadi,Hyderabad,Telangana
17.2939203,78.477739,Wadi-E-Omar,Wadi-E-Omar,Hyderabad,Telangana
17.5022445,78.5530371,Tulsi Gardens,Tulsi Gardens,Hyderabad,Telangana
17.3523066,78.5066573,IS Sadan Jn,IS Sadan Jn,Hyderabad,Telangana
17.3564616,78.5055246,DhobiGhat Jn,DhobiGhat Jn,Hyderabad,Telangana
17.3435666,78.5069656,DMRL X Roads,DMRL X Roads,Hyderabad,Telangana
17.4010906,78.4758795,Basheerbagh Jn,Basheerbagh Jn,Hyderabad,Telangana
17.4065712,78.4772035,Liberty Jn,Liberty Jn,Hyderabad,Telangana
17.4071345,78.4675777,Iqbal Minar Jn,Iqbal Minar Jn,Hyderabad,Telangana
17.4027336,78.4679433,Ravindra Bharathi Jn,Ravindra Bharathi Jn,Hyderabad,Telangana
17.4191808,78.5415049,Habsiguda x Roads,Habsiguda x Roads,Hyderabad,Telangana
17.4335861,78.5545334,Nacharam Jn,Nacharam Jn,Hyderabad,Telangana
17.5091218,78.3004614,Beeramguda Junction,Beeramguda Junction,Hyderabad,Telangana
17.4549825,78.5551866,ZTC Jn,ZTC Jn,Hyderabad,Telangana
17.4033408,78.5106322,Adikmet Jn,Adikmet Jn,Hyderabad,Telangana
17.3961176,78.5030788,Fever Hospital Jn,Fever Hospital Jn,Hyderabad,Telangana
17.4108859,78.4845937,Indira Park Jn,Indira Park Jn,Hyderabad,Telangana
17.4214299,78.484466,Children's Park Jn,Children's Park Jn,Hyderabad,Telangana
17.3949572,78.475609,SBH Gun Foundry Jn,SBH Gun Foundry Jn,Hyderabad,Telangana
17.4049531,78.5017667,VST X Roads,VST X Roads,Hyderabad,Telangana
17.4040194,78.5043767,Azamabad X Roads,Azamabad X Roads,Hyderabad,Telangana
17.4127422,78.4783239,Kattamaisamma Junction,Kattamaisamma Junction,Hyderabad,Telangana
17.3291354,78.5542145,Hastinapuram,Hastinapuram,Hyderabad,Telangana
17.4011066,78.5088212,Vidya Nagar Junction,Vidya Nagar Junction,Hyderabad,Telangana
17.4109979,78.5072917,Ramnagar X Roads,Ramnagar X Roads,Hyderabad,Telangana
17.3936821,78.4823947,King Koti,King Koti,Hyderabad,Telangana
17.4100022,78.5749473,Dwarakanagar Colony,Dwarakanagar Colony,Hyderabad,Telangana
17.4871997,78.4158654,Ramayya Nagar,Ramayya Nagar,Hyderabad,Telangana
17.4974583,78.4111477,eenadu colony,eenadu colony,Hyderabad,Telangana
17.4042771,78.5155338,DD Colony,DD Colony,Hyderabad,Telangana
17.4829968,78.4988001,Ved Vihar AWHO,Ved Vihar AWHO,Hyderabad,Telangana
17.3549314,78.3914204,Bandlaguda,Bandlaguda,Hyderabad,Telangana
17.5184489,78.3526221,Prajay Shelters,Prajay Shelters,Hyderabad,Telangana
17.3566244,78.395687,Padmasree Hills,Padmasree Hills,Hyderabad,Telangana
17.5486164,78.4648489,Gangastan,Gangastan,Hyderabad,Telangana
17.5463751,78.4678122,Doolapally,Doolapally,Hyderabad,Telangana
17.4054819,78.4131873,Paramount Hills,Paramount Hills,Hyderabad,Telangana
17.5118738,78.493304,Manjira Nagar Colony,Manjira Nagar Colony,Hyderabad,Telangana
17.3547712,78.4046291,Officer's Colony,Officer's Colony,Hyderabad,Telangana
17.3096542,78.497383,Sita Avenue,Sita Avenue,Hyderabad,Telangana
17.4203144,78.3834392,Prashant Hills,Prashant Hills,Hyderabad,Telangana
17.414638,78.3766586,Manikonda,Manikonda,Hyderabad,Telangana
17.35768,78.4200013,Upperpally,Upperpally,Hyderabad,Telangana
17.3138317,78.5779533,Maruthi Nagar,Maruthi Nagar,Hyderabad,Telangana
17.3124198,78.5821282,Gayathri Nagar Bank Colony,Gayathri Nagar Bank Colony,Hyderabad,Telangana
17.3138028,78.5847616,Venkateshwara Colony,Venkateshwara Colony,Hyderabad,Telangana
17.3117156,78.5857969,Jakkidi Ramreddy Colony,Jakkidi Ramreddy Colony,Hyderabad,Telangana
17.306812,78.5863962,Bhavani Enclave,Bhavani Enclave,Hyderabad,Telangana
17.313496,78.5762891,Police Quarters Colony,Police Quarters Colony,Hyderabad,Telangana
17.3176993,78.5756379,Medical & Health Colony,Medical & Health Colony,Hyderabad,Telangana
17.3152495,78.5760196,Akhilandeshwari Colony,Akhilandeshwari Colony,Hyderabad,Telangana
17.320889,78.5729813,Vijayapuri Colony,Vijayapuri Colony,Hyderabad,Telangana
17.3217288,78.5869614,Sama Nagar,Sama Nagar,Hyderabad,Telangana
17.3155539,78.5927168,Mudiraj Colony,Mudiraj Colony,Hyderabad,Telangana
17.3214036,78.5904348,Ramakrishna Nagar,Ramakrishna Nagar,Hyderabad,Telangana
17.3193792,78.5935424,Deshmukhi Sai Nagar,Deshmukhi Sai Nagar,Hyderabad,Telangana
17.3085099,78.5897688,Mahalaxmi Nagar,Mahalaxmi Nagar,Hyderabad,Telangana
17.3308026,78.5897287,Arunodaya Nagar,Arunodaya Nagar,Hyderabad,Telangana
17.3321095,78.5808486,Dwarakamai Nagar,Dwarakamai Nagar,Hyderabad,Telangana
17.3345014,78.57923,Sai Nagar,Sai Nagar,Hyderabad,Telangana
17.3306561,78.5754218,Raithu Bazar,Raithu Bazar,Hyderabad,Telangana
17.330038,78.5822391,Rajappa Nagar,Rajappa Nagar,Hyderabad,Telangana
17.3296605,78.5802998,Bhoolaxmi Nagar,Bhoolaxmi Nagar,Hyderabad,Telangana
17.3282476,78.5831591,Subhadra Nagar,Subhadra Nagar,Hyderabad,Telangana
17.3296076,78.585224,Sharada Nagar,Sharada Nagar,Hyderabad,Telangana
17.3270049,78.5847114,Sharadha Nagar,Sharadha Nagar,Hyderabad,Telangana
17.3269834,78.5996479,Anand Colony,Anand Colony,Hyderabad,Telangana
17.3464282,78.6028941,Anjanadri Nagar,Anjanadri Nagar,Hyderabad,Telangana
17.3367947,78.6028951,Shivam Hills,Shivam Hills,Hyderabad,Telangana
17.3275694,78.6073392,Veerabhadra Nagar,Veerabhadra Nagar,Hyderabad,Telangana
17.3347866,78.6008776,Raja Rajeshwari Nagar,Raja Rajeshwari Nagar,Hyderabad,Telangana
17.322612,78.565982,Self Finance Colony,Self Finance Colony,Hyderabad,Telangana
17.3360171,78.5672015,Prashanth Nagar,Prashanth Nagar,Hyderabad,Telangana
17.3131897,78.571826,Vivekananda Colony,Vivekananda Colony,Hyderabad,Telangana
17.311929,78.5728913,Vinoothna Enclave,Vinoothna Enclave,Hyderabad,Telangana
17.307101,78.5832093,Papireddy Colony,Papireddy Colony,Hyderabad,Telangana
17.32015,78.6050947,Anmagal Hayathnagar,Anmagal Hayathnagar,Hyderabad,Telangana
17.3037943,78.6068251,Munaganur,Munaganur,Hyderabad,Telangana
17.3185703,78.5644276,SKD Nagar,SKD Nagar,Hyderabad,Telangana
17.3304441,78.5649718,CBI Colony,CBI Colony,Hyderabad,Telangana
17.3326773,78.5944473,Lecturers Colony,Lecturers Colony,Hyderabad,Telangana
17.3324159,78.5981032,Vinayaka Nagar,Vinayaka Nagar,Hyderabad,Telangana
17.3290433,78.6032294,RTC Supervisors Colony,RTC Supervisors Colony,Hyderabad,Telangana
17.3155604,78.5998587,Information Colony,Information Colony,Hyderabad,Telangana
17.3138596,78.6010076,Vasundhara Enclave,Vasundhara Enclave,Hyderabad,Telangana
17.3165164,78.5985153,Satyanarayana Colony,Satyanarayana Colony,Hyderabad,Telangana
17.3187213,78.59589,Gayathri Nagar,Gayathri Nagar,Hyderabad,Telangana
17.3382404,78.5932569,Balaji Nagar,Balaji Nagar,Hyderabad,Telangana
17.3380775,78.6004246,Pavanagiri Colony,Pavanagiri Colony,Hyderabad,Telangana
17.3339114,78.6029211,Vishnu Nagar,Vishnu Nagar,Hyderabad,Telangana
17.3170329,78.6138599,Midhani Colony,Midhani Colony,Hyderabad,Telangana
17.3328176,78.6075488,Vijayanagar Colony,Vijayanagar Colony,Hyderabad,Telangana
17.3331199,78.6059714,Krishna Nagar,Krishna Nagar,Hyderabad,Telangana
17.334656,78.6077549,Pragathi Nagar,Pragathi Nagar,Hyderabad,Telangana
17.3160251,78.5809305,Nagireddy Colony,Nagireddy Colony,Hyderabad,Telangana
17.3350947,78.6103223,Priyadarshini Colony,Priyadarshini Colony,Hyderabad,Telangana
17.3315739,78.6108396,Subramanya Nagar,Subramanya Nagar,Hyderabad,Telangana
17.3306093,78.6136003,Surya Nagar,Surya Nagar,Hyderabad,Telangana
17.312031,78.6116765,Banzara Colony,Banzara Colony,Hyderabad,Telangana
17.3162684,78.6225838,Surya Vamshi Garden City,Surya Vamshi Garden City,Hyderabad,Telangana
17.3401067,78.6200578,Kolan Shiva Reddy Nagar,Kolan Shiva Reddy Nagar,Hyderabad,Telangana
17.3162541,78.5523851,Teachers Colony,Teachers Colony,Hyderabad,Telangana
17.3216905,78.6077951,Shiva Shakti Nagar,Shiva Shakti Nagar,Hyderabad,Telangana
17.3194498,78.6062767,Sri Sai Siddhartha Nagar,Sri Sai Siddhartha Nagar,Hyderabad,Telangana
17.3176474,78.6048048,Tirumala Colony,Tirumala Colony,Hyderabad,Telangana
17.3139603,78.6165785,Anand Nagar,Anand Nagar,Hyderabad,Telangana
17.3213467,78.6164924,Greenwood Colony,Greenwood Colony,Hyderabad,Telangana
17.3165359,78.6151858,Seetharampuram,Seetharampuram,Hyderabad,Telangana
17.3354066,78.6164875,Siddi Vinayak Nagar,Siddi Vinayak Nagar,Hyderabad,Telangana
17.3368298,78.6079286,Varda Nagar,Varda Nagar,Hyderabad,Telangana
17.3375163,78.604759,Sri Krishna Hills,Sri Krishna Hills,Hyderabad,Telangana
17.3407851,78.6083762,Sri Gayathri Nagar,Sri Gayathri Nagar,Hyderabad,Telangana
17.3389524,78.6085095,Green City Colony,Green City Colony,Hyderabad,Telangana
17.3388892,78.6105493,CSR Nagar,CSR Nagar,Hyderabad,Telangana
17.3380605,78.6067376,Akash Nagar,Akash Nagar,Hyderabad,Telangana
17.340813,78.60702,Weaker Section Colony,Weaker Section Colony,Hyderabad,Telangana
17.3419188,78.6034744,Swathi Residency,Swathi Residency,Hyderabad,Telangana
17.3388675,78.6043742,Shiva Ganga Colony,Shiva Ganga Colony,Hyderabad,Telangana
17.342429,78.5978501,Sri Ram Nagar,Sri Ram Nagar,Hyderabad,Telangana
17.3169949,78.6027639,Shirdi Nagar,Shirdi Nagar,Hyderabad,Telangana
17.3144046,78.604374,Mythri Vihar,Mythri Vihar,Hyderabad,Telangana
17.313018,78.6068309,Mahadevi Enclave,Mahadevi Enclave,Hyderabad,Telangana
17.3396347,78.6013834,Pandari Nagar,Pandari Nagar,Hyderabad,Telangana
17.341997,78.6138394,Doctors Colony,Doctors Colony,Hyderabad,Telangana
17.3370638,78.5959689,Thyagaraja Nagar,Thyagaraja Nagar,Hyderabad,Telangana
17.3257359,78.6035934,Pochamma Basthi,Pochamma Basthi,Hyderabad,Telangana
17.300904,78.4354978,Madhuban Colony,Madhuban Colony,Hyderabad,Telangana
17.3320697,78.6129311,Vasavi Enclave,Vasavi Enclave,Hyderabad,Telangana
17.3205842,78.6031668,Yashoda Enclave,Yashoda Enclave,Hyderabad,Telangana
17.3139278,78.6131653,Andhra Bank Colony,Andhra Bank Colony,Hyderabad,Telangana
17.3210203,78.6094273,Hanuman Nagar,Hanuman Nagar,Hyderabad,Telangana
17.3178292,78.6083183,Kousalya Enclave,Kousalya Enclave,Hyderabad,Telangana
17.313645,78.6148014,Sudheer Kumar Colony,Sudheer Kumar Colony,Hyderabad,Telangana
17.3205735,78.6106914,Sai Nagar,Sai Nagar,Hyderabad,Telangana
17.3152786,78.6090515,RTC Colony,RTC Colony,Hyderabad,Telangana
17.3137173,78.6084137,Savithri Bai Phoole Colony,Savithri Bai Phoole Colony,Hyderabad,Telangana
17.3176682,78.6117136,Defence Colony,Defence Colony,Hyderabad,Telangana
17.4412194,78.481048,Sindhi Colony,Sindhi Colony,Hyderabad,Telangana
17.4384001,78.4853766,Jawahar Nagar Colony,Jawahar Nagar Colony,Hyderabad,Telangana
17.4390853,78.4826973,Krishna Nagar Colony,Krishna Nagar Colony,Hyderabad,Telangana
17.3239886,78.5401655,Hanuman Nagar,Hanuman Nagar,Hyderabad,Telangana
17.4396078,78.4805683,Bapu Bagh Colony,Bapu Bagh Colony,Hyderabad,Telangana
17.4397016,78.4947847,Patny,Patny,Hyderabad,Telangana
17.3196157,78.5821034,Patelguda,Patelguda,Hyderabad,Telangana
17.3212349,78.5825579,Ananthaveni Nagar,Ananthaveni Nagar,Hyderabad,Telangana
17.4981608,78.3567628,Miyapur,Miyapur,Hyderabad,Telangana
17.3376608,78.564716,Abhyudaya Nagar,Abhyudaya Nagar,Hyderabad,Telangana
17.3391302,78.5631659,JP Homes,JP Homes,Hyderabad,Telangana
17.333131,78.5610452,FCI Colony,FCI Colony,Hyderabad,Telangana
17.3301618,78.5605413,Sri Srinivasa Puram,Sri Srinivasa Puram,Hyderabad,Telangana
17.3284617,78.566013,TV Colony,TV Colony,Hyderabad,Telangana
17.3276628,78.561185,Srinivasa Puram,Srinivasa Puram,Hyderabad,Telangana
17.3596936,78.5351263,Pochammabagh,Pochammabagh,Hyderabad,Telangana
17.4140574,78.4105031,Film Nagar,Film Nagar,Hyderabad,Telangana
17.4145986,78.3994925,Bharani Layout,Bharani Layout,Hyderabad,Telangana
17.4799503,78.3205526,Anand Nagar,Anand Nagar,Hyderabad,Telangana
17.3377719,78.6217464,Dattatreya Nagar,Dattatreya Nagar,Hyderabad,Telangana
17.3154602,78.6053092,Sai Surya Nagar,Sai Surya Nagar,Hyderabad,Telangana
17.3218415,78.611319,Sai Nagar Phase-II,Sai Nagar Phase-II,Hyderabad,Telangana
17.3240966,78.5936293,Vaspari Pochamma Colony,Vaspari Pochamma Colony,Hyderabad,Telangana
17.3796815,78.5766715,Shivapuri Colony,Shivapuri Colony,Hyderabad,Telangana
17.3118694,78.6013791,Venkateswara colony,Venkateswara colony,Hyderabad,Telangana
17.3765433,78.5758963,Apco colony,Apco colony,Hyderabad,Telangana
17.377115,78.573717,Hanuman Nagar 1,Hanuman Nagar 1,Hyderabad,Telangana
17.3831263,78.5727404,Mallikarjuna Hills,Mallikarjuna Hills,Hyderabad,Telangana
17.3783963,78.5734066,Sri sai Narayana Colony,Sri sai Narayana Colony,Hyderabad,Telangana
17.3821688,78.5667116,Jangareddy colony,Jangareddy colony,Hyderabad,Telangana
17.3697921,78.582492,mattuguda,mattuguda,Hyderabad,Telangana
17.3678,78.5807906,Maduranagar,Maduranagar,Hyderabad,Telangana
17.3321548,78.615148,GHMC Layout,GHMC Layout,Hyderabad,Telangana
17.3332932,78.5181783,sai ganesh nagar,sai ganesh nagar,Hyderabad,Telangana
17.3312435,78.5153559,tirumala nagar,tirumala nagar,Hyderabad,Telangana
17.3303991,78.5135388,New Datta Nagar,New Datta Nagar,Hyderabad,Telangana
17.3406054,78.5239486,new balaji nagar,new balaji nagar,Hyderabad,Telangana
17.3200405,78.5520382,Visweshwaraiah colony,Visweshwaraiah colony,Hyderabad,Telangana
17.3294385,78.5470065,R K R Enclave,R K R Enclave,Hyderabad,Telangana
17.3230449,78.5439717,Shiva Ganga Hills,Shiva Ganga Hills,Hyderabad,Telangana
17.3272954,78.5397839,Ganesh Nagar,Ganesh Nagar,Hyderabad,Telangana
17.3267016,78.5417555,Balaji Nagar,Balaji Nagar,Hyderabad,Telangana
17.3345291,78.5388464,Green Lands Colony,Green Lands Colony,Hyderabad,Telangana
17.3734751,78.5801304,Suprabhat Colony,Suprabhat Colony,Hyderabad,Telangana
17.3183134,78.4953608,Roshan Dowla Qadri Colony,Roshan Dowla Qadri Colony,Hyderabad,Telangana
17.3108837,78.5075824,Vijayadurga Colony,Vijayadurga Colony,Hyderabad,Telangana
17.3605753,78.5666476,Hanuman Nagar 2,Hanuman Nagar 2,Hyderabad,Telangana
17.314414,78.5616654,sripuram,sripuram,Hyderabad,Telangana
17.3366001,78.5407775,Saiprakash nagar,Saiprakash nagar,Hyderabad,Telangana
17.3225444,78.5524243,Dwaraka Nagar,Dwaraka Nagar,Hyderabad,Telangana
17.3145741,78.5536282,siripuram,siripuram,Hyderabad,Telangana
17.4903442,78.3417195,Sri Kalki Heights,Sri Kalki Heights,Hyderabad,Telangana
17.3739463,78.5311004,MCH Colony,MCH Colony,Hyderabad,Telangana
17.3698599,78.5264204,Durga Nagar,Durga Nagar,Hyderabad,Telangana
17.3444287,78.5237576,Press Colony,Press Colony,Hyderabad,Telangana
17.3728185,78.5794225,SIRI VIJAYA ENCLAVE,SIRI VIJAYA ENCLAVE,Hyderabad,Telangana
17.373084,78.5746239,Anand Nagar,Anand Nagar,Hyderabad,Telangana
17.3675361,78.5642774,Abhaya Oldage Home,Abhaya Oldage Home,Hyderabad,Telangana
17.368732,78.5667645,Geetha Nagar,Geetha Nagar,Hyderabad,Telangana
17.3675721,78.5630147,Lalitha Nagar,Lalitha Nagar,Hyderabad,Telangana
17.3581405,78.5622469,Rock Town,Rock Town,Hyderabad,Telangana
17.3567563,78.5586055,Nagarjuna Nagar,Nagarjuna Nagar,Hyderabad,Telangana
17.3458645,78.5703243,Viveka Nanda Nagar,Viveka Nanda Nagar,Hyderabad,Telangana
17.3379133,78.3825857,Sai Baba nagar colony,Sai Baba nagar colony,Hyderabad,Telangana
17.3263954,78.5460028,Devaki Enclave,Devaki Enclave,Hyderabad,Telangana
17.3290163,78.544879,Sai Ayodya Nagar,Sai Ayodya Nagar,Hyderabad,Telangana
17.3343497,78.5503818,APSEB Colony,APSEB Colony,Hyderabad,Telangana
17.4453947,78.3596219,J V Colony,J V Colony,Hyderabad,Telangana
17.3616096,78.5365241,Venkateshwara Colony,Venkateshwara Colony,Hyderabad,Telangana
17.4153286,78.4537168,Venkataramana Colony,Venkataramana Colony,Hyderabad,Telangana
17.4155027,78.4516998,Naveen Nagar,Naveen Nagar,Hyderabad,Telangana
17.3295271,78.6171759,Blood Bank Colony,Blood Bank Colony,Hyderabad,Telangana
17.2729168,78.509334,Indira Nagar,Indira Nagar,Hyderabad,Telangana
17.5223139,78.5804307,Shanti Nagar,Shanti Nagar,Hyderabad,Telangana
17.5038613,78.5913259,Dammaiguda,Dammaiguda,Hyderabad,Telangana
17.4891828,78.6017275,Nagaram,Nagaram,Hyderabad,Telangana
17.4623605,78.6412096,Ismail Khan Guda,Ismail Khan Guda,Hyderabad,Telangana
17.4697905,78.641907,Rampally,Rampally,Hyderabad,Telangana
17.4329342,78.6066091,Chengicherla,Chengicherla,Hyderabad,Telangana
17.417948,78.6295152,Narepally,Narepally,Hyderabad,Telangana
17.415788,78.6415744,Swarnagiri Colony,Swarnagiri Colony,Hyderabad,Telangana
17.4166787,78.6479151,Chowder Guda,Chowder Guda,Hyderabad,Telangana
17.4207939,78.6456084,Subprabhat Colony,Subprabhat Colony,Hyderabad,Telangana
17.4210395,78.6402869,Venkatadri Township,Venkatadri Township,Hyderabad,Telangana
17.4307833,78.639603,Anna Nagar,Anna Nagar,Hyderabad,Telangana
17.4412252,78.6494815,Singapore Township,Singapore Township,Hyderabad,Telangana
17.436614,78.6422235,Pocharam,Pocharam,Hyderabad,Telangana
17.5569988,78.5768151,Antaipalle,Antaipalle,Hyderabad,Telangana
17.5168402,78.6270368,Cheeriyal,Cheeriyal,Hyderabad,Telangana
17.547194,78.6324173,Yadgarpally,Yadgarpally,Hyderabad,Telangana
17.5544006,78.6230135,Narsampally,Narsampally,Hyderabad,Telangana
17.5735896,78.5883433,Upparapalle,Upparapalle,Hyderabad,Telangana
17.3948624,78.3365214,Kokapet,Kokapet,Hyderabad,Telangana
17.3872553,78.320471,Gandipet,Gandipet,Hyderabad,Telangana
17.4009847,78.3002955,Khanapur,Khanapur,Hyderabad,Telangana
17.3076283,78.5544839,Tirumala Nagar,Tirumala Nagar,Hyderabad,Telangana
17.3040578,78.54923,Sri Hills Colony,Sri Hills Colony,Hyderabad,Telangana
17.3047975,78.5464715,madhura Nagar,madhura Nagar,Hyderabad,Telangana
17.457471,78.4964302,Gunrock Enclave,Gunrock Enclave,Hyderabad,Telangana
17.4994154,78.4627917,New Vivekananda Nagar,New Vivekananda Nagar,Hyderabad,Telangana
17.3975755,78.5980958,Parwathi Nagar,Parwathi Nagar,Hyderabad,Telangana
17.27727,78.3390587,Kavvaguda,Kavvaguda,Hyderabad,Telangana
17.2888971,78.3664132,Kothwalguda,Kothwalguda,Hyderabad,Telangana
17.3015376,78.3315224,Nagireddyguda,Nagireddyguda,Hyderabad,Telangana
17.3239048,78.3108507,Yenkepalle,Yenkepalle,Hyderabad,Telangana
17.3428259,78.3081392,Himayath Nagar,Himayath Nagar,Hyderabad,Telangana
17.2890993,78.3134553,Bakaram Jagir,Bakaram Jagir,Hyderabad,Telangana
17.5610356,78.3982185,Bowrampet,Bowrampet,Hyderabad,Telangana
17.5574261,78.36328,Mallampet,Mallampet,Hyderabad,Telangana
17.5542504,78.3530366,Bollaram,Bollaram,Hyderabad,Telangana
17.5360529,78.3295124,Shanthi Sri Nagar,Shanthi Sri Nagar,Hyderabad,Telangana
17.523826,78.3241948,Ameenapur,Ameenapur,Hyderabad,Telangana
17.5240316,78.3409433,Vani Enclave,Vani Enclave,Hyderabad,Telangana
17.5051017,78.3351822,Madhavapuri Colony,Madhavapuri Colony,Hyderabad,Telangana
17.5141983,78.3369122,Rtc Colony,Rtc Colony,Hyderabad,Telangana
17.5169511,78.3370325,Hmt Colony,Hmt Colony,Hyderabad,Telangana
17.5088742,78.3195355,Maruthi Nagar,Maruthi Nagar,Hyderabad,Telangana
17.5089385,78.3139244,Venkata Ramana Colony,Venkata Ramana Colony,Hyderabad,Telangana
17.5089188,78.3049621,Mallikarjuna Nagar Colony,Mallikarjuna Nagar Colony,Hyderabad,Telangana
17.5100321,78.3127843,Treassury Township,Treassury Township,Hyderabad,Telangana
17.5163573,78.3010473,Beeramguda,Beeramguda,Hyderabad,Telangana
17.5132779,78.3113157,Jawahar Nagar,Jawahar Nagar,Hyderabad,Telangana
17.5112532,78.308679,Mallareddy Enclave,Mallareddy Enclave,Hyderabad,Telangana
17.5131916,78.3078246,Itw Signod Colony,Itw Signod Colony,Hyderabad,Telangana
17.5167092,78.3102572,Lingamaiah Colony,Lingamaiah Colony,Hyderabad,Telangana
17.5145485,78.3092432,Nsl Colony,Nsl Colony,Hyderabad,Telangana
17.5179459,78.3082812,Weaker Section Colony,Weaker Section Colony,Hyderabad,Telangana
17.5119929,78.3075224,Brundavan Colony,Brundavan Colony,Hyderabad,Telangana
17.5153524,78.3060634,New Sai Bhagavan Colony,New Sai Bhagavan Colony,Hyderabad,Telangana
17.5128682,78.3044127,Sai Bhagavan Colony,Sai Bhagavan Colony,Hyderabad,Telangana
17.5108274,78.3034221,Shirdi Sai Colony,Shirdi Sai Colony,Hyderabad,Telangana
17.5122332,78.3065156,Sai Baba Colony,Sai Baba Colony,Hyderabad,Telangana
17.5153936,78.3131707,Sri Ramanagar Colony,Sri Ramanagar Colony,Hyderabad,Telangana
17.5117131,78.3101193,Bhavanipur,Bhavanipur,Hyderabad,Telangana
17.5186439,78.3007929,Bramrambika Colony,Bramrambika Colony,Hyderabad,Telangana
17.5201103,78.3125618,Gold Forms House Colony,Gold Forms House Colony,Hyderabad,Telangana
17.5219334,78.311371,Tailor Colony,Tailor Colony,Hyderabad,Telangana
17.5264883,78.3005405,Raghavendra Colony,Raghavendra Colony,Hyderabad,Telangana
17.5371668,78.3052359,Narraguda,Narraguda,Hyderabad,Telangana
17.5329129,78.3175137,Narendra Nagar,Narendra Nagar,Hyderabad,Telangana
17.5427647,78.3042597,Ilapur,Ilapur,Hyderabad,Telangana
17.5554373,78.3085709,Sultanpur,Sultanpur,Hyderabad,Telangana
17.5761225,78.3014916,Janakampet,Janakampet,Hyderabad,Telangana
17.3114714,78.526961,Amruta Nilayam,Amruta Nilayam,Hyderabad,Telangana
17.476107,78.3189014,Gulmohar Park Colony,Gulmohar Park Colony,Hyderabad,Telangana
17.301354,78.5459491,Sri Sai Homes,Sri Sai Homes,Hyderabad,Telangana
17.3096381,78.5515408,Vinayaka Hills,Vinayaka Hills,Hyderabad,Telangana
17.2979164,78.5478292,Sri Sri Homes,Sri Sri Homes,Hyderabad,Telangana
17.3137006,78.548248,Venkateshwara Colony,Venkateshwara Colony,Hyderabad,Telangana
17.3138645,78.5455872,Chaitanya Hills,Chaitanya Hills,Hyderabad,Telangana
17.3140489,78.5443105,Nagarjuna Hills,Nagarjuna Hills,Hyderabad,Telangana
17.3140899,78.5434737,Shiva Hills,Shiva Hills,Hyderabad,Telangana
17.3118623,78.5422258,Sheshadri Nagar,Sheshadri Nagar,Hyderabad,Telangana
17.2775345,78.5578599,Jai Suryapatnam,Jai Suryapatnam,Hyderabad,Telangana
17.3105143,78.5444425,Sowbhagya Laxmi Nagar,Sowbhagya Laxmi Nagar,Hyderabad,Telangana
17.3007386,78.5395501,YSR Nagar Phase-II,YSR Nagar Phase-II,Hyderabad,Telangana
17.3023756,78.5404832,Jayashankar Colony,Jayashankar Colony,Hyderabad,Telangana
17.3107683,78.5463155,Swetcha Nivas,Swetcha Nivas,Hyderabad,Telangana
17.3108117,78.547499,Sai Sannidhi Villas,Sai Sannidhi Villas,Hyderabad,Telangana
17.3087916,78.5443597,CKYR Colony,CKYR Colony,Hyderabad,Telangana
17.3075492,78.5423161,Ramidi Hills,Ramidi Hills,Hyderabad,Telangana
17.3056198,78.5396727,BRR Enclave,BRR Enclave,Hyderabad,Telangana
17.2983155,78.537303,Maruti Nagar,Maruti Nagar,Hyderabad,Telangana
17.2993667,78.5361669,Madhura Nagar,Madhura Nagar,Hyderabad,Telangana
17.301261,78.5356565,Dwaraka Hills,Dwaraka Hills,Hyderabad,Telangana
17.2955552,78.5291002,Venkatadri Nivas,Venkatadri Nivas,Hyderabad,Telangana
17.2888975,78.5315713,Sri Nilayam,Sri Nilayam,Hyderabad,Telangana
17.2904136,78.5301459,Gandhi Nagar,Gandhi Nagar,Hyderabad,Telangana
17.2926607,78.5344466,Libra Enclave,Libra Enclave,Hyderabad,Telangana
17.2918039,78.5335568,Ratna Enclave,Ratna Enclave,Hyderabad,Telangana
17.295231,78.5331392,Dawoodkhanguda,Dawoodkhanguda,Hyderabad,Telangana
17.2923118,78.5358825,Vasanth Vihar,Vasanth Vihar,Hyderabad,Telangana
17.2977188,78.5297813,Anjaneya Towers,Anjaneya Towers,Hyderabad,Telangana
17.288405,78.5352979,Janapriya Nivas,Janapriya Nivas,Hyderabad,Telangana
17.3013173,78.5378163,Beerappa Colony,Beerappa Colony,Hyderabad,Telangana
17.3036231,78.5205654,Greenrich Avenue,Greenrich Avenue,Hyderabad,Telangana
17.3069325,78.5179349,Gayatri Hills,Gayatri Hills,Hyderabad,Telangana
17.3069165,78.520781,Sri Vidya Township,Sri Vidya Township,Hyderabad,Telangana
17.3041707,78.5158106,Sai Balaji Homes Phase-I,Sai Balaji Homes Phase-I,Hyderabad,Telangana
17.2985213,78.5171954,Sai Balaji Homes Phase-II,Sai Balaji Homes Phase-II,Hyderabad,Telangana
17.3120259,78.4965191,Nakshatra Villas,Nakshatra Villas,Hyderabad,Telangana
17.2834763,78.5576,Gold Phase Colony,Gold Phase Colony,Hyderabad,Telangana
17.280847,78.5566686,Postal Colony,Postal Colony,Hyderabad,Telangana
17.2809348,78.5517162,Kammaguda,Kammaguda,Hyderabad,Telangana
17.2831609,78.5440992,Venkatadri Nivas,Venkatadri Nivas,Hyderabad,Telangana
17.2819262,78.5464513,Kings Way Gated Community,Kings Way Gated Community,Hyderabad,Telangana
17.2804101,78.5464513,Libra Avenue,Libra Avenue,Hyderabad,Telangana
17.2827877,78.5326859,Press Colony,Press Colony,Hyderabad,Telangana
17.2821875,78.5348804,Vijaya Lakshmi Nagar,Vijaya Lakshmi Nagar,Hyderabad,Telangana
17.2801986,78.528258,Ashokreddy Colony,Ashokreddy Colony,Hyderabad,Telangana
17.2767143,78.521649,Sairam Nagar,Sairam Nagar,Hyderabad,Telangana
17.2765932,78.5351207,Green Homes,Green Homes,Hyderabad,Telangana
17.3009155,78.5706337,Teachers Colony,Teachers Colony,Hyderabad,Telangana
17.2981278,78.5707559,Rajyalaxmi Nagar Ph-II,Rajyalaxmi Nagar Ph-II,Hyderabad,Telangana
17.2962532,78.5713782,Rich Valley Colony,Rich Valley Colony,Hyderabad,Telangana
17.2990428,78.5741687,Mythri Valley,Mythri Valley,Hyderabad,Telangana
17.2983872,78.5672272,Rajyalaxmi Nagar Ph-I,Rajyalaxmi Nagar Ph-I,Hyderabad,Telangana
17.2985614,78.5661328,Brundavan Colony,Brundavan Colony,Hyderabad,Telangana
17.3004769,78.5651136,Panchayatraj Colony,Panchayatraj Colony,Hyderabad,Telangana
17.2945541,78.5641451,Sri Sai Balaji Homes,Sri Sai Balaji Homes,Hyderabad,Telangana
17.2906802,78.5693889,Sri Sri Avenue,Sri Sri Avenue,Hyderabad,Telangana
17.2874762,78.5704734,Aditya Nagar,Aditya Nagar,Hyderabad,Telangana
17.2742835,78.5614095,CB Enclave,CB Enclave,Hyderabad,Telangana
17.2745153,78.5666441,Vintage Homes,Vintage Homes,Hyderabad,Telangana
17.2761235,78.5369059,Mahendra Enclave,Mahendra Enclave,Hyderabad,Telangana
17.2746364,78.5399456,Nadergul,Nadergul,Hyderabad,Telangana
17.272536,78.5067456,JnNURM Housing,JnNURM Housing,Hyderabad,Telangana
17.2811508,78.5032812,Mega Dream City,Mega Dream City,Hyderabad,Telangana
17.2792413,78.4998516,Shareef Nagar,Shareef Nagar,Hyderabad,Telangana
17.2823913,78.5001597,Hayat County,Hayat County,Hyderabad,Telangana
17.2797016,78.4957353,Balaji Nagar,Balaji Nagar,Hyderabad,Telangana
17.2780499,78.4962815,Sunshine Valley,Sunshine Valley,Hyderabad,Telangana
17.2865543,78.499574,Sai Prabhu Enclave,Sai Prabhu Enclave,Hyderabad,Telangana
17.2956667,78.5031397,Ayodhya Nagar,Ayodhya Nagar,Hyderabad,Telangana
17.2921464,78.508875,Pride Hills,Pride Hills,Hyderabad,Telangana
17.2934937,78.504308,Sri Balaji Township,Sri Balaji Township,Hyderabad,Telangana
17.2998684,78.5052531,Konda Nagar,Konda Nagar,Hyderabad,Telangana
17.2979428,78.521577,Lakshmi Durga Hills,Lakshmi Durga Hills,Hyderabad,Telangana
17.2954792,78.52035,MCR Colony,MCR Colony,Hyderabad,Telangana
17.2921887,78.5262142,Roma Enclave-III,Roma Enclave-III,Hyderabad,Telangana
17.291,78.5262683,Suma Paradise,Suma Paradise,Hyderabad,Telangana
17.2995693,78.5267812,Sita Meadows,Sita Meadows,Hyderabad,Telangana
17.3009215,78.5279295,Shiva Sai Nagar,Shiva Sai Nagar,Hyderabad,Telangana
17.302164,78.5338368,Roma Enclave,Roma Enclave,Hyderabad,Telangana
17.2985461,78.5390041,Rajiv Gruhakalpa,Rajiv Gruhakalpa,Hyderabad,Telangana
17.3075725,78.5370265,CYR-CMR Colony,CYR-CMR Colony,Hyderabad,Telangana
17.2766697,78.5499991,Brindavan Colony,Brindavan Colony,Hyderabad,Telangana
17.3053254,78.522293,Shanti Nagar,Shanti Nagar,Hyderabad,Telangana
17.3068464,78.5236889,Srilaxmi Enclave,Srilaxmi Enclave,Hyderabad,Telangana
17.3104673,78.5214092,Annapurna Colony,Annapurna Colony,Hyderabad,Telangana
17.3096795,78.5294738,Sri Sai Balaji Township,Sri Sai Balaji Township,Hyderabad,Telangana
17.3108083,78.5302638,Sita Homes Ph-III,Sita Homes Ph-III,Hyderabad,Telangana
17.3066911,78.5306976,Haritha Homes,Haritha Homes,Hyderabad,Telangana
17.3050059,78.5335502,SBR Enclave,SBR Enclave,Hyderabad,Telangana
17.3019856,78.5376469,YSR Nagar,YSR Nagar,Hyderabad,Telangana
17.3098582,78.5115737,Sri Sai Nagar,Sri Sai Nagar,Hyderabad,Telangana
17.2893595,78.5392018,Sriram Enclave,Sriram Enclave,Hyderabad,Telangana
17.2891132,78.5424639,Marri Laksmi Nagar,Marri Laksmi Nagar,Hyderabad,Telangana
17.3039675,78.503017,Venkateshwara Colony,Venkateshwara Colony,Hyderabad,Telangana
17.3018107,78.5003291,Orchid Residency (Pride India),Orchid Residency (Pride India),Hyderabad,Telangana
17.2989835,78.5011552,Sri Chaitanya Homes,Sri Chaitanya Homes,Hyderabad,Telangana
17.3023741,78.5029684,SPR Township,SPR Township,Hyderabad,Telangana
17.303634,78.492894,Mahmood Colony,Mahmood Colony,Hyderabad,Telangana
17.3061521,78.4920217,Essa Colony,Essa Colony,Hyderabad,Telangana
17.3116731,78.4932448,Dream City,Dream City,Hyderabad,Telangana
17.3129329,78.4938349,Green City,Green City,Hyderabad,Telangana
17.3103517,78.5040595,Singireddy Colony,Singireddy Colony,Hyderabad,Telangana
17.2933737,78.5241711,Roma Enclave-IV,Roma Enclave-IV,Hyderabad,Telangana
17.2882439,78.4905645,American Township,American Township,Hyderabad,Telangana
17.2766486,78.4921666,Sultanpur,Sultanpur,Hyderabad,Telangana
17.2753282,78.4974428,Golden Villas,Golden Villas,Hyderabad,Telangana
17.2741961,78.5002091,Wadi-E-Sana,Wadi-E-Sana,Hyderabad,Telangana
17.2764385,78.5000066,Dream Enclave,Dream Enclave,Hyderabad,Telangana
17.2762904,78.4939582,Sutanpur Township,Sutanpur Township,Hyderabad,Telangana
17.2973617,78.5635014,Venkateshwara Colony,Venkateshwara Colony,Hyderabad,Telangana
17.299,78.5621559,Vinayaka Nagar,Vinayaka Nagar,Hyderabad,Telangana
17.297402,78.5604607,Sri Srinivasapuram,Sri Srinivasapuram,Hyderabad,Telangana
17.2882204,78.5657694,Prime Fortune,Prime Fortune,Hyderabad,Telangana
17.2842639,78.5579182,Saraswathi Enclave,Saraswathi Enclave,Hyderabad,Telangana
17.3104385,78.5488078,NYR Colony,NYR Colony,Hyderabad,Telangana
17.2901064,78.4913076,Dream Lake CIty,Dream Lake CIty,Hyderabad,Telangana
17.290192,78.4934578,Vasavi Nagar,Vasavi Nagar,Hyderabad,Telangana
17.2957809,78.4895276,Venkatapur Weaker Section,Venkatapur Weaker Section,Hyderabad,Telangana
17.2833587,78.5039634,Pride Colony,Pride Colony,Hyderabad,Telangana
17.3038395,78.5196129,Sri Sai Raghavendra Homes,Sri Sai Raghavendra Homes,Hyderabad,Telangana
17.3129259,78.5218623,Udyog Nagar,Udyog Nagar,Hyderabad,Telangana
17.3018452,78.5228028,Balaji Nagar,Balaji Nagar,Hyderabad,Telangana
17.30541,78.5231967,Sai Homes Colony,Sai Homes Colony,Hyderabad,Telangana
17.3081706,78.5233168,Beemidi Colony,Beemidi Colony,Hyderabad,Telangana
17.3131793,78.5241644,Bheeshma Nagar,Bheeshma Nagar,Hyderabad,Telangana
17.3053438,78.5309364,Sai Prabhu Homes,Sai Prabhu Homes,Hyderabad,Telangana
17.3093116,78.528246,Varalaksmi Nagar,Varalaksmi Nagar,Hyderabad,Telangana
17.3104832,78.528055,Sai Krishna Enclave,Sai Krishna Enclave,Hyderabad,Telangana
17.3197161,78.5272002,Sita Homes,Sita Homes,Hyderabad,Telangana
17.3184006,78.5282209,TSR Nagar,TSR Nagar,Hyderabad,Telangana
17.3128585,78.5312192,Navayuga Enclave,Navayuga Enclave,Hyderabad,Telangana
17.3128517,78.5292477,Sai Nagar,Sai Nagar,Hyderabad,Telangana
17.3122911,78.5258551,Sai Gokul Nivas,Sai Gokul Nivas,Hyderabad,Telangana
17.3023001,78.5299462,Venkateshwara Colony,Venkateshwara Colony,Hyderabad,Telangana
17.3063165,78.5351273,SSR Nagar,SSR Nagar,Hyderabad,Telangana
17.30943,78.5350928,BSR Nagar,BSR Nagar,Hyderabad,Telangana
17.3075127,78.5282451,Sai Township,Sai Township,Hyderabad,Telangana
17.309486,78.5340808,Vishakha Nagar,Vishakha Nagar,Hyderabad,Telangana
17.3019118,78.5492954,New Tirumala Nagar,New Tirumala Nagar,Hyderabad,Telangana
17.2926455,78.5672747,AS Nagar,AS Nagar,Hyderabad,Telangana
17.2959005,78.5586845,Gaddam Enclave,Gaddam Enclave,Hyderabad,Telangana
17.2776906,78.5549283,Sri Sai Raghavendra Homes,Sri Sai Raghavendra Homes,Hyderabad,Telangana
17.2745828,78.5542986,YKR Enclave,YKR Enclave,Hyderabad,Telangana
17.2729471,78.546478,Raghu Homes,Raghu Homes,Hyderabad,Telangana
17.2745763,78.54614,Sri Balaji Residency,Sri Balaji Residency,Hyderabad,Telangana
17.2797362,78.543558,Platinum City,Platinum City,Hyderabad,Telangana
17.2815625,78.5225191,Hill View Colony,Hill View Colony,Hyderabad,Telangana
17.2826135,78.5262722,Sriram Nagar Ph-II,Sriram Nagar Ph-II,Hyderabad,Telangana
17.2810361,78.4964649,Golden Villas - City Heights,Golden Villas - City Heights,Hyderabad,Telangana
17.2833962,78.4950281,Dwaraka Balaji Homes,Dwaraka Balaji Homes,Hyderabad,Telangana
17.2980754,78.5311223,Ramidi Chandrareddy Colony,Ramidi Chandrareddy Colony,Hyderabad,Telangana
17.2897841,78.5374728,Sy.No. 84,Sy.No. 84,Hyderabad,Telangana
17.288756,78.5372694,Chandra Vihar,Chandra Vihar,Hyderabad,Telangana
17.2931811,78.5354086,Dwaraka Nagar (Dawoodkhanguda),Dwaraka Nagar (Dawoodkhanguda),Hyderabad,Telangana
17.2939106,78.5364711,Sy.N0.83,Sy.N0.83,Hyderabad,Telangana
17.312143,78.5185416,Lokayukta Colony,Lokayukta Colony,Hyderabad,Telangana
17.4158453,78.5825001,East Brundavan Colony,East Brundavan Colony,Hyderabad,Telangana
17.3048915,78.5412979,Vishakha Nagar,Vishakha Nagar,Hyderabad,Telangana
17.4136455,78.5582415,Raghavendra Nagar Colony,Raghavendra Nagar Colony,Hyderabad,Telangana
17.4242083,78.5676267,Ganesh Colony,Ganesh Colony,Hyderabad,Telangana
17.4179975,78.5800546,Satya Reddy Nagar Colony,Satya Reddy Nagar Colony,Hyderabad,Telangana
17.5146989,78.4473499,Shapur Nagar,Shapur Nagar,Hyderabad,Telangana
17.495486,78.4523872,Chintal Bus stop,Chintal Bus stop,Hyderabad,Telangana
17.535051,78.3032285,Navya Homes,Navya Homes,Hyderabad,Telangana
17.5333016,78.3039299,Navya duplex,Navya duplex,Hyderabad,Telangana
17.5342735,78.3033478,Navya Central,Navya Central,Hyderabad,Telangana
17.4702627,78.5456047,East Deen Dayal Nagar,East Deen Dayal Nagar,Hyderabad,Telangana
17.4750183,78.542606,kaktiya nagar,kaktiya nagar,Hyderabad,Telangana
17.2893423,78.4641891,Colony Name,Colony Name,Hyderabad,Telangana
17.4290522,78.3261868,Gowlidoddi,Gowlidoddi,Hyderabad,Telangana
17.4120566,78.418318,Navirman Nagar,Navirman Nagar,Hyderabad,Telangana
17.4928916,78.458742,Cherkupally Colony.,Cherkupally Colony.,Hyderabad,Telangana
17.5018763,78.5090947,alwal,alwal,Hyderabad,Telangana
17.485211,78.383241,KPHB Colony 9th Phase,KPHB Colony 9th Phase,Hyderabad,Telangana
17.3979199,78.3213532,Shanthi Nagar,Shanthi Nagar,Hyderabad,Telangana
17.3919094,78.3770296,Fair Fields Colony,Fair Fields Colony,Hyderabad,Telangana
17.3927944,78.3788314,Pioneer Colony,Pioneer Colony,Hyderabad,Telangana
17.3905936,78.377739,EVV Colony,EVV Colony,Hyderabad,Telangana
17.3886429,78.3822256,Secretariat Housing Colony,Secretariat Housing Colony,Hyderabad,Telangana
17.3721065,78.4146682,Reddy Colony,Reddy Colony,Hyderabad,Telangana
17.3592488,78.3960323,Radha Nagar,Radha Nagar,Hyderabad,Telangana
17.3518718,78.3936482,Tirumala Gardens,Tirumala Gardens,Hyderabad,Telangana
17.3468384,78.3923743,Prashanth Nagar,Prashanth Nagar,Hyderabad,Telangana
17.3391519,78.3705484,Aravind Nagar,Aravind Nagar,Hyderabad,Telangana
17.3386012,78.3744729,HMBS Colony,HMBS Colony,Hyderabad,Telangana
17.3559179,78.3872969,Prashanth Nagar,Prashanth Nagar,Hyderabad,Telangana
17.3769679,78.3537878,Manchirevula,Manchirevula,Hyderabad,Telangana
17.3822595,78.3668398,Greenlands,Greenlands,Hyderabad,Telangana
17.3708181,78.3715279,Bairagiguda,Bairagiguda,Hyderabad,Telangana
17.3696213,78.373228,Suppa Villas,Suppa Villas,Hyderabad,Telangana
17.369242,78.374825,Shiva Sai Nagar,Shiva Sai Nagar,Hyderabad,Telangana
17.3680608,78.3731919,Shiva Sai Phase-II,Shiva Sai Phase-II,Hyderabad,Telangana
17.3695945,78.3759864,Sai Valmiki Nagar,Sai Valmiki Nagar,Hyderabad,Telangana
17.3705213,78.38069,KK Nagar Phase-II,KK Nagar Phase-II,Hyderabad,Telangana
17.3664976,78.3911166,Hydershakote,Hydershakote,Hyderabad,Telangana
17.3694826,78.3959703,Sai Harsha Nagar,Sai Harsha Nagar,Hyderabad,Telangana
17.3692124,78.398356,Sairam Nagar colony,Sairam Nagar colony,Hyderabad,Telangana
17.3685001,78.3961483,Sairam Enclave,Sairam Enclave,Hyderabad,Telangana
17.3668557,78.3826853,Feel Good Homes,Feel Good Homes,Hyderabad,Telangana
17.3686272,78.3820362,Srinivasa Nagar,Srinivasa Nagar,Hyderabad,Telangana
17.3680758,78.3879837,Gandhamguda,Gandhamguda,Hyderabad,Telangana
17.3621332,78.3973081,Sun City,Sun City,Hyderabad,Telangana
17.3512862,78.3831339,Shirdi Saibaba Nagar,Shirdi Saibaba Nagar,Hyderabad,Telangana
17.3506317,78.3907531,Bandlaguda Jagir,Bandlaguda Jagir,Hyderabad,Telangana
17.341773,78.362423,Himayath Sagar,Himayath Sagar,Hyderabad,Telangana
17.478647,78.5102671,Army Family Quarters,Army Family Quarters,Hyderabad,Telangana
17.4442575,78.3855012,Vittal Rao Nagar,Vittal Rao Nagar,Hyderabad,Telangana
17.5148528,78.3924213,Lake View Colony,Lake View Colony,Hyderabad,Telangana
17.5262528,78.3936846,Prashanthi Hills,Prashanthi Hills,Hyderabad,Telangana
17.5303144,78.3915818,Vasavi Enclave,Vasavi Enclave,Hyderabad,Telangana
17.5252674,78.3885686,Rajiv Gruhakalpa Colony,Rajiv Gruhakalpa Colony,Hyderabad,Telangana
17.5203239,78.4001219,Mithila Nagar,Mithila Nagar,Hyderabad,Telangana
17.5263858,78.4000897,INCOIS,INCOIS,Hyderabad,Telangana
17.5286928,78.3942693,Kakatheeya Hills,Kakatheeya Hills,Hyderabad,Telangana
17.5374654,78.3931804,Anand Naidu Nagar,Anand Naidu Nagar,Hyderabad,Telangana
17.5331533,78.3924079,NRI Colony,NRI Colony,Hyderabad,Telangana
17.5317057,78.3876175,Sai Nagar,Sai Nagar,Hyderabad,Telangana
17.5307031,78.3983302,ALEAP,ALEAP,Hyderabad,Telangana
17.5187944,78.393513,Madhura Nagar,Madhura Nagar,Hyderabad,Telangana
17.5148961,78.3952398,Lake View Colony,Lake View Colony,Hyderabad,Telangana
17.5466727,78.3937283,Simhapuri Colony,Simhapuri Colony,Hyderabad,Telangana
17.5054792,78.3225417,Sri Satya Enclave,Sri Satya Enclave,Hyderabad,Telangana
17.4338862,78.4336039,Ganapati Complex,Ganapati Complex,Hyderabad,Telangana
17.3756726,78.5527722,Samathapura Colony,Samathapura Colony,Hyderabad,Telangana
17.3375145,78.3865714,Yadadri Colony,Yadadri Colony,Hyderabad,Telangana
17.3270712,78.4278841,Shivrampalli,Shivrampalli,Hyderabad,Telangana
17.5169129,78.3898944,Srinivasa Nagar,Srinivasa Nagar,Hyderabad,Telangana
17.542852,78.39364,Simhapuri Colony,Simhapuri Colony,Hyderabad,Telangana
17.552947,78.4378866,Colony Name,Colony Name,Hyderabad,Telangana
17.5551492,78.3819144,Laxmi Nagar',Laxmi Nagar',Hyderabad,Telangana
17.5007133,78.5565391,Vayun Meadows by Anantha Infra,Vayun Meadows by Anantha Infra,Hyderabad,Telangana
17.3254097,78.586103,NARASHIMA RAO NAGAR,NARASHIMA RAO NAGAR,Hyderabad,Telangana
17.3885453,78.5406026,KCR Nagar,KCR Nagar,Hyderabad,Telangana
17.3930438,78.5409486,Netaji Nagar,Netaji Nagar,Hyderabad,Telangana
17.4626163,78.4539671,shobna,shobna,Hyderabad,Telangana
17.5124751,78.4305687,Roadamestry Nagar,Roadamestry Nagar,Hyderabad,Telangana
17.488234,78.4598573,Dilkhush Nagar,Dilkhush Nagar,Hyderabad,Telangana
17.3280298,78.5295773,Vijaya homes,Vijaya homes,Hyderabad,Telangana
17.3287781,78.5178637,Datu Nagar,Datu Nagar,Hyderabad,Telangana
17.3242906,78.5319703,Aditya Nagar,Aditya Nagar,Hyderabad,Telangana
17.3237971,78.5322952,NBR Colony,NBR Colony,Hyderabad,Telangana
17.4129831,78.338635,Financial District,Financial District,Hyderabad,Telangana
17.5110985,78.4052903,Dattatreya Colony,Dattatreya Colony,Hyderabad,Telangana
17.5237544,78.5122213,Sundaram colony,Sundaram colony,Hyderabad,Telangana
17.5242325,78.510032,Tirumala Enclave,Tirumala Enclave,Hyderabad,Telangana
17.5051419,78.3731466,Nadigada Thada,Nadigada Thada,Hyderabad,Telangana
17.4217796,78.3379784,Nanakramguda,Nanakramguda,Hyderabad,Telangana
17.46171,78.5571396,Moula Ali,Moula Ali,Hyderabad,Telangana
17.3173826,78.5332182,SIRLA hills,SIRLA hills,Hyderabad,Telangana
17.5647952,78.5504524,Ace Olive Garden,Ace Olive Garden,Hyderabad,Telangana
17.4673105,78.4819624,Brigadier Sayeed Road,Manovikas Nagar,Hyderabad,Telangana
17.4755303,78.5230568,All Saints Road,Venkateshwara Colony,Hyderabad,Telangana
17.4806989,78.5346189,Sainikpuri Road,Gandhi Nagar,Hyderabad,Telangana
17.4395634,78.4427171,Sanjeeva Reddy Nagar Main Road,Srinivas Nagar,Hyderabad,Telangana
17.4562005,78.4338915,Mumbai Highway,Banjara Nagar,Hyderabad,Telangana
17.4370867,78.4566176,Begumpet Railway Flyover,Kundanbagh,Hyderabad,Telangana
17.421424,78.4357773,Banjara Hills Road Number 14,Green Valley,Hyderabad,Telangana
17.4214744,78.4844623,Tank Bund Road,Children's Park Jn,Hyderabad,Telangana
17.4367591,78.483866,Minister's Road,Jawahar Nagar Colony,Hyderabad,Telangana
17.4051412,78.464103,Telephone Bhavan Road,Saifabad,Hyderabad,Telangana
17.3694467,78.5168885,Vijaywada Highway,Bank Colony,Hyderabad,Telangana
17.4114817,78.4503421,Road Number 1,Anand Nagar,Hyderabad,Telangana
17.4042747,78.4642697,Lakdikapul Road,Saifabad,Hyderabad,Telangana
17.4125903,78.4652838,Mint Road,Khairatabad,Hyderabad,Telangana
17.4540411,78.5120224,E Maredpally Road,Lalitha Nagar,Hyderabad,Telangana
17.4590148,78.5150612,AOC junction,Lalitha Nagar,Hyderabad,Telangana
17.4668178,78.5187107,Gough Road,Karkhana,Hyderabad,Telangana
17.4384685,78.4483015,Balkampet road,Ameerpet,Hyderabad,Telangana
17.3715971,78.4765481,Naya Pul,Naya Pul,Hyderabad,Telangana
17.3616219,78.474437,Charminar Circle,Panjeshah,Hyderabad,Telangana
17.3715474,78.4760977,Naya Pul,Naya Pul,Hyderabad,Telangana
17.3687964,78.4761975,High court road,Patthergatti,Hyderabad,Telangana
17.3687372,78.4762382,uppuguda,Patthergatti,Hyderabad,Telangana
17.3690516,78.480798,Dabeerpura road,Dar-Ul-Shifa,Hyderabad,Telangana
17.3544559,78.4758536,Darul Shifa Road,Moghalpura,Hyderabad,Telangana
17.3731919,78.4828277,Darul Shifa Road,Imlibun,Hyderabad,Telangana
17.3773249,78.4908574,Chaderghat Road,Azampura,Hyderabad,Telangana
17.3738011,78.4833297,Chaderghat Road,Imlibun,Hyderabad,Telangana
17.3737387,78.4833751,Chaderghat Road,Imlibun,Hyderabad,Telangana
17.3639531,78.5020953,Sayeedabad Road,Kurmaguda,Hyderabad,Telangana
17.368507,78.5066778,paltan rd,Akbarbagh,Hyderabad,Telangana
17.3609411,78.4783626,Bhagya laxmi mandir road,Panjeshah,Hyderabad,Telangana
17.3616279,78.4861364,Yakutpura station road,Patthar Kaman,Hyderabad,Telangana
17.3604921,78.5046118,Sayeedabad Main Road,Kurmaguda,Hyderabad,Telangana
17.3511584,78.5041195,CRIDA Road,Banu Nagar,Hyderabad,Telangana
17.3608985,78.4918831,Yakutpura station road,Murtaza Nagar,Hyderabad,Telangana
17.3547757,78.471783,Shah Ali Banda New Road,Shah Ali Banda,Hyderabad,Telangana
17.354809,78.4604201,M.H. Zama Road,Doodhbowli,Hyderabad,Telangana
17.3699495,78.4689471,مسلم جنگ پل۔,Begum Bazaar,Hyderabad,Telangana
17.3213267,78.4326054,Inner Ring Road Underpass,Adarsh Nagar,Hyderabad,Telangana
17.3471762,78.4754085,Lal Darwaza road,Murad Nagar,Hyderabad,Telangana
17.3135927,78.4445508,inner ring road,Durga Nagar,Hyderabad,Telangana
17.356046,78.4554241,Zoo Park Main Road,Bahadurpura,Hyderabad,Telangana
17.3579089,78.515753,Dhobi Ghat Road,Saidabad,Hyderabad,Telangana
17.3636155,78.5266975,Sai Baba Temple Road,Gaddiannaram,Hyderabad,Telangana
17.366311,78.5256092,Konark Theatre Road,Lalitha Nagar,Hyderabad,Telangana
17.3494965,78.5316768,karmanghat road,Tapovan Colony,Hyderabad,Telangana
17.3832839,78.5583611,Inner Ring Road,Mamatha Nagar,Hyderabad,Telangana
17.3775186,78.5580018,Nagole Flyover,Samathapur,Hyderabad,Telangana
17.3916791,78.5589603,Inner Ring Road,Saraswati Colony,Hyderabad,Telangana
17.3862348,78.5585661,Inner Ring Road,Green Fields Colony,Hyderabad,Telangana
17.4026177,78.5591175,Inner Ring Road,Uppal,Hyderabad,Telangana
17.3965943,78.5594798,Inner Ring Road,Surya Nagar,Hyderabad,Telangana
17.321256,78.5669717,Vanasthalipuram Road,Self Finance Colony,Hyderabad,Telangana
17.3268515,78.5734814,Vanasthalipuram Road,Sachivalaya Nagar,Hyderabad,Telangana
17.3356685,78.5695746,Vanasthalipuram Main Road,Prashanth Nagar,Hyderabad,Telangana
17.3776423,78.4998614,Race Course Road,Old Malakpet,Hyderabad,Telangana
17.3743778,78.4789006,Mumbai Highway,Afzalgunj,Hyderabad,Telangana
17.378998,78.4841663,TGSRTC MGBS  Bus Station Road,Imlibun,Hyderabad,Telangana
17.3786869,78.4837286,MGBS Road,Imlibun,Hyderabad,Telangana
17.3780355,78.4843788,TGSRTC MGBS  Bus Station Inner Road,Imlibun,Hyderabad,Telangana
17.3786209,78.4856744,TGSRTC MGBS  Bus Station Inner Road,Kali Khabr,Hyderabad,Telangana
17.3772852,78.4857959,TGSRTC MGBS  Bus Station Inner Road,Kali Khabr,Hyderabad,Telangana
17.3770992,78.4840874,TGSRTC MGBS  Bus Station Inner Road,Imlibun,Hyderabad,Telangana
17.3783175,78.4822183,TGSRTC MGBS  Bus Station Road,Imlibun,Hyderabad,Telangana
17.3769768,78.4861508,TGSRTC MGBS  Bus Station Inner Road,Kali Khabr,Hyderabad,Telangana
17.3763603,78.4822491,TGSRTC MGBS  Bus Station Road,Imlibun,Hyderabad,Telangana
17.378161,78.4825408,TGSRTC MGBS  Bus Station Road,Imlibun,Hyderabad,Telangana
17.3740451,78.4822497,سالار جنگ پل۔,Imlibun,Hyderabad,Telangana
17.3800852,78.4927854,Causeway Bridge,Chaderghat,Hyderabad,Telangana
17.3676111,78.4829236,purani haveli road,Purani Haveli,Hyderabad,Telangana
17.3690506,78.4848558,Balshetty Khet Road,Noorkhan Bazaar,Hyderabad,Telangana
17.3724614,78.4846078,QQSUDA Road,Noorkhan Bazaar,Hyderabad,Telangana
17.3729448,78.4855741,Aziz Jung Road,Noorkhan Bazaar,Hyderabad,Telangana
17.3719459,78.4050471,Chavella road,Sairam Nagar colony,Hyderabad,Telangana
17.3751908,78.4668368,Bedarwadi road,Shah Inayat Gunj,Hyderabad,Telangana
17.382383,78.4701854,Troop Bazar Road,Goshamahal,Hyderabad,Telangana
17.3960282,78.4276586,Golkonda Road,Kakatiya Nagar,Hyderabad,Telangana
17.4022982,78.4108988,Old Bombay Highway,Tolichowki,Hyderabad,Telangana
17.3957585,78.4312471,Golkonda Road,P&T Colony,Hyderabad,Telangana
17.3677044,78.4583566,Purana Pul,Purana Pul,Hyderabad,Telangana
17.3676762,78.4582758,Purana Pul,Purana Pul,Hyderabad,Telangana
17.3855521,78.4487412,Tappachabutra road,HUDA Colony,Hyderabad,Telangana
17.3758404,78.4601463,Dhoolpet Road,Ghode Ki Khabr,Hyderabad,Telangana
17.3984456,78.4625645,Mehdi Nawaj Jung Road,Red Hills,Hyderabad,Telangana
17.3725923,78.4882303,osmanpur rd,Kali Khabr,Hyderabad,Telangana
17.375245,78.48768,abhdulla khan ave,Kali Khabr,Hyderabad,Telangana
17.3691774,78.4904031,saat gudi road,Shah Colony,Hyderabad,Telangana
17.3641174,78.4866123,yakutpura shaik faiz kaman road,Maidan,Hyderabad,Telangana
17.3671521,78.4899057,Chanchalguda road,Shah Colony,Hyderabad,Telangana
17.3694003,78.4935075,Talib Khundmiri Road,Shah Colony,Hyderabad,Telangana
17.3687379,78.5005082,Govt Press Road,Officers Colony,Hyderabad,Telangana
17.3768721,78.4921035,صحیفہ مسجد روڈ,Azampura,Hyderabad,Telangana
17.3761438,78.4922604,صحیفہ مسجد روڈ,Azampura,Hyderabad,Telangana
17.3619093,78.4782577,Panjeshah road,Panjeshah,Hyderabad,Telangana
17.367035,78.4691836,Mama Jumla Pharak lane,Riqab Gunj,Hyderabad,Telangana
17.3617898,78.4706123,chowk road,Ghansi Bazaar,Hyderabad,Telangana
17.3574475,78.47087,Khilwat Road,Khilwat,Hyderabad,Telangana
17.3592846,78.4639836,جامعہ نظامیہ روڈ,Shah Gunj,Hyderabad,Telangana
17.3539022,78.4714006,Asha Talkies road,Shah Ali Banda,Hyderabad,Telangana
17.3401798,78.4395971,Mahmood Nagar road,Hasan Nagar,Hyderabad,Telangana
17.4320342,78.5241913,Krishna Deva Raya Road,Mettuguda,Hyderabad,Telangana
17.4694551,78.5665448,Moula-ali - SP Nagar - ECIL Road,Green Hills Colony,Hyderabad,Telangana
17.4102496,78.5179907,Adikmet Flyover,Lalitha Nagar,Hyderabad,Telangana
17.4085054,78.5147835,Adikmet Main Road,Adikmet,Hyderabad,Telangana
17.3951476,78.5015284,Barkhatpura Bridge,Ratna Nagar,Hyderabad,Telangana
17.3947335,78.4999016,Barkhatpura Road,Ratna Nagar,Hyderabad,Telangana
17.4054269,78.5139144,Osmania University Road,DD Colony,Hyderabad,Telangana
17.4052801,78.5145833,Osmania University Road,DD Colony,Hyderabad,Telangana
17.3950628,78.5069641,Tilak Nagar Main Road,New Nallakunta,Hyderabad,Telangana
17.3898216,78.5049841,Uppal Road,Santhi Nagar,Hyderabad,Telangana
17.384931,78.4843681,turrebhaz khan road,Koti,Hyderabad,Telangana
17.3756387,78.4794308,Osman Shahi Road,Gowliguda,Hyderabad,Telangana
17.3942011,78.4758354,Abids Road,SBH Gun Foundry Jn,Hyderabad,Telangana
17.4005482,78.4702507,Sardar Vallabhai Patel Chowk,Ravindra Bharathi Jn,Hyderabad,Telangana
17.3961479,78.4845973,Hyderguda Main Road,King Koti,Hyderabad,Telangana
17.3999616,78.4707577,Public Garden Road,Fateh Maidan,Hyderabad,Telangana
17.3949253,78.4729216,Chapel Road,SBH Gun Foundry Jn,Hyderabad,Telangana
17.3972093,78.4724028,KK Estate Lane,Fateh Maidan,Hyderabad,Telangana
17.3899044,78.4731316,Nampally Station Road,Abids,Hyderabad,Telangana
17.390458,78.4741564,Chirag Ali Lane,Abids,Hyderabad,Telangana
17.4016914,78.4755998,Basheer Bagh Flyover,Basheerbagh Jn,Hyderabad,Telangana
17.4051809,78.4766906,Bade Ustad Ghulam Ali Khan Marg,Basheer Bagh,Hyderabad,Telangana
17.3920386,78.4801556,Bogulkunta Road,King Koti,Hyderabad,Telangana
17.3926079,78.4969512,barkat pura circle,Barkatpura,Hyderabad,Telangana
17.3904844,78.4962964,Barkatpura Road,Kacheguda,Hyderabad,Telangana
17.40353,78.4826072,Himayat Nagar Main Road,Himayat Nagar,Hyderabad,Telangana
17.3956619,78.4906425,Narayanaguda Road,Narayanguda,Hyderabad,Telangana
17.3970772,78.4920769,Narayanaguda Road,Narayanguda,Hyderabad,Telangana
17.3957993,78.4887347,Narayanguda Main Road,Narayanguda,Hyderabad,Telangana
17.3955392,78.4899793,Narayanguda Main Road,Narayanguda,Hyderabad,Telangana
17.38725,78.4801243,Hanuman tekdi road,Boggulakunta,Hyderabad,Telangana
17.3882768,78.4788667,Hanuman tekdi road,Abids,Hyderabad,Telangana
17.3919928,78.4578744,Jamia Masjid Road,Mallepally,Hyderabad,Telangana
17.390532,78.456532,Jamia Masjid Road,Mallepally,Hyderabad,Telangana
17.3919588,78.4573558,Darus Salm Road,Mallepally,Hyderabad,Telangana
17.3979869,78.4544322,Rai Janakiprasad Road,Vijay Nagar Colony,Hyderabad,Telangana
17.3910506,78.4584269,mallapally masjid road,Habeeb Nagar,Hyderabad,Telangana
17.391107,78.4492624,Asif Nagar road,Indira Nagar,Hyderabad,Telangana
17.3915854,78.4613048,Jamia Masjid Road,Bazaar Ghat,Hyderabad,Telangana
17.3924294,78.4615397,nampally hospital road,Bazaar Ghat,Hyderabad,Telangana
17.392511,78.4598778,Mallepally Road,Bazaar Ghat,Hyderabad,Telangana
17.3898922,78.4632474,yousuf baba darga road,Aghapura,Hyderabad,Telangana
17.390613,78.465159,Yousuf Baba Dargah Road,Aghapura,Hyderabad,Telangana
17.3908684,78.4655013,yousuf baba darga road,Nampally,Hyderabad,Telangana
17.388256,78.4630885,Habeeb Nagar Main Road,Aghapura,Hyderabad,Telangana
17.3906823,78.4632555,Yousuf Baba Dargah Road,Aghapura,Hyderabad,Telangana
17.3711827,78.4638012,Churi Bazaar Road,Chudi Bazaar,Hyderabad,Telangana
17.3746493,78.4751794,Begum Bazar Road,Afzalgunj,Hyderabad,Telangana
17.3766015,78.4732043,Jain Mandir Road,Feelkhana,Hyderabad,Telangana
17.3761287,78.4673063,Old tophknana road,Shah Inayat Gunj,Hyderabad,Telangana
17.3971494,78.4868493,Vittalwadi Road,Narayanguda,Hyderabad,Telangana
17.3945758,78.4861072,King Koti Road,Ramkote,Hyderabad,Telangana
17.4014292,78.4996289,Bagh Lingampally Main Road,Chikkadpally,Hyderabad,Telangana
17.3845008,78.494867,Esmaniya Bazar Road,Nimboliadda,Hyderabad,Telangana
17.3923076,78.4931455,Sahitya Mandira Road,Lingampally,Hyderabad,Telangana
17.391962,78.4964037,Barkat Pura 1 Street,Barkatpura,Hyderabad,Telangana
17.4031014,78.4957045,Chikkadapally Road,Chikkadpally,Hyderabad,Telangana
17.3989997,78.4857023,Himayath Nagar Road,Narayanguda,Hyderabad,Telangana
17.397992,78.4939726,Narayanguda Flyover,Bagh Lingampally,Hyderabad,Telangana
17.3966465,78.4960148,Narayanguda Flyover,Bagh Lingampally,Hyderabad,Telangana
17.3974579,78.4879435,Vitthalwadi Lane,Narayanguda,Hyderabad,Telangana
17.4152358,78.4661131,Necklace Road,Khairatabad,Hyderabad,Telangana
17.4125492,78.4781196,Lower Tank Bund Road,Kattamaisamma Junction,Hyderabad,Telangana
17.4118404,78.4815806,Indira Park Road,Gagan Mahal,Hyderabad,Telangana
17.4094096,78.4890781,Indira Park Road,Jawahar Nagar,Hyderabad,Telangana
17.3975377,78.4987845,Street Number 21,Bagh Lingampally,Hyderabad,Telangana
17.4331041,78.5061494,Chilakalaguda circle,Chilkalguda,Hyderabad,Telangana
17.4326134,78.5038795,Bhoiguda Entrance Road,Chilkalguda,Hyderabad,Telangana
17.4335801,78.5059519,St Johns Road Underpass,Chilkalguda,Hyderabad,Telangana
17.4336024,78.5061197,St Johns Road Underpass,Chilkalguda,Hyderabad,Telangana
17.440986,78.5042298,Sarojini Devi Road,Nehru Nagar,Hyderabad,Telangana
17.4384984,78.4888649,Park Lane,Jawahar Nagar Colony,Hyderabad,Telangana
17.4310104,78.4926169,Rashtrapati Road,Jeera,Hyderabad,Telangana
17.431346,78.4926531,Rashtrapati Road,Jeera,Hyderabad,Telangana
17.4324189,78.4929358,Rashtrapati Road,Jeera,Hyderabad,Telangana
17.4267216,78.5206702,Sitaphalmandi Flyover,Ravindra Nagar,Hyderabad,Telangana
17.4290636,78.5141768,Chilkalaguda Road,Namala Gundu,Hyderabad,Telangana
17.4332878,78.5383328,Lalaguda Flyover,Santhi Nagar,Hyderabad,Telangana
17.4284299,78.5326846,Maula Ali Road,Tarnaka Flyover;TGSRTC Hospital,Hyderabad,Telangana
17.4113709,78.4932639,Hebron Church Road,Jawahar Nagar,Hyderabad,Telangana
17.4120487,78.4925669,Thanvi Road,Gandhi Nagar,Hyderabad,Telangana
17.412947,78.4913331,Street No 4,Gandhi Nagar,Hyderabad,Telangana
17.4141159,78.4961675,Swami Vivekananda Road,Bank of Baroda Colony,Hyderabad,Telangana
17.4185633,78.4909059,rd number 5,Bholakpur,Hyderabad,Telangana
17.4187616,78.4934837,Gulshan Nagar Road,Bholakpur,Hyderabad,Telangana
17.4196766,78.4938324,Dr Waris Road,Bholakpur,Hyderabad,Telangana
17.4189451,78.4973449,Center Basti Road,Musheerabad,Hyderabad,Telangana
17.4200796,78.4931484,Jamia Masjid Road,Bholakpur,Hyderabad,Telangana
17.4188909,78.4985006,Bholakpur Main Street,Musheerabad,Hyderabad,Telangana
17.4175484,78.5015217,Zamistan Pur Street No 11,Zamistanpur,Hyderabad,Telangana
17.413237,78.5030693,Ramnagar Road,Zamistanpur,Hyderabad,Telangana
17.4061089,78.5077813,ZamistanPuri Road,Adikmet Jn,Hyderabad,Telangana
17.4084959,78.5103441,Ramnagar Road,Adikmet,Hyderabad,Telangana
17.4077493,78.5117304,Ramnagar Road,Adikmet,Hyderabad,Telangana
17.4049582,78.5085226,Achyuta Reddy Marg,Adikmet Jn,Hyderabad,Telangana
17.4055384,78.5060618,VST Bus Depot Road,Azamabad X Roads,Hyderabad,Telangana
17.4019719,78.4890085,Ashok Nagar Road,Narayanguda,Hyderabad,Telangana
17.4033372,78.4892722,Ashok Nagar Road,Ashok Nagar,Hyderabad,Telangana
17.4051167,78.4895105,Ashok Nagar Road,Ashok Nagar,Hyderabad,Telangana
17.4404269,78.4846998,Prenderghast Road,Jawahar Nagar Colony,Hyderabad,Telangana
17.4390256,78.4990037,Regimental bazaar main road,Patny,Hyderabad,Telangana
17.4356447,78.4978386,Market Road,Patny,Hyderabad,Telangana
17.435007,78.5007861,Secunderabad Railway Station Road,Chilkalguda,Hyderabad,Telangana
17.4355071,78.5019242,Rezimental Bazar Street Number 1,Chilkalguda,Hyderabad,Telangana
17.4372796,78.4920856,Mahankali Street,Patny,Hyderabad,Telangana
17.4426379,78.5035523,Sardar Patel Road,Nehru Nagar,Hyderabad,Telangana
17.4416789,78.5055822,St Johns Road,Nehru Nagar,Hyderabad,Telangana
17.4432797,78.493206,Sardar Patel Road,Patny,Hyderabad,Telangana
17.4420499,78.4987159,St Marys Road,Patny,Hyderabad,Telangana
17.4506431,78.5039618,W Marredpally Road,Marredpally,Hyderabad,Telangana
17.4434535,78.4904804,General Choudhuri Road,Patny,Hyderabad,Telangana
17.4431922,78.4888198,Sardar Patel Road,Jawahar Nagar Colony,Hyderabad,Telangana
17.4434453,78.485022,Sardar Patel Road,Viman Nagar,Hyderabad,Telangana
17.4436386,78.4775238,Sardar Patel Road,Rasoolpura,Hyderabad,Telangana
17.4437389,78.4748164,Sardar Patel Road,Prakash Nagar,Hyderabad,Telangana
17.4515468,78.4863136,بریگیڈیئر سعید روڈ,Dattawadi,Hyderabad,Telangana
17.4491416,78.4874396,Sikh Village Road,Pratap Colony,Hyderabad,Telangana
17.4555058,78.5034319,Wellington Road,Vijayapuri Colony,Hyderabad,Telangana
17.472841,78.5138873,All Saints Road,Karkhana,Hyderabad,Telangana
17.3972404,78.4232275,Old Bombay Highway,Yousufain Hills,Hyderabad,Telangana
17.3745725,78.5155187,Moosarambagh Road,Moosarambagh,Hyderabad,Telangana
17.4158426,78.5402601,park road,Kakatiya Nagar,Hyderabad,Telangana
17.4172808,78.5417779,street no 2,Habsiguda x Roads,Hyderabad,Telangana
17.4027557,78.5188601,Lane C,DD Colony,Hyderabad,Telangana
17.403875,78.5182515,Lane B,DD Colony,Hyderabad,Telangana
17.3989232,78.5215376,DD Colony Road Number 14,Ramakrishna Nagar,Hyderabad,Telangana
17.4002398,78.520725,DD Colony Road 9,DD Colony,Hyderabad,Telangana
17.4196018,78.5182359,Warasiguda Road,Indira Nagar,Hyderabad,Telangana
17.4130926,78.5087671,Parsigutta Road,Gemini Colony,Hyderabad,Telangana
17.4108296,78.5158967,Lalitha Nagar Road,Lalitha Nagar,Hyderabad,Telangana
17.4114723,78.5139958,Lalitha Nagar-Parsigutta Road,Lalitha Nagar,Hyderabad,Telangana
17.4255823,78.5075868,Padmarao Nagar Road,Padma Rao Nagar,Hyderabad,Telangana
17.4159078,78.43936,Banjara Hills Road Number 10,Banjara Hills,Hyderabad,Telangana
17.4207853,78.4283681,Road No. 10,BN Reddy Colony,Hyderabad,Telangana
17.4021811,78.4533763,Masab Tank Flyover,Shanti Nagar,Hyderabad,Telangana
17.3990122,78.4473794,Golkonda Road,Masab Tank,Hyderabad,Telangana
17.4013585,78.4517432,Masab Tank Road,Masab Tank,Hyderabad,Telangana
17.3963919,78.4505483,NMDC Road,Vijay Nagar Colony,Hyderabad,Telangana
17.4426895,78.4705417,Prakashnagar Road,Prakash Nagar,Hyderabad,Telangana
17.4411068,78.4769877,Patigadda Road,Bapu Bagh Colony,Hyderabad,Telangana
17.4257661,78.4488695,Nagarjuna Circle,Dwarkapuri Colony,Hyderabad,Telangana
17.4363105,78.4301101,Yousufguda Main Road,Prashant Nagar,Hyderabad,Telangana
17.4523366,78.5655676,NFC Main Road,Thirumala Nagar,Hyderabad,Telangana
17.451884,78.5787507,Sainikpuri-ECIL Main Road,Nehru Nagar,Hyderabad,Telangana
17.4437603,78.5476237,Maula Ali Flyover,Ambedkar Nagar,Hyderabad,Telangana
17.4366119,78.5428589,Maula Ali Road,Indira Nagar,Hyderabad,Telangana
17.4031059,78.561201,Meher Garden Road,Uppal,Hyderabad,Telangana
17.4152568,78.5851001,Boduppal Road,Sri Lakshmi Nagar Colony,Hyderabad,Telangana
17.3692681,78.4966755,Mahabubia Masjid Road,Chanchalguda,Hyderabad,Telangana
17.3670745,78.5153971,آسمان گڑھ روڈ,Asmangadh,Hyderabad,Telangana
17.3723232,78.5029847,Paltan Main Road,Anand Nagar Colony,Hyderabad,Telangana
17.3721824,78.5011475,street number 1,Officers Colony,Hyderabad,Telangana
17.3522648,78.5000315,Darabjung Colony Road 3,Vivekananda Nagar,Hyderabad,Telangana
17.3551725,78.5119453,Road Number 7,Lakshmi Nagar,Hyderabad,Telangana
17.3558583,78.5157478,road number 13,Saraswati Colony,Hyderabad,Telangana
17.3513467,78.5110826,2nd Main Road,Vinay Nagar,Hyderabad,Telangana
17.346991,78.5020904,Qalender Nagar Road,Jawahar Nagar Colony,Hyderabad,Telangana
17.3443031,78.5064296,Qalender Nagar Road,DMRL X Roads,Hyderabad,Telangana
17.3455468,78.5155037,Gandhi Statue Road,Champapet,Hyderabad,Telangana
17.3389158,78.4954135,Rakshapuram Road,Rakshapuram,Hyderabad,Telangana
17.3460021,78.4941015,Moin Bagh Road,Habeeb Nagar,Hyderabad,Telangana
17.3427244,78.4806506,Uppuguda Station Road,Hanuman Nagar,Hyderabad,Telangana
17.3656868,78.477046,Mir Alam Mandi Road,Patthergatti,Hyderabad,Telangana
17.3576038,78.4750119,Abdur Rahman road,Moghalpura,Hyderabad,Telangana
17.3593146,78.5152173,road number 4,Saidabad,Hyderabad,Telangana
17.3592106,78.5190264,road number 4,Singareni Colony,Hyderabad,Telangana
17.3639859,78.5235869,Red Cross Road,Gaddiannaram,Hyderabad,Telangana
17.3629702,78.518024,rekha rani hospital road,Tirumala Hill Colony,Hyderabad,Telangana
17.3729913,78.5186896,SBI Officers Colony Road,Moosarambagh,Hyderabad,Telangana
17.3719912,78.5225549,Model Bank Road,Salivahana Nagar,Hyderabad,Telangana
17.3695262,78.5215055,shashi hospital ln,Salivahana Nagar,Hyderabad,Telangana
17.3729774,78.5263359,dwarakapur main road,Bhavani Nagar,Hyderabad,Telangana
17.3723253,78.5255164,road number 3b,Bhavani Nagar,Hyderabad,Telangana
17.3739088,78.537925,chaitanya puri main road,Maruti Nagar,Hyderabad,Telangana
17.3732933,78.5411658,Maruthi Nagar Road,Maruti Nagar,Hyderabad,Telangana
17.3665194,78.5454356,Kothapet-RK Puram Road,Margadarsi Colony,Hyderabad,Telangana
17.3700293,78.5475283,Vijayapuri Colony Main Road,Telephone Colony,Hyderabad,Telangana
17.3706264,78.5461061,SBI Colony Road,Vijayapuri Colony,Hyderabad,Telangana
17.3706735,78.5499914,Road Number 7,Telephone Colony,Hyderabad,Telangana
17.3698593,78.5460723,Vijayapur Colony Road,Vijayapuri Colony,Hyderabad,Telangana
17.3671464,78.5508787,Sai Baba Temple Road,RK Puram,Hyderabad,Telangana
17.3712311,78.5491925,Road No 4,Telephone Colony,Hyderabad,Telangana
17.3697505,78.5268921,konark type institute road,Durga Nagar,Hyderabad,Telangana
17.3699719,78.5303423,Lakshmi Childrens Hospital Road,Durga Nagar,Hyderabad,Telangana
17.3702779,78.5328316,sri shakthi apartment road,MCH Colony,Hyderabad,Telangana
17.380107,78.4982328,Ambedkar Road,Old Malakpet,Hyderabad,Telangana
17.3746283,78.5051815,malakpet gunj road,MCH Colony,Hyderabad,Telangana
17.4245624,78.4485839,Road Number 1,Dwarkapuri Colony,Hyderabad,Telangana
17.4206352,78.4434712,Banjara Hills Road Number 4,Vimal Nagar,Hyderabad,Telangana
17.417496,78.4431344,Banjara Hills Road Number 9,Vimal Nagar,Hyderabad,Telangana
17.4173683,78.4467035,Banjara Hills Road Number 8,Gaffar Khan Colony,Hyderabad,Telangana
17.43942,78.4558454,Parallel rail road,Uma Nagar,Hyderabad,Telangana
17.441128,78.4542389,Parallel rail road,Uma Nagar,Hyderabad,Telangana
17.4430505,78.4594536,Sardar Patel Road,Brahmanwadi,Hyderabad,Telangana
17.4399545,78.4577263,brahmanvadi street number 1,Uma Nagar,Hyderabad,Telangana
17.415585,78.4661476,Necklace Road,Khairatabad,Hyderabad,Telangana
17.4359935,78.4747378,Necklace Road,Bapu Bagh Colony,Hyderabad,Telangana
17.4776958,78.448145,Jeedimetla Main Road,Idpl,Hyderabad,Telangana
17.4596174,78.5359433,Malkajgiri Road,Chanakyapuri,Hyderabad,Telangana
17.4338988,78.4062029,Jubilee Hills Road No 36,Jubilee Hills,Hyderabad,Telangana
17.4359171,78.3974564,Road No. 44,Kavuri Hills,Hyderabad,Telangana
17.4068025,78.4613605,Lakdikapul Road,Lakdi-ka-pul,Hyderabad,Telangana
17.4287423,78.5312237,Street No. 06,Tarnaka Flyover;TGSRTC Hospital,Hyderabad,Telangana
17.4346498,78.4007065,Road number 39,CBI Colony,Hyderabad,Telangana
17.4373957,78.3952944,kavuri hills road,Kavuri Hills,Hyderabad,Telangana
17.4544372,78.3785641,HITEC City–Kondapur Main Road,HITEC City,Hyderabad,Telangana
17.4019536,78.4873372,Street No 8,Narayanguda,Hyderabad,Telangana
17.4031875,78.4843763,Street No 6,Himayat Nagar,Hyderabad,Telangana
17.4048898,78.4839774,Street No 5,Himayat Nagar,Hyderabad,Telangana
17.4044206,78.48477,Street No 6,Himayat Nagar,Hyderabad,Telangana
17.403207,78.4872497,Street No 8,Himayat Nagar,Hyderabad,Telangana
17.4087344,78.4839158,Street Number 6,Domalguda,Hyderabad,Telangana
17.4083581,78.4852397,"Domalguda, Gaganmahal Road No.7",Domalguda,Hyderabad,Telangana
17.4089581,78.486012,Temple Road,Aravinda Nagar,Hyderabad,Telangana
17.4021447,78.4934197,Street Number 12,Chikkadpally,Hyderabad,Telangana
17.4031775,78.4936412,Chikkade Palli Street 3,Ashok Nagar,Hyderabad,Telangana
17.404547,78.4914358,Ashok Nagar Street 12,Ashok Nagar,Hyderabad,Telangana
17.4055976,78.4945436,Chikkade Palli Street No 6,RTC X Road,Hyderabad,Telangana
17.4080333,78.4911593,Street Number 7,Jawahar Nagar,Hyderabad,Telangana
17.4074156,78.4910924,Street Number 8,Jawahar Nagar,Hyderabad,Telangana
17.4098057,78.49243,Lane Number 6,Jawahar Nagar,Hyderabad,Telangana
17.4049907,78.4886445,Street Number 1,Ashok Nagar,Hyderabad,Telangana
17.4099438,78.4917947,Street No 6,Jawahar Nagar,Hyderabad,Telangana
17.3995914,78.4958029,Street Number 13,Chikkadpally,Hyderabad,Telangana
17.3978722,78.5025271,Street no 14,Fever Hospital Jn,Hyderabad,Telangana
17.3978489,78.5032811,Street no 13,Fever Hospital Jn,Hyderabad,Telangana
17.4636984,78.4559551,Balanagar Main Road,Vinayak Nagar,Hyderabad,Telangana
17.4699732,78.4380244,Moosapet Y Junction - Balanagar Road,Bhavani Nagar,Hyderabad,Telangana
17.4568368,78.4504323,Fatehnagar Flyover,Fateh Nagar,Hyderabad,Telangana
17.455381,78.4502122,Fatehnagar Flyover,Shastri Nagar,Hyderabad,Telangana
17.4534702,78.450075,Fatehnagar Flyover,Fateh Nagar,Hyderabad,Telangana
17.455417,78.4488906,Fatehnagar Flyover,Fateh Nagar,Hyderabad,Telangana
17.4981703,78.4764025,Nizamabad Road,Ramaraju Nagar,Hyderabad,Telangana
17.4627266,78.4308971,Moosapet Flyover,Bharath Nagar,Hyderabad,Telangana
17.468115,78.4283361,Moosapet Road,Bharath Nagar,Hyderabad,Telangana
17.4828957,78.3602094,Hafeezpet Flyover,Hafeezpet,Hyderabad,Telangana
17.4635897,78.4861096,Akbar Road,Sikh Village,Hyderabad,Telangana
17.4610907,78.4875276,Khetarpal Road,Sikh Village,Hyderabad,Telangana
17.4595101,78.4932965,Staff Road,Wahab Nagar,Hyderabad,Telangana
17.4603019,78.4583393,gowtham nagar main road,Gautham Nagar,Hyderabad,Telangana
17.4440527,78.4718307,Sardar Patel Road,Prakash Nagar,Hyderabad,Telangana
17.4439032,78.4749731,Sardar Patel Road,Prakash Nagar,Hyderabad,Telangana
17.4444163,78.4694968,Begumpet Airport Flyover,Prakash Nagar,Hyderabad,Telangana
17.3145812,78.5294145,badangpet-almasguda road,Sai Nagar,Hyderabad,Telangana
17.4276375,78.5252815,Railway Degree College Road,Mettuguda,Hyderabad,Telangana
17.3669639,78.47318,Ghansi Bazar road,Riqab Gunj,Hyderabad,Telangana
17.3601561,78.457404,Dargah Road,Devi Bagh,Hyderabad,Telangana
17.3610736,78.4438153,Omer Masjid road,Asad Baba Nagar,Hyderabad,Telangana
17.369307,78.4507079,Karvan Road,Karvan,Hyderabad,Telangana
17.3586455,78.3995747,Glendale School - Maple Town Villas Road,Radha Nagar,Hyderabad,Telangana
17.4392118,78.5084454,Rail Nilayam Road,Tarakrama Nagar,Hyderabad,Telangana
17.4654596,78.3856789,Hitec - Kukatpally Main Road,Khanmet,Hyderabad,Telangana
17.4716849,78.3853863,Hitec - Kukatpally Main Road,APHB Colony,Hyderabad,Telangana
17.4489969,78.385802,Image Garden Road,HITEC City,Hyderabad,Telangana
17.4285618,78.4528095,Punjagutta Flyover,Panjagutta,Hyderabad,Telangana
17.5280518,78.5264607,Eagle,Defence Staff Quarters,Hyderabad,Telangana
17.4743798,78.381997,Underpass,APHB Colony,Hyderabad,Telangana
17.4822371,78.3895962,Hitec - Kukatpally Main Road,Phase 5,Hyderabad,Telangana
17.4259944,78.4495651,Nagarjuna Circle Road,Dwarkapuri Colony,Hyderabad,Telangana
17.4287585,78.454312,Punjagutta Flyover,Nishat Bagh Colony,Hyderabad,Telangana
17.4327574,78.503866,Bhoiguda Exit Road,Chilkalguda,Hyderabad,Telangana
17.4341406,78.5059175,St Johns Road Underpass,Chilkalguda,Hyderabad,Telangana
17.4457331,78.5060255,road number 1,Nehru Nagar,Hyderabad,Telangana
17.445339,78.5026867,Road Number 7,Nehru Nagar,Hyderabad,Telangana
17.4475428,78.503445,Road Number 7,Nehru Nagar,Hyderabad,Telangana
17.445678,78.5044532,street number 5,Nehru Nagar,Hyderabad,Telangana
17.4460322,78.5052363,street number 9,Nehru Nagar,Hyderabad,Telangana
17.4450791,78.5015518,w marredpally road,Nehru Nagar,Hyderabad,Telangana
17.4447795,78.5031226,street number 3,Nehru Nagar,Hyderabad,Telangana
17.445521,78.5027175,street number 4,Nehru Nagar,Hyderabad,Telangana
17.4476865,78.5059826,street number 8,Nehru Nagar,Hyderabad,Telangana
17.4472517,78.5053575,street number 7,Nehru Nagar,Hyderabad,Telangana
17.4461837,78.5076003,street number 7,Nehru Nagar,Hyderabad,Telangana
17.4276239,78.5382327,Street No 1,Hanuman Nagar Colony,Hyderabad,Telangana
17.4255483,78.540075,Street 14,Snehapuri,Hyderabad,Telangana
17.421478,78.5495538,HMT road,HMT Nagar,Hyderabad,Telangana
17.4513363,78.3810594,HITEC City Road,HITEC City,Hyderabad,Telangana
17.4388464,78.3784719,Inorbit Mall Road,Vittal Rao Nagar,Hyderabad,Telangana
17.4514302,78.3963862,100 Feet Road,Guttala Begumpet,Hyderabad,Telangana
17.4368586,78.3935788,Road Number 13,Kavuri Hills,Hyderabad,Telangana
17.4454378,78.3979401,Kakateeya Hills road 9,Guttala Begumpet,Hyderabad,Telangana
17.4442636,78.3983496,Road No 7,Guttala Begumpet,Hyderabad,Telangana
17.4486662,78.3919781,Ayyappa Society Main Road,Ayyappa Society Colony,Hyderabad,Telangana
17.4318076,78.3872068,Inorbit Mall Road,Kavuri Hills,Hyderabad,Telangana
17.4417146,78.4954647,rp road,Patny,Hyderabad,Telangana
17.4356707,78.388438,Durgam Cheruvu Road,Madhapur,Hyderabad,Telangana
17.4324066,78.3869596,Inorbit Mall Road,Kavuri Hills,Hyderabad,Telangana
17.4121634,78.5489049,Habsiguda Main Road,Brindavan Colony,Hyderabad,Telangana
17.4173332,78.5230506,Adikmet Road,Manikeshwari Nagar,Hyderabad,Telangana
17.4043958,78.5120284,Osmania University Road,Adikmet Jn,Hyderabad,Telangana
17.439933,78.450889,DharamKaran Road,Ameerpet,Hyderabad,Telangana
17.4427818,78.4468409,Street 8,Srinivas Nagar,Hyderabad,Telangana
17.4429714,78.4376667,Vengal Rao Nagar Road,Vengal Rao Nagar,Hyderabad,Telangana
17.4246073,78.4513357,Saibaba Temple Road,Panjagutta,Hyderabad,Telangana
17.4407932,78.4436064,Road No. 1,Srinivas Nagar,Hyderabad,Telangana
17.4411359,78.451763,ShamKaran Road,Ameerpet,Hyderabad,Telangana
17.43981,78.4538433,Leela Nagar Road,Uma Nagar,Hyderabad,Telangana
17.4432696,78.450482,Nature Cure Hospital Road,Balkampet,Hyderabad,Telangana
17.4444721,78.4495399,PallaviApts Road,Balkampet,Hyderabad,Telangana
17.445373,78.4498669,Prasant Nagar Colony Road,Balkampet,Hyderabad,Telangana
17.4399334,78.4532014,Leela Nagar Road,Ameerpet,Hyderabad,Telangana
17.4434301,78.4522776,ShamKaran Extn,Balkampet,Hyderabad,Telangana
17.4411992,78.452561,ShamKaran Road,Ameerpet,Hyderabad,Telangana
17.4456696,78.4515254,To NatureCure MMTS Station,Balkampet,Hyderabad,Telangana
17.4965776,78.3966532,kphb main road,KPHB Colony,Hyderabad,Telangana
17.4390515,78.3982701,Kavuri Avenue,Kavuri Hills,Hyderabad,Telangana
17.441829,78.3922716,Road Number 2,Madhapur,Hyderabad,Telangana
17.4391799,78.3910187,Vikram Hospital lane,Madhapur,Hyderabad,Telangana
17.4428448,78.3849791,Vittal Roa Nagar,Vittal Rao Nagar,Hyderabad,Telangana
17.4416441,78.4424891,Street 2,Srinivas Nagar,Hyderabad,Telangana
17.4418201,78.4429574,Street 3,Srinivas Nagar,Hyderabad,Telangana
17.4414664,78.4441434,Street 4,Srinivas Nagar,Hyderabad,Telangana
17.4362873,78.4356994,Yousufguda Main Road,Padala Ramareddy Colony,Hyderabad,Telangana
17.440612,78.4473024,Street 7,Srinivas Nagar,Hyderabad,Telangana
17.4411641,78.4464759,5th Lane,Srinivas Nagar,Hyderabad,Telangana
17.4407408,78.4463934,6th Lane,Srinivas Nagar,Hyderabad,Telangana
17.4879597,78.3980408,KPHB Road No 1 Road,Phase 3,Hyderabad,Telangana
17.4875027,78.3954443,eSeva Lane,Phase 3,Hyderabad,Telangana
17.4885173,78.3970278,Road Number 4,Phase 3,Hyderabad,Telangana
17.4881922,78.3958174,Road Number 4,Phase 3,Hyderabad,Telangana
17.4871123,78.3980995,Road Number 2,Phase 3,Hyderabad,Telangana
17.4934106,78.3944519,Rythubazar Road,KPHB Colony,Hyderabad,Telangana
17.4867947,78.3961973,Road Number 3,Phase 3,Hyderabad,Telangana
17.4908527,78.3999534,Road Number 2,KPHB Colony,Hyderabad,Telangana
17.4886505,78.3939784,Kalyan Road,Phase 3,Hyderabad,Telangana
17.4941278,78.3964554,6,KPHB Colony,Hyderabad,Telangana
17.495308,78.3958672,Jspiders Road,KPHB Colony,Hyderabad,Telangana
17.4359493,78.4394195,Jayaprakashnagar,Madhura Nagar,Hyderabad,Telangana
17.4344182,78.4382554,Jayaprakashnagar,Padala Ramareddy Colony,Hyderabad,Telangana
17.4324487,78.4362421,lane no 2,Padala Ramareddy Colony,Hyderabad,Telangana
17.4422378,78.4357622,d block road,Vengal Rao Nagar,Hyderabad,Telangana
17.443154,78.4347324,Siddartha Nagar Road number 1,Vengal Rao Nagar,Hyderabad,Telangana
17.4427371,78.4341027,Siddartha Nagar Road number 2,Vengal Rao Nagar,Hyderabad,Telangana
17.4422251,78.4340093,Siddartha Nagar Road number 3,Vengal Rao Nagar,Hyderabad,Telangana
17.441942,78.4328092,Ceoss Road 10,Vengal Rao Nagar,Hyderabad,Telangana
17.4386269,78.4416446,Srinivasa Nagar West,Madhura Nagar,Hyderabad,Telangana
17.4495095,78.3627201,Gachibowli Kondapur Link Road,Studiorigin - Interior Designer in Hyderabad,Hyderabad,Telangana
17.4464371,78.359609,JV Colony main road,J V Colony,Hyderabad,Telangana
17.4458093,78.4326623,Kalyan Nagar Cross Road,Vengal Rao Nagar,Hyderabad,Telangana
17.4478869,78.4314853,Kalyan Nagar Cross Road,Erragadda,Hyderabad,Telangana
17.4568522,78.4286311,Borabanda Mothinagar road,Banjara Nagar,Hyderabad,Telangana
17.445074,78.4502763,Crossroad 6,Balkampet,Hyderabad,Telangana
17.4451853,78.4498779,Crossroad 4,Balkampet,Hyderabad,Telangana
17.4453362,78.4494678,Crossroad 2,Balkampet,Hyderabad,Telangana
17.4455475,78.4502974,Crossroad 5,Balkampet,Hyderabad,Telangana
17.445715,78.4498177,Crossroad 3,Balkampet,Hyderabad,Telangana
17.4458513,78.4494303,Crossroad 1,Balkampet,Hyderabad,Telangana
17.4453435,78.3888725,Cyber Towers - Madhapur Main Road,Vittal Rao Nagar,Hyderabad,Telangana
17.4385796,78.3875101,Vittal rao Nagar road,Madhapur,Hyderabad,Telangana
17.4435358,78.3869745,Vinayaka road,Vittal Rao Nagar,Hyderabad,Telangana
17.4435575,78.386302,Vinayaka Nagar,Vittal Rao Nagar,Hyderabad,Telangana
17.4451621,78.4414335,sai baba temple road,SR Nagar,Hyderabad,Telangana
17.4431652,78.4441671,Street 10,SR Nagar,Hyderabad,Telangana
17.4436093,78.4431846,16th ln,SR Nagar,Hyderabad,Telangana
17.4439795,78.4428036,14th road,SR Nagar,Hyderabad,Telangana
17.4428938,78.4417452,Street 12,SR Nagar,Hyderabad,Telangana
17.4941126,78.3157881,Old Bombay Road,Taranagar,Hyderabad,Telangana
17.4940055,78.3159481,Old Bombay Road,Taranagar,Hyderabad,Telangana
17.4922891,78.3068689,Bhel Road,BHEL Township,Hyderabad,Telangana
17.4847557,78.3208884,Lingampally Underpass,Adarsh Nagar,Hyderabad,Telangana
17.484904,78.3206476,Lingampally Underpass,Adarsh Nagar,Hyderabad,Telangana
17.4337126,78.4334611,Navodaya colony road,Ganapati Complex,Hyderabad,Telangana
17.4357412,78.4408907,Keerthi Apartments Lane,Yellareddyguda,Hyderabad,Telangana
17.4328114,78.4408269,law college road,Yellareddyguda,Hyderabad,Telangana
17.4332655,78.4442959,Yellareddyguda Road,Yellareddyguda,Hyderabad,Telangana
17.4319749,78.4451547,Kallu Compound road,Yellareddyguda,Hyderabad,Telangana
17.4340059,78.4388019,Jayaprakashnagar,Yellareddyguda,Hyderabad,Telangana
17.4385856,78.4533735,Park Avenue Road,Ameerpet,Hyderabad,Telangana
17.4380142,78.4533302,Park Avenue Road,Ameerpet,Hyderabad,Telangana
17.4582287,78.4224128,Moti Nagar Main road,Panduranga Rao Colony,Hyderabad,Telangana
17.4570917,78.4259059,PR Nagar road,Panduranga Rao Colony,Hyderabad,Telangana
17.4525609,78.4226056,sriram nagar road,Kalyan Nagar,Hyderabad,Telangana
17.4458735,78.4272294,AG Colony Road No.1,AG Colony,Hyderabad,Telangana
17.4330473,78.4011425,Road number 56,CBI Colony,Hyderabad,Telangana
17.4304141,78.4061615,Road number 55,Jubilee Hills,Hyderabad,Telangana
17.4286525,78.407708,road no 57,Jubilee Hills,Hyderabad,Telangana
17.4284708,78.4089269,Road number 59,Jubilee Hills,Hyderabad,Telangana
17.4295574,78.4083078,Road number 58,Jubilee Hills,Hyderabad,Telangana
17.4285985,78.4101297,Road Number 60,Jubilee Hills,Hyderabad,Telangana
17.4327837,78.4043444,Road number 41,Jubilee Hills,Hyderabad,Telangana
17.4314434,78.4042051,Road number 43,Jubilee Hills,Hyderabad,Telangana
17.4321743,78.4031977,Road number 44A,CBI Colony,Hyderabad,Telangana
17.4329342,78.4025569,Road number 42,CBI Colony,Hyderabad,Telangana
17.425799,78.409524,Road No. 67,Nandagiri Hills,Hyderabad,Telangana
17.4247207,78.4110265,road no 68,Journalist Colony,Hyderabad,Telangana
17.4269422,78.4138499,Road No 63/A,Jubilee Hills,Hyderabad,Telangana
17.4261607,78.4139715,Road No 64,Jubilee Hills,Hyderabad,Telangana
17.4311242,78.4308884,navodaya colony road,Prashant Nagar,Hyderabad,Telangana
17.4309668,78.4351155,sbi colony road,Srinagar Colony,Hyderabad,Telangana
17.4253914,78.4501318,Hindu Nagar Road,Dwarkapuri Colony,Hyderabad,Telangana
17.4242416,78.4490205,Dwarkapuri road,Dwarkapuri Colony,Hyderabad,Telangana
17.4202769,78.4497881,Post Office Lane,Dwarkapuri Colony,Hyderabad,Telangana
17.4179748,78.4590723,Raj Bhavan quarters road,Irrum Manzil,Hyderabad,Telangana
17.4080973,78.4550588,Chintal Basti Main Road,Chintal Basti,Hyderabad,Telangana
17.4356305,78.4481201,Balkampet road,Ameerpet,Hyderabad,Telangana
17.4416084,78.4419752,Street 1,Srinivas Nagar,Hyderabad,Telangana
17.4413887,78.4450231,Street 5,Srinivas Nagar,Hyderabad,Telangana
17.4427331,78.4425939,Street 11,SR Nagar,Hyderabad,Telangana
17.4399744,78.4453363,Street 6,Srinivas Nagar,Hyderabad,Telangana
17.4284256,78.4148676,road no 1b,Jubilee Hills,Hyderabad,Telangana
17.4318757,78.4164272,Road Number 13,Hylam Colony,Hyderabad,Telangana
17.4329355,78.410565,Road Number 22,Jubilee Hills,Hyderabad,Telangana
17.4323117,78.408272,Road Number 22A,Jubilee Hills,Hyderabad,Telangana
17.4292413,78.4222687,road no 7,Venkatagiri,Hyderabad,Telangana
17.4282675,78.4221615,road no 5,Venkatagiri,Hyderabad,Telangana
17.418233,78.4342647,Ibrahim Nagar Road,Nandi Nagar,Hyderabad,Telangana
17.4187383,78.4308253,Nandi Nagar road,Nandi Nagar,Hyderabad,Telangana
17.4182104,78.4358972,Mithila Nagar Road,Banjara Hills,Hyderabad,Telangana
17.4201662,78.4373369,Crosswinds road,Green Valley,Hyderabad,Telangana
17.4339365,78.4365935,street no 1,Padala Ramareddy Colony,Hyderabad,Telangana
17.4514891,78.3810718,HITEC City–Kondapur Main Road,HITEC City,Hyderabad,Telangana
17.4318628,78.490138,Distillery Road,Jeera,Hyderabad,Telangana
17.4315459,78.4878008,Bal Hanuman Mandir Road,Jeera,Hyderabad,Telangana
17.4270305,78.4014124,Road Number 52,Silent Valley Hills,Hyderabad,Telangana
17.4304948,78.3941114,Rd Number 46,CBI Colony,Hyderabad,Telangana
17.4313106,78.4291599,road number 5,Prashant Nagar,Hyderabad,Telangana
17.4283914,78.4299277,3rd road,Kamalapuri Colony,Hyderabad,Telangana
17.4257504,78.419207,Road No. 2,Venkatagiri,Hyderabad,Telangana
17.4217732,78.4567339,Red rose restaurant lane,Somajiguda,Hyderabad,Telangana
17.4461755,78.4608181,Gurumurthy Lane Street Number 3,Shyamlal Buildings,Hyderabad,Telangana
17.4450485,78.4618453,Shamlal Buildings,Shyamlal Buildings,Hyderabad,Telangana
17.4471858,78.4609119,Lane Number 1,Shyamlal Buildings,Hyderabad,Telangana
17.4465875,78.4632403,street number 4,Begumpet,Hyderabad,Telangana
17.4459789,78.4640517,street number 4,Begumpet,Hyderabad,Telangana
17.4415761,78.46243,Mayuri Marg,Brahmanwadi,Hyderabad,Telangana
17.4431063,78.4652755,chikoti garden road,Begumpet,Hyderabad,Telangana
17.4442948,78.4641769,Chikoti Gardens,Begumpet,Hyderabad,Telangana
17.4138785,78.3334287,ISB Road,Financial District,Hyderabad,Telangana
17.435784,78.3399372,ISB Ring Road,Nanakramguda,Hyderabad,Telangana
17.4415282,78.474981,Chiran Fort club lane,Prakash Nagar,Hyderabad,Telangana
17.5139162,78.3968494,Pragathi Nagar Road,Lake View Colony,Hyderabad,Telangana
17.4743867,78.5102328,Siddipet Road,Karkhana,Hyderabad,Telangana
17.4450702,78.5339881,Malkajgiri Road,Satya Reddy Colony,Hyderabad,Telangana
17.4010981,78.4729849,Control Room Road,Band Lines Colony,Hyderabad,Telangana
17.4011257,78.4760293,Hyderguda Main Road,Basheerbagh Jn,Hyderabad,Telangana
17.3989597,78.4925906,Narayanguda Road,Narayanguda,Hyderabad,Telangana
17.4019665,78.5756353,Hyderabad-Janagam Highway,Sri Sri Nagar Colony,Hyderabad,Telangana
17.4211119,78.6538324,Venkatapur Road,Chowder Guda,Hyderabad,Telangana
17.4015902,78.5769302,Hyderabad-Janagam Highway,Sri Sri Nagar Colony,Hyderabad,Telangana
17.4015123,78.5791532,Hyderabad-Janagam Highway,Bhagya Nagar Colony,Hyderabad,Telangana
17.4013542,78.5651227,Hyderabad-Janagam Highway,Venkateswara Nagar,Hyderabad,Telangana
17.5030518,78.5145767,Hyderabad - Karimnagar Highway,PO Golnaka,Hyderabad,Telangana
17.5037554,78.5151001,Hyderabad - Karimnagar Highway,GV Reddy Colony,Hyderabad,Telangana
17.4988845,78.4765778,Nizamabad Road,Ramaraju Nagar,Hyderabad,Telangana
17.3583393,78.5440585,Vijaywada Highway,NTR Nagar,Hyderabad,Telangana
17.4050135,78.4676494,AG Office Road,Saifabad,Hyderabad,Telangana
17.4032514,78.4663202,Lakdikapul Road,Saifabad,Hyderabad,Telangana
17.4049586,78.4613198,Lakdikapul Road,Lakdi-ka-pul,Hyderabad,Telangana
17.502893,78.4700377,Quthubullapur Main Road,Bank Colony,Hyderabad,Telangana
17.3161702,78.4999306,RCI road,Roshan Dowla Qadri Colony,Hyderabad,Telangana
17.3232973,78.485207,Barkas Cemetry lane,Maqbool Nagar,Hyderabad,Telangana
17.2749022,78.5466299,Nadergul - Gurramguda Road,Sri Balaji Residency,Hyderabad,Telangana
17.4549467,78.3144477,CIS road,Gulmohar Park Colony,Hyderabad,Telangana
17.3668243,78.4858423,rahmat ali galli,Dabeerpura,Hyderabad,Telangana
17.3662325,78.4851727,sunar galli,Maidan,Hyderabad,Telangana
17.3669467,78.4847808,khaleel bidri galli,Dabeerpura,Hyderabad,Telangana
17.3662675,78.4874081,ali cafe to bridge road,Dabeerpura,Hyderabad,Telangana
17.369419,78.4842618,sbh road,Noorkhan Bazaar,Hyderabad,Telangana
17.3668738,78.4851528,Badh ka jhaad road,Dabeerpura,Hyderabad,Telangana
17.3667669,78.4933815,چنچلگوڑہ مین روڈ,Shah Colony,Hyderabad,Telangana
17.3670571,78.4900126,Dabeerpura Flyover,Shah Colony,Hyderabad,Telangana
17.3688363,78.4789962,Chatta Bazar Road,Dar-Ul-Shifa,Hyderabad,Telangana
17.4554034,78.3288137,Library Road,Sudarshan Nagar Colony,Hyderabad,Telangana
17.4086476,78.5127963,Lalitha Nagar Road,Adikmet,Hyderabad,Telangana
17.4096729,78.511793,Street Number 4,Adikmet,Hyderabad,Telangana
17.4025677,78.5107072,Vidyanagar Railway Stn. Road,Adikmet Jn,Hyderabad,Telangana
17.4152356,78.5188263,Jamai Osmania Road,Boudha Nagar,Hyderabad,Telangana
17.4112186,78.5143158,Lalitha Nagar-Parsigutta Road,Lalitha Nagar,Hyderabad,Telangana
17.405897,78.4992713,RTC X Road,VST X Roads,Hyderabad,Telangana
17.3993252,78.5108271,Nallakunta Road,Vidya Nagar Junction,Hyderabad,Telangana
17.393643,78.4979242,Street No 11,Barkatpura,Hyderabad,Telangana
17.3927121,78.5109099,Shivam Road,Tilak Nagar,Hyderabad,Telangana
17.4847137,78.4970582,Military Dairy Farm Road,Ved Vihar AWHO,Hyderabad,Telangana
17.4352434,78.4450667,Ameerpet Road - Panjagutta Main Road,Ameerpet,Hyderabad,Telangana
17.4052237,78.4800217,Shaheed Yar Jung road,Basheer Bagh,Hyderabad,Telangana
17.4040227,78.4800995,Shaheed Yar Jung road,Hyderguda,Hyderabad,Telangana
17.4025948,78.4781827,Shaheed Yar Jung road,Hyderguda,Hyderabad,Telangana
17.3988525,78.4841581,Street Number 16,Hyderguda,Hyderabad,Telangana
17.4003767,78.485505,Himayat Nagar Street Number 15,Narayanguda,Hyderabad,Telangana
17.3145178,78.6031618,Torror Road,Mythri Vihar,Hyderabad,Telangana
17.3305873,78.6088939,Kuntloor Road,Subramanya Nagar,Hyderabad,Telangana
17.330937,78.6301214,Nagole-Bandlaguda Main Road,Kuntloor,Hyderabad,Telangana
17.4937448,78.322358,Gandhi Statue Lane,Indira Nagar,Hyderabad,Telangana
17.4978035,78.3174633,Ameenpur Road,Gowtami Nagar Colony,Hyderabad,Telangana
17.3049644,78.5244192,Balapur - Badangpet Road,Sai Homes Colony,Hyderabad,Telangana
17.3082174,78.5079702,Balapur - Badangpet Road,Vijayadurga Colony,Hyderabad,Telangana
17.3530814,78.5598441,Mansoorabad Road,Visalandhra Colony,Hyderabad,Telangana
17.511614,78.5228108,Rajendra Singhji Road,Vivekananda Colony,Hyderabad,Telangana
17.4993462,78.525286,Balaklava Road,Saraswati Nagar,Hyderabad,Telangana
17.4828996,78.5410984,Sainikpuri Road,Sri Colony,Hyderabad,Telangana
17.4876025,78.560086,Yellareddyguda Road,Kapra,Hyderabad,Telangana
17.4560173,78.5508148,E Anandbagh Main Road,ZTC Jn,Hyderabad,Telangana
17.4911529,78.5491634,H. T. Line Road,O.U.T Colony,Hyderabad,Telangana
17.4980687,78.5419558,High Tension Line road,Ammuguda,Hyderabad,Telangana
17.4853811,78.550898,2nd Radial Road,Vijayapuri,Hyderabad,Telangana
17.4689623,78.5463905,vinayak nagar road,East Deen Dayal Nagar,Hyderabad,Telangana
17.4976634,78.3404452,Deepthisree Nagar road,Sri Durga Colony,Hyderabad,Telangana
17.4970754,78.4008405,HMT Sathavahana Nagar Access Road,Bhagyanagar Colony,Hyderabad,Telangana
17.2900011,78.5622422,Nadergul - Gurramguda Road,Prime Fortune,Hyderabad,Telangana
17.2726923,78.5837208,Yamjal Rd,Vintage Homes,Hyderabad,Telangana
17.5012502,78.4543889,Quthbullapur Main Road,Venkateswara Nagar,Hyderabad,Telangana
17.4845709,78.3937662,BSNL Office Road,Phase 3,Hyderabad,Telangana
17.4032539,78.4569586,Mahavir Marg,AC Guards,Hyderabad,Telangana
17.546034,78.3626595,Mallampet Road,Bachupally,Hyderabad,Telangana
17.4089649,78.497353,Golconda X Roads,RTC X Road,Hyderabad,Telangana
17.3961577,78.4888865,Workshop Lane,Narayanguda,Hyderabad,Telangana
17.3963607,78.488359,Narrow Lane,Narayanguda,Hyderabad,Telangana
17.4181057,78.509618,Parsigutta Road,Warasiguda,Hyderabad,Telangana
17.4207341,78.5090043,Padmarao Nagar Road,Bapu Nagar,Hyderabad,Telangana
17.4151875,78.5109381,Padmarao Nagar Road,Parsigutta,Hyderabad,Telangana
17.4201919,78.5129303,Warasiguda-Parsigutta Road,Warasiguda,Hyderabad,Telangana
17.4255058,78.5162544,Namalagundu Road,Sri Rayapatnam,Hyderabad,Telangana
17.4273046,78.5179435,Sitaphalmandi Flyover,Sitaphalmandi,Hyderabad,Telangana
17.4131395,78.5130839,Parsigutta Road,Lalitha Nagar,Hyderabad,Telangana
17.4021906,78.5081762,RTC X Road,Vidya Nagar Junction,Hyderabad,Telangana
17.5526615,78.4537027,Doolapally Road,Gangastan,Hyderabad,Telangana
17.4574582,78.5634576,A.P.H.B Colony Main Road,APHB Colony,Hyderabad,Telangana
17.4355193,78.3618793,Outer Ring Road,Telecom Nagar,Hyderabad,Telangana
17.4201683,78.3406413,Road No 2,Nanakramguda,Hyderabad,Telangana
17.4356144,78.3440345,ISB Main Entrance Road,Gachibowli,Hyderabad,Telangana
17.4359411,78.3371904,Road Number 5,Gowlidoddi,Hyderabad,Telangana
17.4368824,78.3391685,Road number 6,Gachibowli,Hyderabad,Telangana
17.4076024,78.4642013,Bada Ganesh Road,Saifabad,Hyderabad,Telangana
17.4108503,78.4627181,Khairatabad Market Road,Khairatabad,Hyderabad,Telangana
17.4099981,78.463816,Khairtabad Market Road,Khairatabad,Hyderabad,Telangana
17.410538,78.4645975,Khairatabad Market Road,Khairatabad,Hyderabad,Telangana
17.4106942,78.4638312,Khairatabad Market Road,Khairatabad,Hyderabad,Telangana
17.4094182,78.4446487,Road No 13,Sri Ram Nagar Colony,Hyderabad,Telangana
17.410204,78.4523654,Prem Nagar road,Anand Nagar,Hyderabad,Telangana
17.4118758,78.4616585,Vegetable Market Road,Khairatabad,Hyderabad,Telangana
17.4105284,78.4606587,Lakdikapool Road,Khairatabad,Hyderabad,Telangana
17.392425,78.4524028,Feroze Gandhi Nagar Road,Indira Nagar,Hyderabad,Telangana
17.4064091,78.4865278,Street No. 10,Domalguda,Hyderabad,Telangana
17.4050408,78.4704084,Adarsh Nagar,Adarsh Nagar,Hyderabad,Telangana
17.4056293,78.4711971,Birla Temple Road,Adarsh Nagar,Hyderabad,Telangana
17.3990916,78.4579965,Zar Lane,AC Guards,Hyderabad,Telangana
17.3994232,78.4598498,Niloufer hospital road,AC Guards,Hyderabad,Telangana
17.3982661,78.4593388,AC Guards Road,AC Guards,Hyderabad,Telangana
17.3928268,78.4627464,Habeeb Nagar Main Road,Bazaar Ghat,Hyderabad,Telangana
17.3489631,78.5697775,Road No 2,Viveka Nanda Nagar,Hyderabad,Telangana
17.3727422,78.469583,Gandhi Gali Rd,Begum Bazaar,Hyderabad,Telangana
17.4137471,78.4424245,Banjara Hills Road Number 11,Gauri Shankar Nagar,Hyderabad,Telangana
17.422655,78.4261369,Jogging track,BN Reddy Colony,Hyderabad,Telangana
17.3430429,78.5473878,Bairamalguda Flyover,Shalivahana Nagar,Hyderabad,Telangana
17.4133237,78.4603364,Khairatabad Flyover,Khairatabad,Hyderabad,Telangana
17.4150981,78.4651521,Khairatabad Flyover,Khairatabad,Hyderabad,Telangana
17.3823853,78.4796884,Putlibowl Road,Jambagh,Hyderabad,Telangana
17.3806263,78.4491698,Jhirra road,HUDA Colony,Hyderabad,Telangana
17.4844796,78.5467422,3rd Cross Road,Vayupuri,Hyderabad,Telangana
17.3198224,78.4289188,P.V. Narasimha Rao Flyover,Adarsh Nagar,Hyderabad,Telangana
17.3859911,78.4319244,Gudi Malkapur road,Balaji Nagar,Hyderabad,Telangana
17.5084851,78.4790118,Nizamabad Road,Jeedimetla Village,Hyderabad,Telangana
17.4459199,78.3813162,Patrika Nagar road Number 3,Vittal Rao Nagar,Hyderabad,Telangana
17.4472665,78.3802088,street number 3,HITEC City,Hyderabad,Telangana
17.4464793,78.3809839,inovies street,HITEC City,Hyderabad,Telangana
17.4476638,78.3802515,street number 2,HITEC City,Hyderabad,Telangana
17.3669944,78.4945057,Chanchalguda Road,Chanchalguda,Hyderabad,Telangana
17.3688174,78.4881454,Farhat Nagar road,Dabeerpura,Hyderabad,Telangana
17.3674357,78.4848905,Dabeerpura Nala road,Dabeerpura,Hyderabad,Telangana
17.3678216,78.4852838,Dabeerpura Nala road,Dabeerpura,Hyderabad,Telangana
17.4811344,78.5000061,Teacher's Colony Road,Ved Vihar AWHO,Hyderabad,Telangana
17.4656468,78.4857794,BHEL enclave road,Manovikas Nagar,Hyderabad,Telangana
17.4653315,78.4842175,ICRISAT Colony Road,Manovikas Nagar,Hyderabad,Telangana
17.4435332,78.479213,Sardar Patel Road,Sindhi Colony,Hyderabad,Telangana
17.4684863,78.3667603,Green Hamlet Road,Raghavendra Colony,Hyderabad,Telangana
17.4377457,78.4838234,Jawahar Nagar Colony Road,Jawahar Nagar Colony,Hyderabad,Telangana
17.4189253,78.4657902,People's Plaza,MS Makta,Hyderabad,Telangana
17.4815853,78.4988262,"Ved Vihar, AWHO Colony",Ved Vihar AWHO,Hyderabad,Telangana
17.4592844,78.4975362,Kharkhana road,P&T Colony,Hyderabad,Telangana
17.4454693,78.3495708,Research Street,Gachibowli,Hyderabad,Telangana
17.4892708,78.5416982,6th Avenue,Sainikpuri,Hyderabad,Telangana
17.4898531,78.5397687,5th Avenue,Nirmal Nagar,Hyderabad,Telangana
17.4838449,78.5369912,Defence Colony Road,Saptagiri Colony,Hyderabad,Telangana
17.4948234,78.5467828,road no 1,O.U.T Colony,Hyderabad,Telangana
17.4780412,78.5219786,Robert Road,Venkateshwara Colony,Hyderabad,Telangana
17.4810592,78.5152286,Lal Bazar,Lal Bazaar,Hyderabad,Telangana
17.4888153,78.5308653,vivekandapuram - CDM road,Vivekanandapuram,Hyderabad,Telangana
17.4753645,78.5518105,sainathpuram road,Geetha Nagar,Hyderabad,Telangana
17.4722379,78.5544168,Creative Nagar Road,Geetha Nagar,Hyderabad,Telangana
17.4747182,78.5567937,Tank Road,Geetha Nagar,Hyderabad,Telangana
17.4926756,78.5401191,6th cross road,Nirmal Nagar,Hyderabad,Telangana
17.4931587,78.5395876,7th cross road,Nirmal Nagar,Hyderabad,Telangana
17.4910026,78.5399436,2nd cross road,Nirmal Nagar,Hyderabad,Telangana
17.491408,78.5399762,3rd cross road,Nirmal Nagar,Hyderabad,Telangana
17.491868,78.5395035,4th cross road,Nirmal Nagar,Hyderabad,Telangana
17.4922082,78.540432,5th cross road,Nirmal Nagar,Hyderabad,Telangana
17.4906796,78.5394485,1st cross road,Nirmal Nagar,Hyderabad,Telangana
17.4849915,78.5461336,road number 5,Vayupuri,Hyderabad,Telangana
17.5103529,78.509725,Alwal Road,Reddy Enclave,Hyderabad,Telangana
17.5076777,78.4862369,sri sai enclave road,Spring Fields Colony,Hyderabad,Telangana
17.5355732,78.4559001,Shapur Road,Apurupa Township,Hyderabad,Telangana
17.4815829,78.5624543,Gandhi Nagar Road,Prashanti Nagar,Hyderabad,Telangana
17.479241,78.5615618,Centre Road,Prashanti Nagar,Hyderabad,Telangana
17.4788116,78.5613032,1st Cross Road,Prashanti Nagar,Hyderabad,Telangana
17.4957787,78.5953273,Dammaiguda X Road,Dammaiguda,Hyderabad,Telangana
17.5138534,78.5520464,Balaji Nagar Main Road,Balaji Nagar,Hyderabad,Telangana
17.4869121,78.5351348,Defence Colony Road,Saptagiri Colony,Hyderabad,Telangana
17.495331,78.5481214,lane no 3,O.U.T Colony,Hyderabad,Telangana
17.495978,78.5493429,link road,O.U.T Colony,Hyderabad,Telangana
17.4946782,78.547275,road no 2,O.U.T Colony,Hyderabad,Telangana
17.4564943,78.3730312,HITEC City–Madhapur Road,Kondapur,Hyderabad,Telangana
17.4529579,78.3711277,Hitech city Madhapur road,Whitefields,Hyderabad,Telangana
17.4474919,78.3761109,Deloitte driveway,HITEC City,Hyderabad,Telangana
17.4809903,78.5385705,Madhura Nagar Rd No 2,Sri Colony,Hyderabad,Telangana
17.4809113,78.537947,Madhura Nagar Rd No 1,Gandhi Nagar,Hyderabad,Telangana
17.4815984,78.5459376,Telecom Colony Road,Shiva Nagar Colony,Hyderabad,Telangana
17.4556191,78.3656121,Greenfield Road,Whitefields,Hyderabad,Telangana
17.4549332,78.3669517,"Alluri Meadows, Road No:1",Whitefields,Hyderabad,Telangana
17.3950373,78.5034157,Street No 1,Fever Hospital Jn,Hyderabad,Telangana
17.4696101,78.4608351,BHEL R & D Road,Raju Colony,Hyderabad,Telangana
17.4634585,78.4752706,Seven temples road,Vayu Nagar,Hyderabad,Telangana
17.4762815,78.3873007,Indu Main Road,APHB Colony,Hyderabad,Telangana
17.4894205,78.3865668,KPHB 6th Phase Road,Phase 9,Hyderabad,Telangana
17.4605215,78.494598,Gunrock Enclave Road,Gunrock Enclave,Hyderabad,Telangana
17.3894777,78.5111285,Zinda Tilismath Road,Qadri Bagh,Hyderabad,Telangana
17.3930432,78.5128373,Tilak Nagar Road,Qadri Bagh,Hyderabad,Telangana
17.3899792,78.5156176,Residential road,Qadri Bagh,Hyderabad,Telangana
17.3907884,78.5136442,residential road,Qadri Bagh,Hyderabad,Telangana
17.3714624,78.5158281,Residential Road,Moosarambagh,Hyderabad,Telangana
17.3712385,78.5160241,Residential Raod,Moosarambagh,Hyderabad,Telangana
17.3709079,78.5153842,Residential Road,Asmangadh,Hyderabad,Telangana
17.3713021,78.5157899,Residential road,Moosarambagh,Hyderabad,Telangana
17.3880464,78.5132955,Residential road,Qadri Bagh,Hyderabad,Telangana
17.3836179,78.4684063,Street Number 7,Dar Us Salaam,Hyderabad,Telangana
17.3820544,78.4683381,Chandan Wadi Goshmahal lane,Goshamahal,Hyderabad,Telangana
17.3857095,78.4601722,Goshamahal Road,Habeeb Nagar,Hyderabad,Telangana
17.3807964,78.4679055,Street Number 24,Goshamahal,Hyderabad,Telangana
17.4632419,78.3667808,1st Cross,jubilee gardens,Hyderabad,Telangana
17.4634781,78.3659696,Police Camp 3rd Cross Road,jubilee gardens,Hyderabad,Telangana
17.4663618,78.3388767,Masjid Banda Link,Masjid Banda,Hyderabad,Telangana
17.4636822,78.3404596,Masjid Banda Main Road,Masjid Banda,Hyderabad,Telangana
17.4821391,78.3688128,Hafeezpet Hitec Link Road,Aditya Nagar,Hyderabad,Telangana
17.4753841,78.5672052,Sainikpuri-ECIL Main Road,Bhavani Nagar,Hyderabad,Telangana
17.4631102,78.4743728,Santhosh Reddy Road,Vayu Nagar,Hyderabad,Telangana
17.4427526,78.4398439,Block A,Madhura Nagar,Hyderabad,Telangana
17.4729126,78.4813068,Hasmathpet bus stop road,Dubai Gate,Hyderabad,Telangana
17.4472799,78.3855375,Image Garden Road,Vittal Rao Nagar,Hyderabad,Telangana
17.4443019,78.3919648,Road No. 2A,Madhapur,Hyderabad,Telangana
17.4109316,78.4682274,Mint Road,Iqbal Minar Jn,Hyderabad,Telangana
17.4066404,78.4623471,Lakdikapul Road,Lakdi-ka-pul,Hyderabad,Telangana
17.4031937,78.4626831,Lakdikapul Road,Lakdi-ka-pul,Hyderabad,Telangana
17.4067457,78.4619771,Lakdikapul Road,Lakdi-ka-pul,Hyderabad,Telangana
17.502076,78.5217888,Rudra Road,GV Reddy Colony,Hyderabad,Telangana
17.5125914,78.4729345,Pipe Line Road,Praga Tools Colony,Hyderabad,Telangana
17.5030379,78.4680843,Raghavendra Colony Road,Bank Colony,Hyderabad,Telangana
17.3767282,78.489865,kattalguda rd,Azampura,Hyderabad,Telangana
17.3743348,78.4890036,Cheinti Shah Masjid ln,Kali Khabr,Hyderabad,Telangana
17.3760563,78.4884392,jabir bin salam rd,Kali Khabr,Hyderabad,Telangana
17.3750527,78.4887395,kattalguda rd,Kali Khabr,Hyderabad,Telangana
17.4393075,78.459915,Lane No. 1,Uma Nagar,Hyderabad,Telangana
17.4511957,78.3994628,Madhapur - Borabanda Road,Guttala Begumpet,Hyderabad,Telangana
17.4436336,78.4011059,Meher Baba Center Road,Guttala Begumpet,Hyderabad,Telangana
17.4518413,78.4069676,Madhapur - Borabanda Road,Peddamma Nagar,Hyderabad,Telangana
17.4434375,78.4118509,Road Numbaer 10 C,Gayatri Hills,Hyderabad,Telangana
17.4538918,78.4090623,Madhapur - Borabanda Road,Allapur,Hyderabad,Telangana
17.4208489,78.4040004,Road Number 1,Prashasan Nagar,Hyderabad,Telangana
17.4203051,78.3993038,Road No 21 A,Prashasan Nagar,Hyderabad,Telangana
17.4207723,78.4024582,Road No 8,Prashasan Nagar,Hyderabad,Telangana
17.4190433,78.4060022,Road Number 75,Journalist Colony,Hyderabad,Telangana
17.4193034,78.4061297,Road Number 73,Journalist Colony,Hyderabad,Telangana
17.4189579,78.3990029,Road No 14,Nyaya Vihar,Hyderabad,Telangana
17.4128781,78.4190829,Road Number 11,Navirman Nagar,Hyderabad,Telangana
17.4011907,78.4000363,Satya Colony,Arvind Nagar Colony,Hyderabad,Telangana
17.4010131,78.3998513,Satya Colony,Samatha Colony,Hyderabad,Telangana
17.4002691,78.3998549,Satya Colony,Samatha Colony,Hyderabad,Telangana
17.4047876,78.4098967,Brindavan Colony road,Brindavan Colony,Hyderabad,Telangana
17.41019,78.4184343,Road no 10,Navirman Nagar,Hyderabad,Telangana
17.4055503,78.4178641,"IAS Colony, hakeempet road",Deluxe Colony,Hyderabad,Telangana
17.414719,78.4254911,Road No. 12,Venkateswara Colony,Hyderabad,Telangana
17.4165376,78.4121582,Road Number 3,Film Nagar,Hyderabad,Telangana
17.4166521,78.4175951,Road Number 86,Navirman Nagar,Hyderabad,Telangana
17.4203232,78.4012084,Road No 18,Prashasan Nagar,Hyderabad,Telangana
17.4153021,78.4054259,Road No 80,Giani Zail Singh Nagar,Hyderabad,Telangana
17.4137559,78.4033508,Road No 79,Giani Zail Singh Nagar,Hyderabad,Telangana
17.412807,78.4070845,Road No 11,Giani Zail Singh Nagar,Hyderabad,Telangana
17.4129042,78.4087177,Road No 8,Deen Dayal Nagar,Hyderabad,Telangana
17.4169009,78.4135312,Journalist colony road,Film Nagar,Hyderabad,Telangana
17.4238321,78.4071177,Road No 69,Nandagiri Hills,Hyderabad,Telangana
17.4289,78.4000036,Road Number 50,Silent Valley Hills,Hyderabad,Telangana
17.4295588,78.396813,Road Number 47,CBI Colony,Hyderabad,Telangana
17.4211728,78.4041794,Road No 3,Prashasan Nagar,Hyderabad,Telangana
17.4222496,78.404547,Road No 7,Nandagiri Hills,Hyderabad,Telangana
17.4218778,78.4050058,Road No 6,Nandagiri Hills,Hyderabad,Telangana
17.4496736,78.368174,Cross Street 1,Studiorigin - Interior Designer in Hyderabad,Hyderabad,Telangana
17.4627287,78.3491778,Masjid Banda Road,Gouthami Colony,Hyderabad,Telangana
17.4486341,78.3685633,Lane Number 14,Studiorigin - Interior Designer in Hyderabad,Hyderabad,Telangana
17.451244,78.3653477,Anjaiah Lane Number 3,Studiorigin - Interior Designer in Hyderabad,Hyderabad,Telangana
17.4515909,78.3664804,Anjiahanagar Main road,Whitefields,Hyderabad,Telangana
17.4503112,78.368701,Cross Street 1,Whitefields,Hyderabad,Telangana
17.4498781,78.3710824,Lane Number 2,Whitefields,Hyderabad,Telangana
17.4511452,78.3699543,Lane Number 1,Whitefields,Hyderabad,Telangana
17.4502503,78.3709927,Lane Number 1,Whitefields,Hyderabad,Telangana
17.4700856,78.3678513,1st cross road,Raghavendra Colony,Hyderabad,Telangana
17.4647912,78.3651478,Police Colony Road,Raghavendra Colony,Hyderabad,Telangana
17.4624021,78.3666603,Kothaguda Village Road,jubilee gardens,Hyderabad,Telangana
17.465902,78.3685341,Gandhi Road,Izzat Nagar,Hyderabad,Telangana
17.4679981,78.3678185,Silpa Park Road,Raghavendra Colony,Hyderabad,Telangana
17.465582,78.3590069,police colony road,Sriram Nagar,Hyderabad,Telangana
17.4618878,78.3560202,Sriram Nagar Road,Sriram Nagar,Hyderabad,Telangana
17.4603761,78.3552443,Sriram Nagar Road,Sriram Nagar,Hyderabad,Telangana
17.4618174,78.355552,Swami Vivekanand Lane,Sriram Nagar,Hyderabad,Telangana
17.4612167,78.3536544,Sriram Nagar Road,Sriram Nagar,Hyderabad,Telangana
17.4636014,78.3560853,Street Number 1,Sriram Nagar,Hyderabad,Telangana
17.4329849,78.3673256,Road Number 7,Telecom Nagar,Hyderabad,Telangana
17.4468345,78.3913508,Madhapur Flyover Link,Ayyappa Society Colony,Hyderabad,Telangana
17.4503076,78.3895986,Road Number 13,Ayyappa Society Colony,Hyderabad,Telangana
17.4420778,78.3650742,Kumbhak Lane,J V Colony,Hyderabad,Telangana
17.4396045,78.3673971,Silpa Hill Top Road,Telecom Nagar,Hyderabad,Telangana
17.4420208,78.3665924,Tirumala lane,J V Colony,Hyderabad,Telangana
17.4332576,78.368228,Road No. 12,Telecom Nagar,Hyderabad,Telangana
17.4332977,78.3689505,Road Number 3,Telecom Nagar,Hyderabad,Telangana
17.4313729,78.3681668,Street 24,Telecom Nagar,Hyderabad,Telangana
17.4318989,78.3666346,Street 25,Telecom Nagar,Hyderabad,Telangana
17.4313128,78.3664164,Street 22,Telecom Nagar,Hyderabad,Telangana
17.4320017,78.3674903,Street 22,Telecom Nagar,Hyderabad,Telangana
17.4118761,78.4629025,khairtabad market road,Khairatabad,Hyderabad,Telangana
17.3599285,78.4727498,New Ladbazar Road,Moghalpura,Hyderabad,Telangana
17.4143034,78.4618788,khairtabad market road,Khairatabad,Hyderabad,Telangana
17.4222709,78.460621,Villa Marry College Road,MS Makta,Hyderabad,Telangana
17.4144743,78.4559661,Anand Nagar Entrance Road,Venkataramana Colony,Hyderabad,Telangana
17.4127919,78.4518054,Venkatramana Colony road,Anand Nagar,Hyderabad,Telangana
17.3973584,78.4638809,Hill Park Road,Red Hills,Hyderabad,Telangana
17.3909139,78.457464,mallapally masjid road,Mallepally,Hyderabad,Telangana
17.4548021,78.3632226,botanica garden path,Whitefields,Hyderabad,Telangana
17.45529,78.3630668,botanica garden path,Whitefields,Hyderabad,Telangana
17.454999,78.3632025,botanica garden path,Whitefields,Hyderabad,Telangana
17.4533679,78.3798654,HITEC City–Kukatpally Main Road,HITEC City,Hyderabad,Telangana
17.4555351,78.3741079,Jubilee Enclave Road,Kondapur,Hyderabad,Telangana
17.4452338,78.3625519,Street No.3,J V Colony,Hyderabad,Telangana
17.442777,78.3607895,Srteer Number 2,J V Colony,Hyderabad,Telangana
17.4512402,78.3018457,tellapur road,Nallagandla,Hyderabad,Telangana
17.4633856,78.3083866,Nallagandla Road,Nallagandla,Hyderabad,Telangana
17.4307755,78.4232094,road no 2,Krishna Nagar,Hyderabad,Telangana
17.4326372,78.4244373,Labour Adda Rd,Krishna Nagar,Hyderabad,Telangana
17.4353427,78.4170276,road no 10b,Hylam Colony,Hyderabad,Telangana
17.43828,78.4100575,road no 25,Gayatri Hills,Hyderabad,Telangana
17.3966834,78.4390899,circle road,Mehdipatnam,Hyderabad,Telangana
17.4260444,78.4481972,Punjagutta Flyover,Nagarjuna Hills,Hyderabad,Telangana
17.3969218,78.5137098,Street Number 11,Central Excise Colony,Hyderabad,Telangana
17.3899394,78.5150041,residential road,Qadri Bagh,Hyderabad,Telangana
17.3897484,78.5296058,Lane No 2,Srinivasapuram Colony,Hyderabad,Telangana
17.3892265,78.5295136,Street Number 3,Srinivasapuram Colony,Hyderabad,Telangana
17.3909163,78.5318487,Madhura Nagar Road,Endowment Colony,Hyderabad,Telangana
17.3901811,78.5306043,Street Number 1,Endowment Colony,Hyderabad,Telangana
17.3919924,78.5310537,8th Cross Road,Madhura Nagar,Hyderabad,Telangana
17.3913181,78.5301827,Srinivasapuram Main Road,Madhura Nagar,Hyderabad,Telangana
17.3951482,78.529922,Srinivasapuram road,Bapu Nagar,Hyderabad,Telangana
17.3958407,78.530287,1st Cross B Road,Gokhale Nagar,Hyderabad,Telangana
17.3948922,78.530416,3rd Cross B Road,Gokhale Nagar,Hyderabad,Telangana
17.3971495,78.5398902,paragathinagar,Nehru Nagar,Hyderabad,Telangana
17.3979169,78.5386252,market colony,Nehru Nagar,Hyderabad,Telangana
17.3904456,78.5368144,Sharada Nagar Main Road,RTC Colony,Hyderabad,Telangana
17.4204842,78.3765142,Khajaguda Nanakramguda road,Madhura Nagar Colony,Hyderabad,Telangana
17.4097699,78.3540019,Service Road,Khajaguda,Hyderabad,Telangana
17.4214443,78.3509361,Nanakramguda road,Nanakramguda,Hyderabad,Telangana
17.4272166,78.3436596,Wipro SEZ Parking Route,Nanakramguda,Hyderabad,Telangana
17.4345685,78.3435838,Service Gate Road,Gachibowli,Hyderabad,Telangana
17.3866582,78.4773363,Street Number 5,Troop Bazaar,Hyderabad,Telangana
17.3863519,78.4807827,Bank Street Mata Mandir Road,Troop Bazaar,Hyderabad,Telangana
17.3859969,78.4829117,gujarathi galli,Koti,Hyderabad,Telangana
17.3861826,78.4833876,gujarati galli,Koti,Hyderabad,Telangana
17.3748168,78.4773263,Gowliguda road,Afzalgunj,Hyderabad,Telangana
17.383358,78.4743046,Goshamahal North 14 street,Jambagh,Hyderabad,Telangana
17.3970003,78.4502764,Castle Hill Road,Vijay Nagar Colony,Hyderabad,Telangana
17.3949334,78.454546,Street Mary's school road,Mallepally,Hyderabad,Telangana
17.3852629,78.4404474,Priya Colony,Sarada Nagar,Hyderabad,Telangana
17.3855382,78.4414718,Priya Colony,Murad Nagar,Hyderabad,Telangana
17.3860148,78.4414671,Priya Colony,Murad Nagar,Hyderabad,Telangana
17.3832288,78.4418056,Sarada nagar,Sarada Nagar,Hyderabad,Telangana
17.3850274,78.4421322,Priya Colony,Murad Nagar,Hyderabad,Telangana
17.4445502,78.3914104,Road No. 2 B,Madhapur,Hyderabad,Telangana
17.4506822,78.3932506,Road Number 46,Ayyappa Society Colony,Hyderabad,Telangana
17.4489837,78.3930147,Road Number 49,Ayyappa Society Colony,Hyderabad,Telangana
17.4481133,78.3926911,Road Number 48,Ayyappa Society Colony,Hyderabad,Telangana
17.4411141,78.377527,Mindspace Madhapur Rd,Vittal Rao Nagar,Hyderabad,Telangana
17.4326814,78.3795488,Knowledge city road,Madhura Nagar Colony,Hyderabad,Telangana
17.4285192,78.4035583,Road No 46A,Silent Valley Hills,Hyderabad,Telangana
17.4041209,78.4506265,Fortune street,Masab Tank,Hyderabad,Telangana
17.402763,78.4506421,Chacha Nehru Park Road,Masab Tank,Hyderabad,Telangana
17.4144068,78.439509,Banjara Hills Road Number 11,Gauri Shankar Nagar,Hyderabad,Telangana
17.3458597,78.5611066,Road No 13,Saraswati Nagar Colony,Hyderabad,Telangana
17.3428475,78.5539754,Raghavendra Colony,Bhoolaxmi Colony,Hyderabad,Telangana
17.3430231,78.5525694,Road No 1,Vivekananda Nagar,Hyderabad,Telangana
17.3479068,78.5550413,Road No 6,Bhoolaxmi Colony,Hyderabad,Telangana
17.3490739,78.5560515,Road No 3,Bhoolaxmi Colony,Hyderabad,Telangana
17.34875,78.5555023,Road No 4,Bhoolaxmi Colony,Hyderabad,Telangana
17.3484062,78.5545104,Road No 5,Bhoolaxmi Colony,Hyderabad,Telangana
17.3479596,78.5531733,Road No 6,Bhoolaxmi Colony,Hyderabad,Telangana
17.3328376,78.5723177,Gurudwara Road,Raithu Bazar,Hyderabad,Telangana
17.3314279,78.5714923,SBI Road,Vanasthalipuram,Hyderabad,Telangana
17.3307757,78.5717257,Rhythu Bazar Road,Sachivalaya Nagar,Hyderabad,Telangana
17.3289774,78.5703563,Goverment Hospital Road,Sachivalaya Nagar,Hyderabad,Telangana
17.3313249,78.5660013,BN Reddy Road,CBI Colony,Hyderabad,Telangana
17.322497,78.5723337,Vanasthalipuram Road,Gautham Nagar,Hyderabad,Telangana
17.3195473,78.5684437,Road Number 9,Vaidehi Nagar,Hyderabad,Telangana
17.3356539,78.5663029,Prashanth Nagar Road,Prashanth Nagar,Hyderabad,Telangana
17.3318518,78.572481,Ramalayam Road,Raithu Bazar,Hyderabad,Telangana
17.3287334,78.5733155,Goverment Hospital Road,Sachivalaya Nagar,Hyderabad,Telangana
17.3291424,78.5780688,Road Number 12,Kamala Nagar,Hyderabad,Telangana
17.3449961,78.5677811,Balaji Nagar Road,Viveka Nanda Nagar,Hyderabad,Telangana
17.3461213,78.5673503,VB Entrance road,Viveka Nanda Nagar,Hyderabad,Telangana
17.3462856,78.5698982,Street No 5,Viveka Nanda Nagar,Hyderabad,Telangana
17.346196,78.5702606,Road No 5,Viveka Nanda Nagar,Hyderabad,Telangana
17.3695061,78.5033086,usman garh link road,Anand Nagar Colony,Hyderabad,Telangana
17.4900681,78.4975277,Kanajiguda,Khanojiguda,Hyderabad,Telangana
17.4539581,78.529749,Street Number 7,Gowtham Nagar,Hyderabad,Telangana
17.4571124,78.5302287,5th cross road,Uttam Nagar,Hyderabad,Telangana
17.4556026,78.5311369,5th cross road,Uttam Nagar,Hyderabad,Telangana
17.4529484,78.5323806,Street Number 1,Vani Nagar,Hyderabad,Telangana
17.4531491,78.5325198,Street Number 3,Vani Nagar,Hyderabad,Telangana
17.4531208,78.5319239,4th Cross,Vani Nagar,Hyderabad,Telangana
17.4511886,78.533632,Malkajgiri Municipal Office Street,Maruti Nagar,Hyderabad,Telangana
17.4563522,78.5341627,2nd Lane,R.K. Nagar,Hyderabad,Telangana
17.4571846,78.5345607,3rd Lane,R.K. Nagar,Hyderabad,Telangana
17.4575026,78.5348511,4th Lane,R.K. Nagar,Hyderabad,Telangana
17.4576277,78.5345092,4th Cross,R.K. Nagar,Hyderabad,Telangana
17.4575162,78.5348912,3rd Cross,R.K. Nagar,Hyderabad,Telangana
17.4570083,78.5358678,1st Cross,R.K. Nagar,Hyderabad,Telangana
17.4564754,78.5350268,2nd Cross,R.K. Nagar,Hyderabad,Telangana
17.4571578,78.5334264,6th Cross,R.K. Nagar,Hyderabad,Telangana
17.4569956,78.5338009,5th Cross,R.K. Nagar,Hyderabad,Telangana
17.4404085,78.4463301,7th lane,Srinivas Nagar,Hyderabad,Telangana
17.3860123,78.4853124,Sultan Bazar road,Sultan Bazar,Hyderabad,Telangana
17.3781968,78.4788671,Maharani Jhansi Road,Gowliguda,Hyderabad,Telangana
17.4201039,78.4986205,Bearban Galli,Musheerabad,Hyderabad,Telangana
17.4195434,78.4982318,Yakoob Sab Plastic Godown Galli,Musheerabad,Hyderabad,Telangana
17.418459,78.4988052,Jama Masjid Road,Musheerabad,Hyderabad,Telangana
17.4579468,78.5022747,sripuri colony road,Kakaguda,Hyderabad,Telangana
17.4670845,78.4929693,Road Number 2,AWHO Colony,Hyderabad,Telangana
17.4673676,78.4933185,Road Number 3,AWHO Colony,Hyderabad,Telangana
17.3616529,78.5489721,GreenHills Colony Road Number 3,Dwarkapuri,Hyderabad,Telangana
17.3625866,78.5476704,GreenHills Colony Road Number 1,Dwarkapuri,Hyderabad,Telangana
17.3600502,78.5473143,GreenHills Colony Road Number 4,Dwarkapuri,Hyderabad,Telangana
17.3617736,78.547506,GreenHills Colony Road Number 2,Dwarkapuri,Hyderabad,Telangana
17.36548,78.5497323,Road No 1,Vasavi Colony,Hyderabad,Telangana
17.3618027,78.5526588,Haripuri Colony Road Number 4,Dwarkapuri,Hyderabad,Telangana
17.3624304,78.5543158,Haripuri Colony Road No.3,Alkapuri,Hyderabad,Telangana
17.4968341,78.3578734,Miyapur MeeSeva Road,Miyapur,Hyderabad,Telangana
17.4963669,78.357341,Cine Town Lane,Miyapur,Hyderabad,Telangana
17.5021493,78.355365,Neelima Greens Main Road,Prasanth Nagar,Hyderabad,Telangana
17.4958624,78.3552431,Friends Colony Road,Miyapur,Hyderabad,Telangana
17.4274541,78.4991325,New Bhoiguda Timber Depot Lane,Boiguda,Hyderabad,Telangana
17.4179296,78.5401981,street no 1,Habsiguda x Roads,Hyderabad,Telangana
17.4164666,78.542708,street no 3,Habsiguda,Hyderabad,Telangana
17.415107,78.5431777,Street no. 4,Habsiguda,Hyderabad,Telangana
17.4359171,78.3974564,Road No.44,Kavuri Hills,Hyderabad,Telangana
17.4381865,78.3919116,kavuri hills road,Kavuri Hills,Hyderabad,Telangana
17.439664,78.4707575,Prakash Nagar Street 6-8,Prakash Nagar,Hyderabad,Telangana
17.4083773,78.5055175,Ram Nagar Street No 8,Ramnagar X Roads,Hyderabad,Telangana
17.4150232,78.4937848,bakaram street 9,Bank of Baroda Colony,Hyderabad,Telangana
17.4209524,78.4915314,thalabasthi road,Kavadiguda,Hyderabad,Telangana
17.4231117,78.4896312,street number 2,Kavadiguda,Hyderabad,Telangana
17.4198067,78.4958031,Bangladesh Cloth Market Road,Bholakpur,Hyderabad,Telangana
17.4202145,78.4958078,Castic Galli,Bholakpur,Hyderabad,Telangana
17.5464919,78.5310253,Hyderabad - Karimnagar Highway,Singayapalli,Hyderabad,Telangana
17.4686536,78.3949038,Khaitalpur Road,Khaitalpur,Hyderabad,Telangana
17.466464,78.3759993,Hitex Road,Khanmet,Hyderabad,Telangana
17.4716672,78.3843196,Hitec - Kukatpally Main Road,APHB Colony,Hyderabad,Telangana
17.4727185,78.3874971,Hitec - Kukatpally Main Road,APHB Colony,Hyderabad,Telangana
17.4881948,78.3820758,KPHB 9th Phase Road,Phase 9,Hyderabad,Telangana
17.4852034,78.3902604,JNTU Road,Phase 6,Hyderabad,Telangana
17.4866213,78.3854193,KPHB 9th Phase Road,Phase 9,Hyderabad,Telangana
17.4857912,78.3874413,KPHB 9th Phase Road,Phase 6,Hyderabad,Telangana
17.4983725,78.3950904,High Tension Line,Samatha Nagar,Hyderabad,Telangana
17.5007753,78.3983716,medak road,Satavahana Nagar,Hyderabad,Telangana
17.4985753,78.3959588,street number 4,Samatha Nagar,Hyderabad,Telangana
17.407524,78.4606397,Lakdikapul Road,Lakdi-ka-pul,Hyderabad,Telangana
17.4948701,78.4033314,Pipeline Road,Bhagyanagar Colony,Hyderabad,Telangana
17.4979338,78.4050137,Road No 3,Bhagyanagar Colony,Hyderabad,Telangana
17.491812,78.4155558,Ramalayam Road,Srinivasa Nagar Colony,Hyderabad,Telangana
17.498814,78.4094838,Road Number 2,Navodaya Colony,Hyderabad,Telangana
17.4938184,78.3971672,5,KPHB Colony,Hyderabad,Telangana
17.4955702,78.4112039,Road Number 33,eenadu colony,Hyderabad,Telangana
17.4941812,78.4097757,Road Number 6,AS Raju Nagar,Hyderabad,Telangana
17.4579762,78.4087964,Borabanda Railway station road,Allapur,Hyderabad,Telangana
17.4834109,78.4107264,Balaji Nagar Main Road,Balaji Nagar,Hyderabad,Telangana
17.4812125,78.4073997,Balaji Nagar Main Road,Balaji Nagar,Hyderabad,Telangana
17.4954715,78.4038235,HMT road,Bhagyanagar Colony,Hyderabad,Telangana
17.4836495,78.40975,Balaji Nagar Main Road,Balaji Nagar,Hyderabad,Telangana
17.4828233,78.4082079,Balaji Nagar Main Road,Balaji Nagar,Hyderabad,Telangana
17.4673144,78.5083554,Mornington Road,SBH Colony,Hyderabad,Telangana
17.4629637,78.5332346,Lane Number 2,Dayanand Nagar,Hyderabad,Telangana
17.4704847,78.3680232,1st st,Raghavendra Colony,Hyderabad,Telangana
17.4695713,78.3673582,2nd cross road,Raghavendra Colony,Hyderabad,Telangana
17.4699478,78.3676973,3rd cross road,Raghavendra Colony,Hyderabad,Telangana
17.4433925,78.3580819,JV Colony main road,J V Colony,Hyderabad,Telangana
17.4493201,78.3882311,Jai Hind Gandhi Road,Ayyappa Society Colony,Hyderabad,Telangana
17.3922926,78.4968099,Barkatpura Road,Barkatpura,Hyderabad,Telangana
17.392264,78.496906,Barkatpura Road,Barkatpura,Hyderabad,Telangana
17.3647054,78.4629524,Hussaini Alam Road,Petlaburz,Hyderabad,Telangana
17.3731717,78.4829055,Darul Shifa Road,Noorkhan Bazaar,Hyderabad,Telangana
17.4802976,78.3925599,KPHB 6th Phase Road,Phase 5,Hyderabad,Telangana
17.453925,78.4459144,"SRT, Ward 100 Sanath Nagar",Sanath Nagar,Hyderabad,Telangana
17.4533509,78.4447679,Neena High School road,Sanath Nagar,Hyderabad,Telangana
17.4514089,78.4488694,Emmanuel church road,Fateh Nagar,Hyderabad,Telangana
17.5033741,78.655717,Outer Ring Road,Cheeriyal,Hyderabad,Telangana
17.4069507,78.3909126,Manikonda Rd,OU Staff Colony,Hyderabad,Telangana
17.4074766,78.3929095,Manikonda road,OU Staff Colony,Hyderabad,Telangana
17.4069916,78.3852116,Manikonda Rd,Janmabhoomi Colony,Hyderabad,Telangana
17.4070617,78.3804361,Lanco Hills Rd,Manikonda,Hyderabad,Telangana
17.4065047,78.390371,Abdul Rahman Ave,OU Staff Colony,Hyderabad,Telangana
17.429954,78.541404,11th Street,Hanuman Nagar Colony,Hyderabad,Telangana
17.3917372,78.4923608,Street No 1,Lingampally,Hyderabad,Telangana
17.3908052,78.4926943,Street No 1,Chappal Bazaar,Hyderabad,Telangana
17.4876233,78.4116424,Balanjaneya Swami Temple Road,Sumitra Nagar,Hyderabad,Telangana
17.4884994,78.4110572,Ramakrishna High School Road,Sumitra Nagar,Hyderabad,Telangana
17.5054317,78.4114744,Dr. Ambedkar Road,Allwyn Colony,Hyderabad,Telangana
17.4864751,78.4207892,High Tension Road,Prakash Nagar,Hyderabad,Telangana
17.4780414,78.4266946,Prashanti Nagar Industrial Road,Sriram Nagar,Hyderabad,Telangana
17.4556769,78.3929143,Street Number 7,Chanda Naik Thanda,Hyderabad,Telangana
17.4555257,78.3969914,CRMP Road,Parvatha Nagar,Hyderabad,Telangana
17.4382716,78.4046204,Road number 32,Jubilee Hills,Hyderabad,Telangana
17.4363277,78.4054208,Road number 31,Jubilee Hills,Hyderabad,Telangana
17.4376361,78.4055317,Road number 29,Jubilee Hills,Hyderabad,Telangana
17.4376139,78.406828,Road number 29,Jubilee Hills,Hyderabad,Telangana
17.4352636,78.4087016,Road number 23A,Jubilee Hills,Hyderabad,Telangana
17.4344716,78.4076161,Road Number 23,Jubilee Hills,Hyderabad,Telangana
17.4469503,78.3495643,Campus Road,Gachibowli,Hyderabad,Telangana
17.4467691,78.3497572,Campus Road,Gachibowli,Hyderabad,Telangana
17.4464043,78.3501843,Campus Road,Gachibowli,Hyderabad,Telangana
17.4460984,78.3505526,Campus Road,Gachibowli,Hyderabad,Telangana
17.3752104,78.569244,Nagole Jaipur Colony Main Road,Keshava Nagar,Hyderabad,Telangana
17.3708239,78.5588389,Road No 2,Ananda Nagar,Hyderabad,Telangana
17.3719776,78.5618832,Road Number 11,Sri Ganesh Nagar Colony,Hyderabad,Telangana
17.3748736,78.5624265,Road Number 9,Arunodaya Nagar,Hyderabad,Telangana
17.3718438,78.5684744,Road number 2,Geetha Nagar,Hyderabad,Telangana
17.3695235,78.5624707,"Road No. 2, Sri Ganesh Nagar Colony",Sri Ganesh Nagar Colony,Hyderabad,Telangana
17.3693254,78.5629981,"Road No. 4, Sri Ganesh Nagar Colony",Sri Ganesh Nagar Colony,Hyderabad,Telangana
17.3702765,78.562809,"Road No. 3, Sri Ganesh Nagar Colony",Sri Ganesh Nagar Colony,Hyderabad,Telangana
17.3693406,78.5620387,"Road No. 1, Sri Ganesh Nagar Colony",Sri Ganesh Nagar Colony,Hyderabad,Telangana
17.368753,78.5607429,Sainagar road no 7,Sri Ganesh Nagar Colony,Hyderabad,Telangana
17.3702447,78.5631603,"Road No. 5, Sri Ganesh Nagar Colony",Sri Ganesh Nagar Colony,Hyderabad,Telangana
17.3737014,78.5718007,Road Number 5,Bandlaguda,Hyderabad,Telangana
17.3729246,78.5719429,Road Number 4,Bandlaguda,Hyderabad,Telangana
17.3718055,78.5715498,Road Number 2,Bandlaguda,Hyderabad,Telangana
17.3716789,78.5765758,Rd No 5,Indraprastha,Hyderabad,Telangana
17.3782995,78.5743113,Road Number 7,Sri sai Narayana Colony,Hyderabad,Telangana
17.3717111,78.5760059,Rd No 5/3,Anand Nagar,Hyderabad,Telangana
17.3724293,78.571474,Road Number 3,Bandlaguda,Hyderabad,Telangana
17.3698471,78.5761819,Rd No 3,Indraprastha,Hyderabad,Telangana
17.3697126,78.5764991,Rd No 4,Indraprastha,Hyderabad,Telangana
17.3712885,78.5769383,Rd No 5F,Indraprastha,Hyderabad,Telangana
17.3697587,78.5771067,Rd No 6,Indraprastha,Hyderabad,Telangana
17.3738404,78.5806201,Suprabhat colony,Suprabhat Colony,Hyderabad,Telangana
17.3830812,78.5582665,Inner Ring Road,Mamatha Nagar,Hyderabad,Telangana
17.3820758,78.5581875,Inner Ring Road,Mamatha Nagar,Hyderabad,Telangana
17.3877807,78.558546,Inner Ring Road,Green Fields Colony,Hyderabad,Telangana
17.3917052,78.5588138,Inner Ring Road,Saraswati Colony,Hyderabad,Telangana
17.3523638,78.5499882,Siris Road,LB Nagar,Hyderabad,Telangana
17.3678947,78.5609144,sainagar road no 6/2,Sri Ganesh Nagar Colony,Hyderabad,Telangana
17.3682146,78.5605759,Sainagar road no 6,Sri Ganesh Nagar Colony,Hyderabad,Telangana
17.3669646,78.5590107,does not exist,Sai Nagar,Hyderabad,Telangana
17.3438277,78.5689919,Kamineni Hospital Road,Viveka Nanda Nagar,Hyderabad,Telangana
17.3583397,78.5615462,8th Cross Road,Rock Town,Hyderabad,Telangana
17.3579044,78.5606393,6th Cross Road,Rock Town,Hyderabad,Telangana
17.3543103,78.5605871,Road No 1,Visalandhra Colony,Hyderabad,Telangana
17.3643242,78.5861394,Road No.4,Maduranagar,Hyderabad,Telangana
17.365118,78.5862354,Road No. 4,mattuguda,Hyderabad,Telangana
17.3630109,78.5870943,Road No. 11,Maduranagar,Hyderabad,Telangana
17.3629581,78.5862929,Road No. 13,Maduranagar,Hyderabad,Telangana
17.3648293,78.5857508,Road No. 3,Maduranagar,Hyderabad,Telangana
17.3629769,78.5866841,Road No. 12,Maduranagar,Hyderabad,Telangana
17.3628439,78.5850871,Road No. 16,Maduranagar,Hyderabad,Telangana
17.3629162,78.585894,Road No. 14,Maduranagar,Hyderabad,Telangana
17.3647306,78.5853268,Main Road,Maduranagar,Hyderabad,Telangana
17.3647108,78.5866405,Road No. 5,mattuguda,Hyderabad,Telangana
17.3628837,78.5855078,Road No. 15,Maduranagar,Hyderabad,Telangana
17.3631273,78.5883545,Road No. 8,mattuguda,Hyderabad,Telangana
17.3630551,78.5878809,Road No. 9,Maduranagar,Hyderabad,Telangana
17.3648555,78.5853444,Road No. 2,Maduranagar,Hyderabad,Telangana
17.3646449,78.5870652,Road No. 6,mattuguda,Hyderabad,Telangana
17.3647222,78.5849218,Road No. 1,Maduranagar,Hyderabad,Telangana
17.3631383,78.588756,Road No. 7,mattuguda,Hyderabad,Telangana
17.3591641,78.5454984,green hills colony road no 6,Dwarkapuri,Hyderabad,Telangana
17.3598304,78.5474843,Road No 4/6,Dwarkapuri,Hyderabad,Telangana
17.3640444,78.5450934,Road Number 3,Margadarsi Colony,Hyderabad,Telangana
17.3644327,78.546475,Road Number 5,Margadarsi Colony,Hyderabad,Telangana
17.3688379,78.5548163,Road No 11,Alkapuri,Hyderabad,Telangana
17.3639088,78.5505664,Road Number 12,Vasavi Colony,Hyderabad,Telangana
17.3665618,78.5481362,Road Number 1/A,Vasavi Colony,Hyderabad,Telangana
17.364474,78.546622,Road Number 4D,Margadarsi Colony,Hyderabad,Telangana
17.3655531,78.5457421,Road Number 4A,Margadarsi Colony,Hyderabad,Telangana
17.3642377,78.5471367,Road No 5A,Vasavi Colony,Hyderabad,Telangana
17.3660431,78.5478634,Road Number 3,Vasavi Colony,Hyderabad,Telangana
17.3652518,78.5458102,Road Number 4B,Margadarsi Colony,Hyderabad,Telangana
17.3648144,78.5438384,Road Number 1,Margadarsi Colony,Hyderabad,Telangana
17.3661758,78.5478317,Road Number 2,Vasavi Colony,Hyderabad,Telangana
17.3687654,78.5500042,Ramakrishna Puram Road Number 2,RK Puram,Hyderabad,Telangana
17.3708978,78.5495736,Road No 5,Telephone Colony,Hyderabad,Telangana
17.3682658,78.5516374,Ramakrishna Puram Road Number 5,Income Tax Colony,Hyderabad,Telangana
17.3732767,78.5495679,Mohan Nagar Road Number 1,Telephone Colony,Hyderabad,Telangana
17.3714058,78.5504938,Road No 7,Telephone Colony,Hyderabad,Telangana
17.3711816,78.5500789,Road No 6,Telephone Colony,Hyderabad,Telangana
17.3715905,78.5531541,Road No 1,Income Tax Colony,Hyderabad,Telangana
17.36481,78.5539213,Road Number 14,Alkapuri,Hyderabad,Telangana
17.3619393,78.5546983,Haripuri Colony Road No.4/1,Alkapuri,Hyderabad,Telangana
17.3629825,78.5537972,Haripuri Colony Road Number 2,Alkapuri,Hyderabad,Telangana
17.3536244,78.5529471,Road Number 1,Sivaganga Colony,Hyderabad,Telangana
17.3651117,78.5206339,Gaddiannaram Main Road,Madhurapuri,Hyderabad,Telangana
17.3720381,78.5237269,SBI Road,Salivahana Nagar,Hyderabad,Telangana
17.3699126,78.5328477,Road Number 1,MCH Colony,Hyderabad,Telangana
17.363901,78.5472517,Ramakrishna Puram Main Road,Vasavi Colony,Hyderabad,Telangana
17.3652651,78.5538992,Road No 13,Alkapuri,Hyderabad,Telangana
17.3678193,78.5394724,LB Nagar Service Road,Laxmi Nagar Colony,Hyderabad,Telangana
17.3664127,78.5416739,LB Nagar Service Road,Laxmi Nagar Colony,Hyderabad,Telangana
17.3538181,78.5467565,LB Nagar Service Road,NTR Nagar,Hyderabad,Telangana
17.3905685,78.4304804,Inner Ring Road,Padmanabha Nagar,Hyderabad,Telangana
17.4833632,78.5161942,MCEME Circle,Lal Bazaar,Hyderabad,Telangana
17.4386009,78.4972183,Market road,Patny,Hyderabad,Telangana
17.5053017,78.3732975,Nadigada tanda slum,Nadigada Thada,Hyderabad,Telangana
17.3988656,78.5613391,Surya Nagar Colony,Laxma Reddy Colony,Hyderabad,Telangana
17.3997018,78.5641923,Hanuma Sai Nagar,Laxma Reddy Colony,Hyderabad,Telangana
17.3998631,78.5631346,SuryaNagar Colony Road,Venkateswara Nagar,Hyderabad,Telangana
17.396287,78.4719457,Hajj House Lane,Fateh Maidan,Hyderabad,Telangana
17.448823,78.4399313,esae digitronics rd,Erragadda,Hyderabad,Telangana
17.4967471,78.3886201,Sardar Patel Nagar Road,Satyanarayanaswamy Nagar,Hyderabad,Telangana
17.4953651,78.3892454,Sardar Patel Nagar Road,Vasanth Nagar,Hyderabad,Telangana
17.4972929,78.3889076,sardar patel nagar road,Satyanarayanaswamy Nagar,Hyderabad,Telangana
17.4930466,78.3851652,Vasanth Nagar Main Road,Vasanth Nagar,Hyderabad,Telangana
17.4972442,78.388452,12th Road,Satyanarayanaswamy Nagar,Hyderabad,Telangana
17.5013875,78.3805408,Sion Fellowship Church,Ramnaresh Colony,Hyderabad,Telangana
17.5064965,78.3824366,High Tension Line Road,Brindavan Colony,Hyderabad,Telangana
17.5184415,78.5024747,Ambedkar Nagar Main Road,Ambedkar Nagar,Hyderabad,Telangana
17.5056618,78.3727944,Nadigada slum 2,Nadigada Thada,Hyderabad,Telangana
17.5382594,78.3856053,Hanuman Marg,Sai Nagar,Hyderabad,Telangana
17.4497944,78.3475341,Old Bombay Road,Gachibowli,Hyderabad,Telangana
17.4471473,78.3566934,DLF road,Anjaiah Nagar,Hyderabad,Telangana
17.4481713,78.3592243,dlf gachibowli,Anjaiah Nagar,Hyderabad,Telangana
17.470343,78.3655952,Gachibowli - Miyapur Highway,Raghavendra Colony,Hyderabad,Telangana
17.4227982,78.3573897,Outer Ring Road,Khajaguda,Hyderabad,Telangana
17.4279785,78.3585848,Outer Ring Road,Telecom Nagar,Hyderabad,Telangana
17.4186752,78.3585633,Khajaguda Nanakramguda road,Khajaguda,Hyderabad,Telangana
17.5387392,78.3882579,KNR Green Valley Road,Anand Naidu Nagar,Hyderabad,Telangana
17.5048979,78.3311623,Aparna Hillpark Road,Madhavapuri Colony,Hyderabad,Telangana
17.4995664,78.3389777,Deepthi Sree Nagar Road,Deepthisree Nagar,Hyderabad,Telangana
17.5019321,78.3336857,Aparna Hillpark Road,PJR Enclave,Hyderabad,Telangana
17.5002024,78.338983,road no 14,Deepthisree Nagar,Hyderabad,Telangana
17.5003429,78.3413366,road no 23,Deepthisree Nagar,Hyderabad,Telangana
17.5211491,78.378395,KNR Green Valley Road,Nizampet,Hyderabad,Telangana
17.54072,78.3938639,Pragathi Nagar Road,Simhapuri Colony,Hyderabad,Telangana
17.5316957,78.3671634,Nizampet Road,Bachupally,Hyderabad,Telangana
17.4641096,78.4426478,Bharata nagar slum,Shivaji Nagar,Hyderabad,Telangana
17.4465813,78.518068,Addagutta,Subash Nagar,Hyderabad,Telangana
17.4376374,78.3645797,Gachibowli Flyover,Telecom Nagar,Hyderabad,Telangana
17.4377114,78.3646372,Gachibowli Flyover,Telecom Nagar,Hyderabad,Telangana
17.4397379,78.3619299,Old Bombay Road,J V Colony,Hyderabad,Telangana
17.3712166,78.5575827,LB Nagar - Uppal Road,Ananda Nagar,Hyderabad,Telangana
17.3564213,78.5568838,LB Nagar - Uppal Road,Nagarjuna Nagar,Hyderabad,Telangana
17.4711632,78.5433439,street number 4,West Deen Dayal Nagar,Hyderabad,Telangana
17.4715614,78.5435412,street number 5,West Deen Dayal Nagar,Hyderabad,Telangana
17.4494513,78.4143342,Ghareeb Nawaz road,Habeeb Fathima Nagar,Hyderabad,Telangana
17.4490373,78.4309708,Vikaspuri Colony,Sultan Nagar,Hyderabad,Telangana
17.4681354,78.4284758,Moosapet Road,Bharath Nagar,Hyderabad,Telangana
17.4844961,78.380871,13th Phase Road,Venkata Ramana Colony,Hyderabad,Telangana
17.4853021,78.384789,KPHB Colony Road,KPHB Colony 9th Phase,Hyderabad,Telangana
17.4840313,78.3807518,13th Phase Road,Venkata Ramana Colony,Hyderabad,Telangana
17.4460532,78.4390229,Mumbai Highway,Erragadda,Hyderabad,Telangana
17.457626,78.4334129,Sanath Nagar Road,Banjara Nagar,Hyderabad,Telangana
17.4627765,78.431039,Moosapet Flyover,Bharath Nagar,Hyderabad,Telangana
17.464682,78.4302199,Bharath Nagar Station Road,Bharath Nagar,Hyderabad,Telangana
17.443553,78.4357045,Vengal Rao Nagar Road,Vengal Rao Nagar,Hyderabad,Telangana
17.4342681,78.446494,Ameerpet Road,Ameerpet,Hyderabad,Telangana
17.4370923,78.4461758,Satyam Theatre road,Ameerpet,Hyderabad,Telangana
17.4506002,78.4049408,Madhapur - Borabanda Road,Peddamma Nagar,Hyderabad,Telangana
17.4212795,78.4591635,Raj Bhavan Road,Somajiguda,Hyderabad,Telangana
17.4129997,78.4604823,Khairatabad Flyover,Khairatabad,Hyderabad,Telangana
17.4148874,78.4650748,Khairatabad Flyover,Khairatabad,Hyderabad,Telangana
17.4137029,78.4603314,Khairatabad Flyover,Khairatabad,Hyderabad,Telangana
17.4134382,78.4603038,Khairatabad Flyover,Khairatabad,Hyderabad,Telangana
17.4170701,78.4504075,Judge Kushan Road,Naveen Nagar,Hyderabad,Telangana
17.4031101,78.4619266,Mahavir Marg,Lakdi-ka-pul,Hyderabad,Telangana
17.4028336,78.4597246,Mahavir Marg,Lakdi-ka-pul,Hyderabad,Telangana
17.4337838,78.455691,Greenlands Road,Nishat Bagh Colony,Hyderabad,Telangana
17.4311277,78.4559207,Greenlands Road,Nishat Bagh Colony,Hyderabad,Telangana
17.4370615,78.4563814,Begumpet Railway Flyover,Kundanbagh,Hyderabad,Telangana
17.4390293,78.4570839,Begumpet Railway Flyover,Uma Nagar,Hyderabad,Telangana
17.4390069,78.4564889,Parallel rail road,Uma Nagar,Hyderabad,Telangana
17.4429205,78.4595525,Sardar Patel Road,Brahmanwadi,Hyderabad,Telangana
17.4443355,78.4695935,Begumpet Airport Flyover,Prakash Nagar,Hyderabad,Telangana
17.4441579,78.4719444,Begumpet Airport Flyover,Prakash Nagar,Hyderabad,Telangana
17.444595,78.4673913,Begumpet Airport Flyover,Prakash Nagar,Hyderabad,Telangana
17.4440907,78.4719545,Begumpet Airport Flyover,Prakash Nagar,Hyderabad,Telangana
17.4445292,78.4684736,Sardar Patel Road,Prakash Nagar,Hyderabad,Telangana
17.444162,78.4723234,Begumpet Airport Flyover,Prakash Nagar,Hyderabad,Telangana
17.443105,78.4958768,Sardar Patel Flyover,Patny,Hyderabad,Telangana
17.4432958,78.48666,Paradise Flyover,Viman Nagar,Hyderabad,Telangana
17.4433132,78.491003,Sardar Patel Flyover,Patny,Hyderabad,Telangana
17.4433571,78.4819076,Sardar Patel Road,Sindhi Colony,Hyderabad,Telangana
17.4433809,78.4866734,Paradise Flyover,Viman Nagar,Hyderabad,Telangana
17.4432219,78.4909038,Sardar Patel Flyover,Patny,Hyderabad,Telangana
17.4432193,78.4898586,Paradise Flyover,Patny,Hyderabad,Telangana
17.4462515,78.4873339,Brigadier Sayeed Road,Pratap Colony,Hyderabad,Telangana
17.4421498,78.4985509,St Marys Road,Patny,Hyderabad,Telangana
17.4426757,78.4985957,St Marys Road,Patny,Hyderabad,Telangana
17.4425619,78.5033614,Sardar Patel Road,Nehru Nagar,Hyderabad,Telangana
17.4425799,78.5057353,Sardar Patel Road,Nehru Nagar,Hyderabad,Telangana
17.4409214,78.5040913,Sarojini Devi Road,Nehru Nagar,Hyderabad,Telangana
17.4384748,78.5085726,Rail Nilayam Road,Tarakrama Nagar,Hyderabad,Telangana
17.4407962,78.5053873,St Johns Road,Nehru Nagar,Hyderabad,Telangana
17.4410381,78.5058657,Rail Nilayam Road,Nehru Nagar,Hyderabad,Telangana
17.4407803,78.5054929,St Johns Road,Nehru Nagar,Hyderabad,Telangana
17.4311952,78.5249247,Krishna Deva Raya Road,Mettuguda,Hyderabad,Telangana
17.4348586,78.5125182,Rail Nilayam Road,Namala Gundu,Hyderabad,Telangana
17.4362906,78.5166104,Krishna Deva Raya Road,Nandanar Nagar,Hyderabad,Telangana
17.4272482,78.5301769,Krishna Deva Raya Road,Tarnaka Flyover;TGSRTC Hospital,Hyderabad,Telangana
17.4220183,78.5378941,Habsiguda Main Road,Habsiguda x Roads,Hyderabad,Telangana
17.407896,78.5446682,Street 8,VV Nagar,Hyderabad,Telangana
17.4230674,78.5457989,Nacharam Road,HMT Nagar,Hyderabad,Telangana
17.4189839,78.5415249,Nacharam Road,Habsiguda x Roads,Hyderabad,Telangana
17.4052263,78.556175,Prashanthinagar Main Road,Prashanth Nagar,Hyderabad,Telangana
17.4267253,78.4542259,durga nagar road,Panjagutta,Hyderabad,Telangana
17.4196094,78.4636723,Maqta road,MS Makta,Hyderabad,Telangana
17.4830384,78.3717027,Srila Park Link Road,Venkata Ramana Colony,Hyderabad,Telangana
17.486315,78.3695679,Srila Park Main Road,Aditya Nagar,Hyderabad,Telangana
17.4693236,78.4033479,Green Hills Road,Khaitalpur,Hyderabad,Telangana
17.3877459,78.4732938,Abids south 2 street,Abids,Hyderabad,Telangana
17.4024184,78.4552125,Shanthinagar Road Number 1,Shanti Nagar,Hyderabad,Telangana
17.4017498,78.4552638,Shanthinagar Road Number 2,Shanti Nagar,Hyderabad,Telangana
17.3994466,78.4618499,Niloufer hospital road,Red Hills,Hyderabad,Telangana
17.3613126,78.4235449,Pedda Tallakunta road,Radha Krishna Nagar,Hyderabad,Telangana
17.3586909,78.4350127,Road Number 9,HUDA Colony,Hyderabad,Telangana
17.442075,78.3912398,Cyber Towers - Madhapur Main Road,Madhapur,Hyderabad,Telangana
17.4516934,78.3815516,HITEC City Road,HITEC City,Hyderabad,Telangana
17.4389549,78.3977301,Road No 36,Kavuri Hills,Hyderabad,Telangana
17.4388344,78.3976878,Road No 36,Kavuri Hills,Hyderabad,Telangana
17.4071238,78.3809414,Road to Suha Apartments,Janmabhoomi Colony,Hyderabad,Telangana
17.4428033,78.4874406,Mahatma Gandhi Road,Jawahar Nagar Colony,Hyderabad,Telangana
17.4518836,78.4989521,picket rd,Picket,Hyderabad,Telangana
17.4523741,78.4883183,Bantia Garden,Dattawadi,Hyderabad,Telangana
17.4286076,78.4625537,Necklace Road,BS Makta,Hyderabad,Telangana
17.4265795,78.462306,Necklace Road,Somajiguda,Hyderabad,Telangana
17.4373789,78.469639,Necklace Road,Prakash Nagar,Hyderabad,Telangana
17.4305905,78.463097,Necklace Road,BS Makta,Hyderabad,Telangana
17.4145557,78.4625348,Khairatabad Flyover,Khairatabad,Hyderabad,Telangana
17.434001,78.4661755,Necklace Road,BS Makta,Hyderabad,Telangana
17.4146707,78.462547,Khairatabad Flyover,Khairatabad,Hyderabad,Telangana
17.4261239,78.4477336,Punjagutta Flyover,Nagarjuna Hills,Hyderabad,Telangana
17.4217477,78.4489166,Road Number 1,Dwarkapuri Colony,Hyderabad,Telangana
17.4308398,78.4443913,kallu compound road,Yellareddyguda,Hyderabad,Telangana
17.3771459,78.5559377,Street No 2,Samathapur,Hyderabad,Telangana
17.3766062,78.5531354,Road No 5,Samathapura Colony,Hyderabad,Telangana
17.3751706,78.5569158,Samanthapuri Colony Road,Samathapur,Hyderabad,Telangana
17.4291113,78.4571919,Nishat Bagh Colony Road,Nishat Bagh Colony,Hyderabad,Telangana
17.3768899,78.5523343,Road No 7,Samathapura Colony,Hyderabad,Telangana
17.3764552,78.5527328,Road No 6,Samathapura Colony,Hyderabad,Telangana
17.3755362,78.548985,Venkateshwara Temple Road,Samathapura Colony,Hyderabad,Telangana
17.3772279,78.5485466,1,Samathapura Colony,Hyderabad,Telangana
17.3770048,78.5443627,gouds colony road no3,Satya Nagar Colony,Hyderabad,Telangana
17.3770464,78.5436011,gouds colony road no 3,Satya Nagar Colony,Hyderabad,Telangana
17.3773407,78.5445772,gouds colony road  no 4,Satya Nagar Colony,Hyderabad,Telangana
17.3807435,78.5444701,sathya nagar,Satya Nagar Colony,Hyderabad,Telangana
17.518812,78.3963334,Pragathi Nagar Road,Pragathi Nagar,Hyderabad,Telangana
17.5231271,78.3952496,Dollar Hills Road,Prashanthi Hills,Hyderabad,Telangana
17.5235153,78.3968397,Sai JyothiNivas Road,Pragathi Nagar,Hyderabad,Telangana
17.5231533,78.3940113,Dollar Hills Road,Prashanthi Hills,Hyderabad,Telangana
17.5231354,78.394982,Dollar Hills Road,Prashanthi Hills,Hyderabad,Telangana
17.5231482,78.3937246,Dollar Hills Road,Prashanthi Hills,Hyderabad,Telangana
17.5231469,78.3947029,Dollar Hills Road,Prashanthi Hills,Hyderabad,Telangana
17.5197542,78.3973168,Baptist Road,Pragathi Nagar,Hyderabad,Telangana
17.5164906,78.3952156,Sai Baba Temple Road,Lake View Colony,Hyderabad,Telangana
17.5223724,78.3972489,Manjera Tank Road,Pragathi Nagar,Hyderabad,Telangana
17.5234493,78.3943319,Dollar Hills Road,Prashanthi Hills,Hyderabad,Telangana
17.5179841,78.3942616,60 Ft Road,Madhura Nagar,Hyderabad,Telangana
17.521202,78.4001161,Aditya Hills Road NO1,Mithila Nagar,Hyderabad,Telangana
17.5058984,78.3897737,High Tension Line Road,Sreenivasa Nagar,Hyderabad,Telangana
17.378006,78.5436733,gouds colony road no 5,Satya Nagar Colony,Hyderabad,Telangana
17.4010341,78.483008,St. Paul's School Road,Hyderguda,Hyderabad,Telangana
17.4022056,78.4811754,Street No 18,Hyderguda,Hyderabad,Telangana
17.5010123,78.3878605,Nandamuri Nagar,Vasantha Nagar,Hyderabad,Telangana
17.4836618,78.3156519,Lingampalli Station Road,Venkata Reddy Nagar,Hyderabad,Telangana
17.4254717,78.5440338,raod no 6,Snehapuri,Hyderabad,Telangana
17.4284053,78.5433784,gokul nagar rd,Hanuman Nagar Colony,Hyderabad,Telangana
17.4290245,78.5431013,13th st,Hanuman Nagar Colony,Hyderabad,Telangana
17.4285897,78.5386458,lane number 5,Hanuman Nagar Colony,Hyderabad,Telangana
17.4384448,78.5247495,Lalaguda Bridge,Fateh Nagar,Hyderabad,Telangana
17.430786,78.528143,Street No 3,Lalaguda North,Hyderabad,Telangana
17.4195945,78.5501671,street number 11,HMT Nagar,Hyderabad,Telangana
17.4201569,78.5495784,street number 9,HMT Nagar,Hyderabad,Telangana
17.4204546,78.5492603,street number 8,HMT Nagar,Hyderabad,Telangana
17.4285341,78.5504621,Street Number 1,Karthikeya Nagar,Hyderabad,Telangana
17.4494518,78.5362468,Malkajgiri X Road,Malkajgiri,Hyderabad,Telangana
17.4639838,78.5371862,Malkajgiri - Neredmet Road,Dayanand Nagar,Hyderabad,Telangana
17.480397,78.4736165,Nizamabad Road,Nandamuri Nagar,Hyderabad,Telangana
17.497993,78.4761607,Nizamabad Road,Ramaraju Nagar,Hyderabad,Telangana
17.4689165,78.4793619,Hashmatpet Road,Dubai Gate,Hyderabad,Telangana
17.5431086,78.4804595,Doolapally Road,Doolapally,Hyderabad,Telangana
17.4979086,78.4310741,Jagadgirigutta Road,Devamma Basthi,Hyderabad,Telangana
17.4526933,78.4971173,Hyderabad - Mancherial Highway,Picket,Hyderabad,Telangana
17.4784224,78.5108801,Siddipet Road,Army Family Quarters,Hyderabad,Telangana
17.5030154,78.5118756,towards alwal,PO Golnaka,Hyderabad,Telangana
17.4614742,78.5001879,Transport Road,Kakaguda,Hyderabad,Telangana
17.4542891,78.4854936,Brigadier Sayeed Road,Dattawadi,Hyderabad,Telangana
17.4543197,78.4855981,بریگیڈیئر سعید روڈ,Dattawadi,Hyderabad,Telangana
17.4406082,78.4963833,S.D. Road,Patny,Hyderabad,Telangana
17.4833925,78.4739846,Nizamabad Road,Nandamuri Nagar,Hyderabad,Telangana
17.442796,78.4875393,Mahatma Gandhi Road,Jawahar Nagar Colony,Hyderabad,Telangana
17.441816,78.49558,rp road,Patny,Hyderabad,Telangana
17.429771,78.4902223,Rastrapathi Road (R.P Road),Jeera,Hyderabad,Telangana
17.4303595,78.4890748,Distillery Road,Jeera,Hyderabad,Telangana
17.4344762,78.4476619,Ameerpet Road,Ameerpet,Hyderabad,Telangana
17.4346604,78.4493898,Ameerpet Road,Ameerpet,Hyderabad,Telangana
17.4266906,78.4445828,Road No. 3,Nagarjuna Hills,Hyderabad,Telangana
17.4267504,78.4436739,Road No 3,Nagarjuna Hills,Hyderabad,Telangana
17.4319282,78.4087259,Road Number 21,Jubilee Hills,Hyderabad,Telangana
17.4276302,78.4127084,Road number 63,Jubilee Hills,Hyderabad,Telangana
17.4280903,78.4116753,Road number 62,Jubilee Hills,Hyderabad,Telangana
17.4342031,78.4019107,Road number 40,CBI Colony,Hyderabad,Telangana
17.4162144,78.4266482,Road No 10,Venkateswara Colony,Hyderabad,Telangana
17.4167355,78.4269842,Road No 10,Venkateswara Colony,Hyderabad,Telangana
17.4254622,78.4132413,Road Number 65,Journalist Colony,Hyderabad,Telangana
17.4180079,78.4136689,Road Number 92,Film Nagar,Hyderabad,Telangana
17.4776359,78.5161693,RA Lines Road,Lal Bazaar,Hyderabad,Telangana
17.3795648,78.5417485,Road No 11,Satya Nagar Colony,Hyderabad,Telangana
17.3784907,78.5405726,Road Number 7E,New Maruti Nagar,Hyderabad,Telangana
17.3770544,78.5413354,new maruthi nagar,New Maruti Nagar,Hyderabad,Telangana
17.4232433,78.4368703,Banjara Hills Road Number 3,Green Valley,Hyderabad,Telangana
17.425696,78.4377346,Banjara Hills Road Number 6,Green Valley,Hyderabad,Telangana
17.4435956,78.3485401,FH Street,Gachibowli,Hyderabad,Telangana
17.4443488,78.3485534,FH Street,Gachibowli,Hyderabad,Telangana
17.4386503,78.3507058,Pullela Gopichand Road,Gachibowli,Hyderabad,Telangana
17.4383103,78.3521545,Pullela Gopichand Road,Gachibowli,Hyderabad,Telangana
17.486679,78.3929491,Ramya Ground Road,Phase 3,Hyderabad,Telangana
17.4831444,78.394965,KPHB 9th Phase Road,Phase 5,Hyderabad,Telangana
17.4860953,78.399073,KPHB Road No 1 Road,Phase 3,Hyderabad,Telangana
17.4933773,78.4023523,KPHB Road No 1 Road,Kukatpally,Hyderabad,Telangana
17.4878275,78.3140541,Huda Park West Road,Lingampally,Hyderabad,Telangana
17.5127467,78.4319489,Roadamestry nagar B,Roadamestry Nagar,Hyderabad,Telangana
17.5098265,78.4266731,srinivas nagar,Srinivasa Nagar,Hyderabad,Telangana
17.5034208,78.4248005,Road Number 7,Maisamma Nagar,Hyderabad,Telangana
17.5034506,78.4290328,Beerappa Nagar Cross Road,Beerappa Nagar,Hyderabad,Telangana
17.4064396,78.4034518,Old Bombay Road,Shaikpet,Hyderabad,Telangana
17.4217678,78.4601568,villa marry road,MS Makta,Hyderabad,Telangana
17.4298285,78.4258822,Srinagar Colony Main Road,Krishna Nagar,Hyderabad,Telangana
17.4300808,78.4223261,Road Number 5,Venkatagiri,Hyderabad,Telangana
17.2728422,78.5801344,Hyderabad - Nagarjuna Sagar Road,Vintage Homes,Hyderabad,Telangana
17.2676316,78.5877506,Hyderabad - Nagarjuna Sagar Road,Vintage Homes,Hyderabad,Telangana
17.2735936,78.6230586,ORR Service Road,Munaganur,Hyderabad,Telangana
17.4586149,78.3531649,1st Street,Sriram Nagar,Hyderabad,Telangana
17.4591059,78.3521646,2nd Street,Sriram Nagar,Hyderabad,Telangana
17.4595569,78.3511278,3rd Street,Sriram Nagar,Hyderabad,Telangana
17.4600237,78.3499944,Street Number 11,Sriram Nagar,Hyderabad,Telangana
17.4607124,78.3502988,4th Cross,Sriram Nagar,Hyderabad,Telangana
17.4631998,78.3445388,Masjid Banda Road,Gouthami Colony,Hyderabad,Telangana
17.4666351,78.3503131,Summer Street,Gouthami Colony,Hyderabad,Telangana
17.4717862,78.3490858,Gouthami Enclave,Raja Rajeshwari Nagar,Hyderabad,Telangana
17.461247,78.3418838,HCU ROAD,Masjid Banda,Hyderabad,Telangana
17.4609503,78.3510362,Lane Number 2,Sriram Nagar,Hyderabad,Telangana
17.4210767,78.4473984,Road No 1,Dwarkapuri Colony,Hyderabad,Telangana
17.4218374,78.4475431,Road No 5,Dwarkapuri Colony,Hyderabad,Telangana
17.4149427,78.3719312,Road No. 6,Janmabhoomi Colony,Hyderabad,Telangana
17.4147649,78.3724016,Road No. 5,Janmabhoomi Colony,Hyderabad,Telangana
17.4167627,78.376581,Hig chitrapuri road,Manikonda,Hyderabad,Telangana
17.4278266,78.3306481,Meadows road,Gowlidoddi,Hyderabad,Telangana
17.4418453,78.3254087,Tree Park Road,Gowlidoddi,Hyderabad,Telangana
17.3960876,78.4285763,Golkonda Road,Rethibowli,Hyderabad,Telangana
17.3956159,78.4313541,Inner Ring Road,P&T Colony,Hyderabad,Telangana
17.3877761,78.4295624,Inner Ring Road,Padmanabha Nagar Colony,Hyderabad,Telangana
17.4037837,78.45474,Masab Tank Road,Shanti Nagar,Hyderabad,Telangana
17.3995697,78.4504069,Masab Tank Road,Masab Tank,Hyderabad,Telangana
17.4037945,78.4642944,Lakdikapul Road,Saifabad,Hyderabad,Telangana
17.3969841,78.4706903,Nampalli Assembly Road - Public Garden Road,Fateh Maidan,Hyderabad,Telangana
17.4032119,78.4632855,Lakdikapul Road,Saifabad,Hyderabad,Telangana
17.4264801,78.4524065,Nagarjuna Circle Road,Panjagutta,Hyderabad,Telangana
17.4264301,78.4510215,Nagarjuna Circle Road,Panjagutta,Hyderabad,Telangana
17.4135597,78.4596487,Somajiguda Road - Panjagutta Main Road,Khairatabad,Hyderabad,Telangana
17.3813428,78.4833391,Jambagh Road,Koti,Hyderabad,Telangana
17.3794533,78.4918789,Chader Ghat Bridge,Chaderghat,Hyderabad,Telangana
17.4036646,78.4661774,Lakdikapul Road,Saifabad,Hyderabad,Telangana
17.3912621,78.4700651,Nampally Station Road,Nampally,Hyderabad,Telangana
17.428544,78.4878784,Rastrapathi Road (R.P Road),Jeera,Hyderabad,Telangana
17.4287317,78.4881943,Rastrapathi Road (R.P Road),Jeera,Hyderabad,Telangana
17.389722,78.5050404,Uppal Road,Santhi Nagar,Hyderabad,Telangana
17.3216839,78.4319116,Inner Ring Road Underpass,Adarsh Nagar,Hyderabad,Telangana
17.3795165,78.4834982,Mumbai Highway,Imlibun,Hyderabad,Telangana
17.3813845,78.4834083,Jambagh Road,Koti,Hyderabad,Telangana
17.3744651,78.4788774,Mumbai Highway,Afzalgunj,Hyderabad,Telangana
17.3796791,78.4836411,Mumbai Highway,Imlibun,Hyderabad,Telangana
17.3217586,78.4319673,Inner Ring Road Underpass,Adarsh Nagar,Hyderabad,Telangana
17.2783419,78.4064477,Flyover,Sathamrai,Hyderabad,Telangana
17.3223544,78.4312341,Inner Ring Road Underpass,Adarsh Nagar,Hyderabad,Telangana
17.336049,78.4212232,Inner Ring Road,Weaker Section Colony,Hyderabad,Telangana
17.4222513,78.3570761,Outer Ring Road,Khajaguda,Hyderabad,Telangana
17.3750846,78.3490419,Outer Ring Road,Manchirevula,Hyderabad,Telangana
17.4190895,78.356269,Outer Ring Road,Khajaguda,Hyderabad,Telangana
17.4222145,78.3572289,Outer Ring Road,Khajaguda,Hyderabad,Telangana
17.427908,78.3587888,Outer Ring Road,Telecom Nagar,Hyderabad,Telangana
17.4190549,78.356419,Outer Ring Road,Khajaguda,Hyderabad,Telangana
17.4206731,78.3566725,Outer Ring Road,Khajaguda,Hyderabad,Telangana
17.4326875,78.3601225,Outer Ring Road,Telecom Nagar,Hyderabad,Telangana
17.4206374,78.3568238,Outer Ring Road,Khajaguda,Hyderabad,Telangana
17.4171748,78.3558639,Outer Ring Road,Khajaguda,Hyderabad,Telangana
17.4327634,78.3599296,Outer Ring Road,Telecom Nagar,Hyderabad,Telangana
17.377434,78.4927499,Chadarghat Road,Azampura,Hyderabad,Telangana
17.3751875,78.4980536,Sir Louis Flyover,Malakpet,Hyderabad,Telangana
17.3755051,78.4980179,Sir Louis Flyover,Malakpet,Hyderabad,Telangana
17.37832,78.4838494,MGBS Road,Imlibun,Hyderabad,Telangana
17.3778999,78.4837392,MGBS Road,Imlibun,Hyderabad,Telangana
17.3782529,78.4825891,TGSRTC MGBS  Bus Station Road,Imlibun,Hyderabad,Telangana
17.4229758,78.4487965,Road Number 1,Dwarkapuri Colony,Hyderabad,Telangana
17.4237605,78.4483973,Punjagutta Flyover,Dwarkapuri Colony,Hyderabad,Telangana
17.4190951,78.4480679,Road Number 1,Naveen Nagar,Hyderabad,Telangana
17.4117797,78.3112341,Outer Ring Road,Khanapur,Hyderabad,Telangana
17.4118195,78.3132064,Outer Ring Road,Shanthi Nagar,Hyderabad,Telangana
17.3629179,78.3917024,Chavella road,Raghuram Nagar,Hyderabad,Telangana
17.3681792,78.4006804,Gandhamguda road,Sairam Nagar colony,Hyderabad,Telangana
17.3469499,78.3900264,Bandlaguda - Kismatpur road,Prashanth Nagar,Hyderabad,Telangana
17.3719028,78.4048958,Chavella road,Sairam Nagar colony,Hyderabad,Telangana
17.3866132,78.3478511,Flyover,Manchirevula,Hyderabad,Telangana
17.3861586,78.3508393,Flyover,Manchirevula,Hyderabad,Telangana
17.3767677,78.381442,Ibrahimbagh Road,Ibrahim Bagh,Hyderabad,Telangana
17.3864146,78.3478208,Flyover,Manchirevula,Hyderabad,Telangana
17.3860753,78.3508284,Flyover,Manchirevula,Hyderabad,Telangana
17.3155354,78.3765693,Outer Ring Road,Hanuman Nagar,Hyderabad,Telangana
17.326276,78.3740635,Outer Ring Road,HMBS Colony,Hyderabad,Telangana
17.3665489,78.3515561,Outer Ring Road,Manchirevula,Hyderabad,Telangana
17.3238978,78.3749291,Outer Ring Road,HMBS Colony,Hyderabad,Telangana
17.4210682,78.4643085,Necklace Road,MS Makta,Hyderabad,Telangana
17.4104235,78.4604241,Lakdikapool Road,Khairatabad,Hyderabad,Telangana
17.4828647,78.3601446,Hafeezpet Flyover,Hafeezpet,Hyderabad,Telangana
17.438643,78.3640499,Old Bombay Road,Telecom Nagar,Hyderabad,Telangana
17.4582454,78.3657405,Gachibowli - Miyapur Highway,Kothaguda,Hyderabad,Telangana
17.4931488,78.3160289,Old Bombay Road,Taranagar,Hyderabad,Telangana
17.4354286,78.3465973,ISB Road,Gachibowli,Hyderabad,Telangana
17.425711,78.3405912,ISB Road,Nanakramguda,Hyderabad,Telangana
17.426294,78.3379025,Gopanpally - Wipro Road,Nanakramguda,Hyderabad,Telangana
17.4261815,78.3378771,Gopanpally - Wipro Road,Nanakramguda,Hyderabad,Telangana
17.4372017,78.505224,St Johns Road,Chilkalguda,Hyderabad,Telangana
17.434169,78.5017515,Secunderabad Railway Station Road,Chilkalguda,Hyderabad,Telangana
17.4143211,78.3943596,Narne Road,Whisper Valley Colony,Hyderabad,Telangana
17.3684502,78.5230478,Foot over Bridge,Madhurapuri,Hyderabad,Telangana
17.4948889,78.5102308,Road Number 1,Laxmi Nagar,Hyderabad,Telangana
17.4924418,78.5129065,Road Number 1,Rudranagar Colony,Hyderabad,Telangana
17.4902408,78.5074141,Road no: 4,Indiranagar,Hyderabad,Telangana
17.4945357,78.5034897,road no 4,Ramachandraiah Nagar,Hyderabad,Telangana
17.4903546,78.5089109,Maruti Nagar Road No. 1,Indiranagar,Hyderabad,Telangana
17.4919756,78.5147903,Road Number 1,Rudranagar Colony,Hyderabad,Telangana
17.4957451,78.5036412,road no 2,Venkatapuram,Hyderabad,Telangana
17.490899,78.5083401,road no 3,Indiranagar,Hyderabad,Telangana
17.4719624,78.5058504,Street Number 3,SBH Colony,Hyderabad,Telangana
17.4717732,78.5054439,Road Number 2,SBH Colony,Hyderabad,Telangana
17.4900042,78.5062213,"Ayodhya Enclave, 1st Lane",Indiranagar,Hyderabad,Telangana
17.47183,78.5061776,Surya Enclave Road Number 3,SBH Colony,Hyderabad,Telangana
17.4927898,78.4990189,Kanajiguda,Chitamma Nagar Colony,Hyderabad,Telangana
17.4818425,78.3013869,Bhel MIG Road,MIG Colony,Hyderabad,Telangana
17.4947738,78.5317269,road no 7,Vivekanandapuram,Hyderabad,Telangana
17.4955203,78.5322964,road no 4,Vivekanandapuram,Hyderabad,Telangana
17.4950093,78.5324954,road no 3,Vivekanandapuram,Hyderabad,Telangana
17.4939304,78.5327506,road no 2,Vivekanandapuram,Hyderabad,Telangana
17.4932637,78.5327352,road no 1,Vivekanandapuram,Hyderabad,Telangana
17.4677813,78.5363353,Road Number 10,Sai Ram Nagar,Hyderabad,Telangana
17.4744336,78.2991856,Nallagandla-Tellapur Road,Nallagandla,Hyderabad,Telangana
17.4896296,78.5405241,3rd Main Link Road,Sainikpuri,Hyderabad,Telangana
17.4936934,78.5387002,8th cross road,Nirmal Nagar,Hyderabad,Telangana
17.4500858,78.5057136,Street Number 11,Marredpally,Hyderabad,Telangana
17.4490546,78.5074767,Lane Number 3,Marredpally,Hyderabad,Telangana
17.4707545,78.5433884,street number 3,West Deen Dayal Nagar,Hyderabad,Telangana
17.4692798,78.5456959,street number 2,East Deen Dayal Nagar,Hyderabad,Telangana
17.4492576,78.5055286,lane number 7,Marredpally,Hyderabad,Telangana
17.459086,78.5423225,Arafat Lane,Anand Bagh,Hyderabad,Telangana
17.4489947,78.5059306,lane number 7,Marredpally,Hyderabad,Telangana
17.4443181,78.5022783,street number 1,Nehru Nagar,Hyderabad,Telangana
17.4756365,78.5467076,Gayatri Veedhi,kaktiya nagar,Hyderabad,Telangana
17.4490227,78.5029648,Agra Sweets Lane,West Marredpally,Hyderabad,Telangana
17.4726581,78.3100109,CyberZon Approach road,Nallagandla,Hyderabad,Telangana
17.4642499,78.3086583,Bake Factory Road,Nallagandla,Hyderabad,Telangana
17.4581642,78.5376295,Street Number 9,R.K. Nagar,Hyderabad,Telangana
17.471888,78.5443703,street number 7,West Deen Dayal Nagar,Hyderabad,Telangana
17.4698252,78.5434335,street number 1,West Deen Dayal Nagar,Hyderabad,Telangana
17.4754031,78.5646486,Mahesh Nagar Road,Green Hills Colony,Hyderabad,Telangana
17.4841406,78.5554926,Sharda Theatre Lane,Vijayapuri,Hyderabad,Telangana
17.482038,78.5550834,Sharda Theatre Lane,Vijayapuri,Hyderabad,Telangana
17.4810093,78.5582615,Brindavan Colony,Prashanti Nagar,Hyderabad,Telangana
17.476668,78.3622677,1st Lane,Marthanda Nagar,Hyderabad,Telangana
17.4990703,78.3241127,Shilpa Enclave Main Road,Gowtami Nagar Colony,Hyderabad,Telangana
17.4583403,78.3254843,Sports Complex Road,Sudarshan Nagar Colony,Hyderabad,Telangana
17.45716,78.3246544,KV School Road,Sudarshan Nagar Colony,Hyderabad,Telangana
17.4983351,78.3191159,Road Number 4,Gowtami Nagar Colony,Hyderabad,Telangana
17.4961224,78.3231352,Dena Bank Lane,Gowtami Nagar Colony,Hyderabad,Telangana
17.4906911,78.3689682,Road Number 2/10,Madhava Nagar,Hyderabad,Telangana
17.4871638,78.5606581,Road Number 3,Kapra,Hyderabad,Telangana
17.4761561,78.5403486,Road Number 2,Kakatiya Nagar,Hyderabad,Telangana
17.4691506,78.5590866,Road Number 5,Gandhi Nagar,Hyderabad,Telangana
17.4699343,78.540138,Vinayak Nagar Lane Number 9,Santoshi Mata Colony,Hyderabad,Telangana
17.4867521,78.3494516,Vishali Nagar Road,Vishal Nagar,Hyderabad,Telangana
17.4717161,78.333933,Alind Colony Main Road,Sudarshan Nagar Colony,Hyderabad,Telangana
17.4690357,78.3378474,Link Road 12,Ravi Colony,Hyderabad,Telangana
17.4865451,78.3744384,Number 12B,Venkata Ramana Colony,Hyderabad,Telangana
17.4712358,78.3610216,4th Lane,Raghavendra Colony,Hyderabad,Telangana
17.4722255,78.3552713,Street Number 5,Raja Rajeshwari Nagar,Hyderabad,Telangana
17.4699337,78.3548706,Seshadri Marg,Raja Rajeshwari Nagar,Hyderabad,Telangana
17.4692521,78.3593523,Hill Side Avenue Road,Raghavendra Colony,Hyderabad,Telangana
17.4973481,78.3392329,Road Number 2,Sri Durga Colony,Hyderabad,Telangana
17.4898282,78.3512092,Allwyn Colony Road,Allwyn Colony,Hyderabad,Telangana
17.4942968,78.3355305,My Home Jewel street,Sri Ram Nagar Colony,Hyderabad,Telangana
17.4909747,78.3529229,Road Number 15,Allwyn Colony,Hyderabad,Telangana
17.4909604,78.3432102,Neelima Cheguri Enclave Road 2,Madinaguda,Hyderabad,Telangana
17.4933267,78.3353441,RTC Colony Road,RTC Colony,Hyderabad,Telangana
17.4875172,78.5602266,Road Number 2,Kapra,Hyderabad,Telangana
17.4914013,78.3561068,Bhanu Township Rd,Janapriya Nagar,Hyderabad,Telangana
17.4961491,78.3535552,Lakeview Dr,Miyapur,Hyderabad,Telangana
17.4553474,78.343509,krish road,Gouthami Colony,Hyderabad,Telangana
17.4919509,78.3540778,Satya Bharathi Convention Center Road,Janapriya Nagar,Hyderabad,Telangana
17.4976178,78.3570879,Qutub Masjid Road,Miyapur,Hyderabad,Telangana
17.487107,78.3552266,Prakash Nagar Colony,Vinayak Nagar Colony,Hyderabad,Telangana
17.4650868,78.3431537,Masjid banda - Kala Jyothi road,Masjid Banda,Hyderabad,Telangana
17.4625309,78.3416759,Kala Jyothi Road,Masjid Banda,Hyderabad,Telangana
17.4913525,78.3587264,Road Number 3,Janapriya Nagar,Hyderabad,Telangana
17.4901444,78.3542145,MIE Road,Vinayak Nagar Colony,Hyderabad,Telangana
17.4911585,78.3554007,Bhanu Township Rd,Janapriya Nagar,Hyderabad,Telangana
17.4416223,78.5100705,street number 5,Tarakrama Nagar,Hyderabad,Telangana
17.4499052,78.5009821,street number 11,West Marredpally,Hyderabad,Telangana
17.4405394,78.5105272,officers colony road,Tarakrama Nagar,Hyderabad,Telangana
17.4420284,78.50945,road number 3,Tarakrama Nagar,Hyderabad,Telangana
17.4428598,78.5104401,street number 5,Tarakrama Nagar,Hyderabad,Telangana
17.4996458,78.5112538,M R Krishna Road,Madhav Nagar,Hyderabad,Telangana
17.4991072,78.5020618,road no 11,Subhodaya Nagar,Hyderabad,Telangana
17.4628605,78.3709769,Road 8,jubilee gardens,Hyderabad,Telangana
17.4502726,78.3513504,stadium road,Gachibowli,Hyderabad,Telangana
17.4950252,78.5232807,magazine road,Saraswati Nagar,Hyderabad,Telangana
17.4394774,78.5005236,Sebastian Road,Patny,Hyderabad,Telangana
17.4257645,78.5120857,Sri A S Murty Street,Walker Town,Hyderabad,Telangana
17.4202268,78.5161952,Warisguda Eat Street,Indira Nagar,Hyderabad,Telangana
17.4211768,78.5185518,Lane No 5,Indira Nagar,Hyderabad,Telangana
17.4104965,78.5099252,Street Number 19,Ram Nagar,Hyderabad,Telangana
17.4255129,78.5172631,TRT Colony Road,Sri Rayapatnam,Hyderabad,Telangana
17.424898,78.513806,Maharanapratap Street,Sri Rayapatnam,Hyderabad,Telangana
17.4215965,78.5064213,CRPF Road,Bapu Nagar,Hyderabad,Telangana
17.4119533,78.4983274,Srinivas Nagar Colony Road,Bank of Baroda Colony,Hyderabad,Telangana
17.3928853,78.5186705,burj galli,Bharat Nagar,Hyderabad,Telangana
17.3944654,78.5297358,4th Cross A Road,Bapu Nagar,Hyderabad,Telangana
17.4180596,78.5059711,Vaikuntam Road,Dayara,Hyderabad,Telangana
17.397916,78.5341904,linga reddy road,Gokhale Nagar,Hyderabad,Telangana
17.3940821,78.5296904,5th Cross A Road,Bapu Nagar,Hyderabad,Telangana
17.3937387,78.5296388,6th Cross A Road,Bapu Nagar,Hyderabad,Telangana
17.3972473,78.5370807,Satyanarayana Swamy Temple Road,Nehru Nagar,Hyderabad,Telangana
17.3933269,78.5307561,6th Cross B Road,Madhura Nagar,Hyderabad,Telangana
17.3969069,78.5330403,ramanthapur colony road,Gokhale Nagar,Hyderabad,Telangana
17.4118994,78.4988254,Srinivas Nagar Colony Road,Zamistanpur,Hyderabad,Telangana
17.4141112,78.5445558,Street no. 7,Vikrampuri,Hyderabad,Telangana
17.4043793,78.5441605,devi gardens ln,Lalitha Nagar,Hyderabad,Telangana
17.4040854,78.5459293,stadium short cut,Lalitha Nagar,Hyderabad,Telangana
17.4151904,78.5440818,Street No. 5,Habsiguda,Hyderabad,Telangana
17.4038843,78.544731,industry experts ln,Lalitha Nagar,Hyderabad,Telangana
17.4148399,78.5445752,Street No. 6,Vikrampuri,Hyderabad,Telangana
17.4046029,78.5447841,stadium short cut,Lalitha Nagar,Hyderabad,Telangana
17.3848155,78.5219308,Hanuman Temple Road,Police Colony,Hyderabad,Telangana
17.4046351,78.5420376,gyan bharti rd,Maheshwari Nagar,Hyderabad,Telangana
17.3993938,78.540284,pragathinagar,Pragati Nagar,Hyderabad,Telangana
17.3421756,78.3155809,4,Himayath Nagar,Hyderabad,Telangana
17.4232596,78.5214182,Saibaba Temple Road.,Ravindra Nagar,Hyderabad,Telangana
17.4298795,78.5542564,sai baba kaman road,Nacharam,Hyderabad,Telangana
17.4055454,78.5481562,espi rd,Lalitha Nagar,Hyderabad,Telangana
17.430391,78.5468396,street no 4,Karthikeya Nagar,Hyderabad,Telangana
17.3986108,78.5070559,Street Number 8,Nallakunta,Hyderabad,Telangana
17.4282814,78.5442245,nacharam rd,Snehapuri,Hyderabad,Telangana
17.4194368,78.5457465,Khaisar Sayeed Road,Nagendra Nagar,Hyderabad,Telangana
17.40006,78.5380038,line numbre 1,Sai Chitra Nagar,Hyderabad,Telangana
17.40189,78.5450781,hari hara st,SS Nagar,Hyderabad,Telangana
17.4009913,78.5381743,lane number 3,Sai Chitra Nagar,Hyderabad,Telangana
17.4005401,78.5380135,lane number 2,Sai Chitra Nagar,Hyderabad,Telangana
17.4027,78.5385535,lane number 7,Sai Chitra Nagar,Hyderabad,Telangana
17.4013704,78.5383248,lane number 4,Sai Chitra Nagar,Hyderabad,Telangana
17.4022509,78.5385127,lane number 6,Sai Chitra Nagar,Hyderabad,Telangana
17.4018285,78.5385177,lane number 5,Sai Chitra Nagar,Hyderabad,Telangana
17.3943987,78.5097078,Street Number 11,New Nallakunta,Hyderabad,Telangana
17.4030754,78.5440531,sbi ln,SS Nagar,Hyderabad,Telangana
17.4031294,78.544044,ramalayam rd,SS Nagar,Hyderabad,Telangana
17.4275966,78.5012622,New Bhoiguda Timber Depot Lane,Boiguda,Hyderabad,Telangana
17.3978795,78.5060448,Street No 7,Nallakunta,Hyderabad,Telangana
17.3976438,78.5058126,Street No 6,Nallakunta,Hyderabad,Telangana
17.4048827,78.5425364,isi campus,Lalitha Nagar,Hyderabad,Telangana
17.3936925,78.5076667,Shivalayam Temple Ln,Tilak Nagar,Hyderabad,Telangana
17.3982001,78.5063603,Street No 8,Nallakunta,Hyderabad,Telangana
17.422886,78.5220624,street 8,Manikeshwari Nagar,Hyderabad,Telangana
17.4313596,78.5439799,13th st,Hanuman Nagar Colony,Hyderabad,Telangana
17.4029456,78.5412273,st joseph st,Maheshwari Nagar,Hyderabad,Telangana
17.4032788,78.5418479,Lane No 2B,SS Nagar,Hyderabad,Telangana
17.4083683,78.5583369,SBH Colony Main Road,Bank Colony,Hyderabad,Telangana
17.4084234,78.5628067,Street No 8,Dharmapuri Colony,Hyderabad,Telangana
17.41366,78.5577391,Road No 6,Raghavendra Nagar Colony,Hyderabad,Telangana
17.4108972,78.5573624,Road No 1,Kalyan Puri,Hyderabad,Telangana
17.4128664,78.5584026,Road No 7,Raghavendra Nagar Colony,Hyderabad,Telangana
17.4109643,78.5555681,Street No. 4,Kalyan Puri,Hyderabad,Telangana
17.4126471,78.5587316,Road No 9,Raghavendra Nagar Colony,Hyderabad,Telangana
17.4068653,78.5560093,Zahid Nagar Street No 2,Bank Colony,Hyderabad,Telangana
17.4014119,78.542337,maheswari ln,SS Nagar,Hyderabad,Telangana
17.5260177,78.3977584,Incois Road,INCOIS,Hyderabad,Telangana
17.5169254,78.3962176,Pragathi Nagar Road,Lake View Colony,Hyderabad,Telangana
17.5205184,78.3962482,Pragathi Nagar Road,Pragathi Nagar,Hyderabad,Telangana
17.5314686,78.3950121,Pragathi Nagar Road,Kakatheeya Hills,Hyderabad,Telangana
17.5019365,78.3950313,Pragathi Nagar Road,Samatha Nagar,Hyderabad,Telangana
17.4248525,78.5062497,Street Number 3,Padma Rao Nagar,Hyderabad,Telangana
17.3873365,78.514859,Residential road,Qadri Bagh,Hyderabad,Telangana
17.4323825,78.5162974,Road No 2,Sitaphalmandi,Hyderabad,Telangana
17.3769151,78.5189079,SBI Officers Colony Road,East Prasanthi Nagar,Hyderabad,Telangana
17.4154179,78.5570712,Azmath Nagar Road,Jaya Raghavendra Nagar,Hyderabad,Telangana
17.437213,78.5092883,old lancers line,Chilkalguda,Hyderabad,Telangana
17.4248781,78.5078337,Walker Town Street No 3,Padma Rao Nagar,Hyderabad,Telangana
17.3734386,78.5263213,road number 6a,Bhavani Nagar,Hyderabad,Telangana
17.4266827,78.5323793,Street No 5,Tarnaka Flyover;TGSRTC Hospital,Hyderabad,Telangana
17.3718975,78.5263978,road number 4b,Bhavani Nagar,Hyderabad,Telangana
17.3731568,78.5226698,Street No 2,Salivahana Nagar,Hyderabad,Telangana
17.3732071,78.5282011,Road Number 4,Bhavani Nagar,Hyderabad,Telangana
17.3827244,78.49969,Shankar Nagar Road,Wahed Nagar,Hyderabad,Telangana
17.3733432,78.5366963,fruit market ln,Chaitanyapuri,Hyderabad,Telangana
17.4366032,78.5348999,railway street,Santhi Nagar,Hyderabad,Telangana
17.3733029,78.5222304,Street No 3,Salivahana Nagar,Hyderabad,Telangana
17.4265296,78.5327275,Street No 4,Tarnaka Flyover;TGSRTC Hospital,Hyderabad,Telangana
17.3731198,78.5260014,road number 5a,Bhavani Nagar,Hyderabad,Telangana
17.5533423,78.4932557,Nizamabad Road,Turkapalli,Hyderabad,Telangana
17.4323913,78.563762,Road No. 12,Nacharam Industrial Area,Hyderabad,Telangana
17.3663252,78.5243087,Road No 3,Lalitha Nagar,Hyderabad,Telangana
17.3512899,78.521338,Singareni Colony Main Road,Mallareddy Nagar,Hyderabad,Telangana
17.3551023,78.5198803,road number 2,Singareni Colony,Hyderabad,Telangana
17.3654552,78.5224168,Venkatadri Theatre Lane,Madhurapuri,Hyderabad,Telangana
17.3519578,78.510675,5th Cross Road,Vinay Nagar,Hyderabad,Telangana
17.3661194,78.5228311,Venkatadri Theatre Road,Madhurapuri,Hyderabad,Telangana
17.3522135,78.5094231,3rd Cross Road,Vinay Nagar,Hyderabad,Telangana
17.3645058,78.5211136,Kalyan Nagar Road,Madhurapuri,Hyderabad,Telangana
17.3662087,78.5248037,Road No 2,Lalitha Nagar,Hyderabad,Telangana
17.3520859,78.5100642,4th Cross Road,Vinay Nagar,Hyderabad,Telangana
17.3721307,78.5017431,paltan road no 4,Officers Colony,Hyderabad,Telangana
17.3551472,78.5157052,road number 13,Saraswati Colony,Hyderabad,Telangana
17.3535515,78.5243934,road number 17,Green Park Colony,Hyderabad,Telangana
17.3553359,78.5112802,Vinaynagar - Saidbad Road,Lakshmi Nagar,Hyderabad,Telangana
17.3567116,78.5189285,road number 1,Singareni Colony,Hyderabad,Telangana
17.372613,78.500482,Jamia Masjid Road,Malakpet,Hyderabad,Telangana
17.367889,78.5231044,venkatadri theatre road,Madhurapuri,Hyderabad,Telangana
17.3606616,78.5107473,Vinaynagar - Saidbad Road,Saidabad,Hyderabad,Telangana
17.3525166,78.512761,Road Number 3,Vinay Nagar,Hyderabad,Telangana
17.3522515,78.500183,Darabjung Colony Road 2,Vivekananda Nagar,Hyderabad,Telangana
17.3674667,78.5260926,Sai Baba Temple Road,Lalitha Nagar,Hyderabad,Telangana
17.369219,78.5170117,Service Road,Bank Colony,Hyderabad,Telangana
17.360513,78.501073,Hanuman Road,Kurmaguda,Hyderabad,Telangana
17.3686752,78.5059059,anand nagar road,Anand Nagar Colony,Hyderabad,Telangana
17.3528935,78.5165877,road number 13,Saraswati Colony,Hyderabad,Telangana
17.3531354,78.5252905,road number 16,Green Park Colony,Hyderabad,Telangana
17.3514262,78.5258291,road number 12,Green Park Colony,Hyderabad,Telangana
17.3477246,78.5263171,road number 3,Green Park Colony,Hyderabad,Telangana
17.3451298,78.5167928,Manasa Garden Lane,Champapet,Hyderabad,Telangana
17.3425757,78.5260248,uday nagar colony main road,Raghavendra Nagar,Hyderabad,Telangana
17.343442,78.525086,lane number 1,Press Colony,Hyderabad,Telangana
17.3495436,78.5264826,road number 18,Green Park Colony,Hyderabad,Telangana
17.3440102,78.5087153,Road No 1,Maruti Nagar,Hyderabad,Telangana
17.3468956,78.5265869,road number 1,Sai Nagar,Hyderabad,Telangana
17.3498501,78.5261342,green park colony road,Green Park Colony,Hyderabad,Telangana
17.3527276,78.5262192,road number 15,Green Park Colony,Hyderabad,Telangana
17.3459058,78.5255499,Road Number 1A,Press Colony,Hyderabad,Telangana
17.3468916,78.5176168,Road Number 3,Dhani Nagar,Hyderabad,Telangana
17.3502235,78.5264969,road number 9,Green Park Colony,Hyderabad,Telangana
17.3506715,78.5264387,road number 10,Green Park Colony,Hyderabad,Telangana
17.3495444,78.5296416,Road Number 4,Tapovan Colony,Hyderabad,Telangana
17.3439493,78.5092136,Road No 2,Maruti Nagar,Hyderabad,Telangana
17.3489593,78.5259257,Road number 6,Green Park Colony,Hyderabad,Telangana
17.3465312,78.5275143,road number 1a,Sai Nagar,Hyderabad,Telangana
17.3473307,78.526832,road number 2,Sai Nagar,Hyderabad,Telangana
17.352264,78.5247054,road number 14,Green Park Colony,Hyderabad,Telangana
17.3518138,78.5250323,road number 13,Green Park Colony,Hyderabad,Telangana
17.348192,78.5274264,road number 4,Sai Nagar,Hyderabad,Telangana
17.3494977,78.5259994,road number 7,Green Park Colony,Hyderabad,Telangana
17.351069,78.5257998,road number 11,Green Park Colony,Hyderabad,Telangana
17.3499015,78.5261402,Road number 8,Green Park Colony,Hyderabad,Telangana
17.3490655,78.5509689,Masjid Road,LB Nagar,Hyderabad,Telangana
17.3496527,78.5489133,Road No 1,LB Nagar,Hyderabad,Telangana
17.4005523,78.3357294,Golden Mile Extention road,Kokapet,Hyderabad,Telangana
17.4022184,78.3344766,Golden Mile Extention road,Kokapet,Hyderabad,Telangana
17.4044668,78.3345417,Service Road,Financial District,Hyderabad,Telangana
17.3930503,78.339455,Golden Mile Road,Kokapet,Hyderabad,Telangana
17.3944509,78.3379285,Kokapet Grampanchayath road,Kokapet,Hyderabad,Telangana
17.3956188,78.3340028,Kokapet Grampanchayath road,Kokapet,Hyderabad,Telangana
17.3939425,78.3721379,Road Number 4,Alkapur Township,Hyderabad,Telangana
17.393897,78.3743906,Road Number 2,Puppalguda,Hyderabad,Telangana
17.3899165,78.3686765,Road Number 24,Alkapur Township,Hyderabad,Telangana
17.395488,78.3716579,Road Number 7,Alkapur Township,Hyderabad,Telangana
17.3926022,78.3742141,Road Number 1,Neknampur,Hyderabad,Telangana
17.3943795,78.3735081,Road Number 3,Alkapur Township,Hyderabad,Telangana
17.4039923,78.3709737,Street No 1,Manikonda,Hyderabad,Telangana
17.3947683,78.372355,Road Number 6,Alkapur Township,Hyderabad,Telangana
17.4040984,78.370593,Street No 2,Manikonda,Hyderabad,Telangana
17.436592,78.3680296,Road Number 1,Telecom Nagar,Hyderabad,Telangana
17.3928899,78.3530935,Service Road,Narsingi,Hyderabad,Telangana
17.3491719,78.5498884,Road No 2,LB Nagar,Hyderabad,Telangana
17.3578763,78.542895,doctors colony road no 1,NTR Nagar,Hyderabad,Telangana
17.3647943,78.5373454,Road number 1,Venkateshwara Colony,Hyderabad,Telangana
17.3555776,78.5376344,Road Number 10,Pochammabagh,Hyderabad,Telangana
17.3607808,78.5352465,Cherukuthota Colony road,Pochammabagh,Hyderabad,Telangana
17.367002,78.5289471,Gandhi Statue Road,Lalitha Nagar,Hyderabad,Telangana
17.3659758,78.528307,vv nagar rd,Lalitha Nagar,Hyderabad,Telangana
17.3501622,78.5514915,Road No 8,LB Nagar,Hyderabad,Telangana
17.3678348,78.528987,Lane No 2,Durga Nagar,Hyderabad,Telangana
17.3499917,78.5512425,Road No 7,LB Nagar,Hyderabad,Telangana
17.365055,78.5272197,vv nagar rd,Lalitha Nagar,Hyderabad,Telangana
17.3502921,78.5516798,Road No 9,LB Nagar,Hyderabad,Telangana
17.3493823,78.5514807,Road No 6,LB Nagar,Hyderabad,Telangana
17.3666746,78.5311914,vv nagar rd,Vivekananda Nagar,Hyderabad,Telangana
17.35168,78.5530324,Road No 4,RTC Colony,Hyderabad,Telangana
17.3488416,78.5509507,Road No 4,LB Nagar,Hyderabad,Telangana
17.3664683,78.5311417,vv nagar rd,Vivekananda Nagar,Hyderabad,Telangana
17.364193,78.538024,Ramalayam Lane,Venkateshwara Colony,Hyderabad,Telangana
17.3698869,78.5261638,alphatronics road,Durga Nagar,Hyderabad,Telangana
17.3574193,78.5374641,Road No 17,Pochammabagh,Hyderabad,Telangana
17.3705185,78.5311697,Road No 5B,MCH Colony,Hyderabad,Telangana
17.3709264,78.5310921,Lane No 6B,MCH Colony,Hyderabad,Telangana
17.3489973,78.5505378,Road No 3,LB Nagar,Hyderabad,Telangana
17.3654946,78.5289516,vv nagar rd,Vivekananda Nagar,Hyderabad,Telangana
17.3579339,78.5424508,doctors colony road no 2,NTR Nagar,Hyderabad,Telangana
17.3954418,78.3711642,Road Number 8,Alkapur Township,Hyderabad,Telangana
17.3947649,78.3727647,Road Number 5,Alkapur Township,Hyderabad,Telangana
17.396226,78.3724174,"Street No 17 , Sector 2B , Alkapoor Townshp",Alkapur Township,Hyderabad,Telangana
17.3954513,78.370694,Road Number 9,Alkapur Township,Hyderabad,Telangana
17.3956334,78.3697223,Road Number 10,Alkapur Township,Hyderabad,Telangana
17.3868417,78.3690225,Road Number 30,Greenlands,Hyderabad,Telangana
17.4210277,78.3299394,Prism road,Nanakramguda,Hyderabad,Telangana
17.3842547,78.3642799,Bay Hills road,Greenlands,Hyderabad,Telangana
17.3862297,78.3594715,Caterpillar road,Narsingi,Hyderabad,Telangana
17.3424649,78.5288991,Padma Nagar colony Road,Raghavendra Nagar,Hyderabad,Telangana
17.3379464,78.5220315,jellelaguda x road,New Maruthi Nagar,Hyderabad,Telangana
17.3452253,78.538665,Road No 2,Vijaynagar Colony,Hyderabad,Telangana
17.3454266,78.5390311,Road No 4,Vijaynagar Colony,Hyderabad,Telangana
17.3460751,78.5326422,Street Number 2,Bhagya Nagar Colony,Hyderabad,Telangana
17.3380457,78.5346039,Street No 10,Mythripuram,Hyderabad,Telangana
17.3494476,78.5344089,Road Number 10,Tapovan Colony,Hyderabad,Telangana
17.3483339,78.5478852,SBH Road,Bahadurguda,Hyderabad,Telangana
17.4099472,78.3557038,Service Road,Khajaguda,Hyderabad,Telangana
17.4688301,78.4730598,Nizamabad Road,Dubai Gate,Hyderabad,Telangana
17.422343,78.3433451,Paayilis road,Nanakramguda,Hyderabad,Telangana
17.424173,78.3407091,Paayilis road,Nanakramguda,Hyderabad,Telangana
17.4334143,78.3409502,Road Number 2,Nanakramguda,Hyderabad,Telangana
17.4001437,78.3735002,Santosh Nagar Colony,Manikonda,Hyderabad,Telangana
17.4338558,78.3408558,Road Number 2,Nanakramguda,Hyderabad,Telangana
17.3537501,78.3703333,PBEL City Road,Vikas Nagar,Hyderabad,Telangana
17.3334634,78.3893468,Kismatpur Road,Kismatpur,Hyderabad,Telangana
17.3204918,78.5215189,janapriya road,Sarvodaya Colony,Hyderabad,Telangana
17.3193814,78.5635392,DPS Road,SKD Nagar,Hyderabad,Telangana
17.3234361,78.5260656,Meerpet Road,Sarvodaya Colony,Hyderabad,Telangana
17.3350575,78.558554,Jahangir Nagar Road,New Venkataramana Colony,Hyderabad,Telangana
17.334461,78.5584945,Road No 5,New Venkataramana Colony,Hyderabad,Telangana
17.3203217,78.5624801,Swaroop Nagar Road,BN Reddy Nagar,Hyderabad,Telangana
17.3201998,78.5612872,Swaroop Nagar Road,BN Reddy Nagar,Hyderabad,Telangana
17.3306189,78.5633736,Methodist Road,CBI Colony,Hyderabad,Telangana
17.3251383,78.5247023,local way,Sarvodaya Colony,Hyderabad,Telangana
17.3351652,78.5325867,Road No 4,Gayatri Nagar,Hyderabad,Telangana
17.3533989,78.5717703,Street number 2,South End Park,Hyderabad,Telangana
17.3535915,78.5663986,Street number 14/5,Mansoorabad,Hyderabad,Telangana
17.3551189,78.5677201,Street number 14/1,Mansoorabad,Hyderabad,Telangana
17.3516249,78.5649065,Cosmopolitan Street 2,Vinayak Nagar,Hyderabad,Telangana
17.3297346,78.5373446,TKR College Road,Nandanavanam Colony,Hyderabad,Telangana
17.3533426,78.5721972,Street number 1,South End Park,Hyderabad,Telangana
17.3543262,78.5704737,Street number 7,South End Park,Hyderabad,Telangana
17.3544722,78.5701895,Street number 8,South End Park,Hyderabad,Telangana
17.3546682,78.5689763,South End Park Road,South End Park,Hyderabad,Telangana
17.3540734,78.571101,Street number 5,South End Park,Hyderabad,Telangana
17.354163,78.5707636,Street number 6,South End Park,Hyderabad,Telangana
17.345231,78.5382352,Road No 3,Lingojiguda,Hyderabad,Telangana
17.3525354,78.5637928,Cosmopolitan Road No 3,Mansoorabad,Hyderabad,Telangana
17.3509325,78.5655125,Cosmopolitan Street 1,Vinayak Nagar,Hyderabad,Telangana
17.3521611,78.5651179,Cosmopolitan Road No 1,Mansoorabad,Hyderabad,Telangana
17.3293963,78.5367228,Nandanavam Road,Nandanavanam Colony,Hyderabad,Telangana
17.3545488,78.5682496,Street number 14/2,South End Park,Hyderabad,Telangana
17.3526554,78.565045,Cosmopolitan Street 4,Mansoorabad,Hyderabad,Telangana
17.3461845,78.555113,Road No 4,Bhoolaxmi Colony,Hyderabad,Telangana
17.3521346,78.5649649,Cosmopolitan Street 3,Mansoorabad,Hyderabad,Telangana
17.3533418,78.5710242,Street number 4,South End Park,Hyderabad,Telangana
17.3705784,78.3731627,Bairagiguda road,Suppa Villas,Hyderabad,Telangana
17.3143976,78.3738125,Himayat Sagar Rd,Hanuman Nagar,Hyderabad,Telangana
17.3519487,78.5539405,Road No 2,RTC Colony,Hyderabad,Telangana
17.3197311,78.5241545,Road Number 7,Sita Homes,Hyderabad,Telangana
17.3288796,78.5507995,Major Padmapani Acharya Marg,Hasthinapuram Central,Hyderabad,Telangana
17.3352083,78.5502509,Road No 3,Narayana Reddy Nagar,Hyderabad,Telangana
17.3296371,78.5390148,Street No 4,Sri Ramana Colony,Hyderabad,Telangana
17.3321903,78.5490396,Santhoshi Matha Temple Lane,Hasthinapuram North,Hyderabad,Telangana
17.314228,78.5522117,BN Readdy Road,siripuram,Hyderabad,Telangana
17.331639,78.5387242,ZP Road,Sri Ramana Colony,Hyderabad,Telangana
17.4972546,78.380434,Lane 4,Hydernagar,Hyderabad,Telangana
17.4905979,78.3839778,Vasanth Nagar Road No 21,Phase 9,Hyderabad,Telangana
17.4751375,78.3878042,EW Damodar Street,APHB Colony,Hyderabad,Telangana
17.4863422,78.3868693,Meridian School Road,Phase 6,Hyderabad,Telangana
17.4857021,78.37936,Road Number 25,Venkata Ramana Colony,Hyderabad,Telangana
17.4969532,78.3952279,HMT Hills Road,Samatha Nagar,Hyderabad,Telangana
17.4753515,78.3868141,EW Damodar Street,APHB Colony,Hyderabad,Telangana
17.4874074,78.3875057,Meridian School Road,Phase 6,Hyderabad,Telangana
17.4979985,78.394952,Street Number 3,Samatha Nagar,Hyderabad,Telangana
17.4964887,78.3804104,Lane 6,APHB Colony,Hyderabad,Telangana
17.4728462,78.3864693,kphb 7th phase road,APHB Colony,Hyderabad,Telangana
17.4860294,78.3896425,Icon Hospital Road,Phase 6,Hyderabad,Telangana
17.4976803,78.3946957,street number 2,Samatha Nagar,Hyderabad,Telangana
17.4965287,78.3786262,Road Number 1B,Bhagat Singh Nagar,Hyderabad,Telangana
17.4850248,78.3790097,9th Phase Road,Venkata Ramana Colony,Hyderabad,Telangana
17.4906127,78.3772789,KPHB 9th Phase Road,APHB Colony,Hyderabad,Telangana
17.4745275,78.3865955,kphb 7th phase road,APHB Colony,Hyderabad,Telangana
17.4813184,78.3783388,Radha Krishna Road,Venkata Ramana Colony,Hyderabad,Telangana
17.3126531,78.529015,Street No 7,Sai Nagar,Hyderabad,Telangana
17.323042,78.5411568,Road Number 14,Hanuman Nagar,Hyderabad,Telangana
17.3228413,78.5530495,Road Number 1,Dwaraka Nagar,Hyderabad,Telangana
17.31304,78.5283947,Street No 4,Sai Nagar,Hyderabad,Telangana
17.3126781,78.5286957,Street No 5,Sai Nagar,Hyderabad,Telangana
17.3130119,78.529294,Street No 11,Sai Nagar,Hyderabad,Telangana
17.3281785,78.5457273,Satyadev Enclave Road No. 4,Sai Ayodya Nagar,Hyderabad,Telangana
17.4538584,78.392388,Road No 33,Chanda Naik Thanda,Hyderabad,Telangana
17.4714728,78.3898745,4th phase road,APHB Colony,Hyderabad,Telangana
17.4717225,78.3883582,Road Number 6,APHB Colony,Hyderabad,Telangana
17.4913181,78.4163128,sheshadri nagar,Srinivasa Nagar Colony,Hyderabad,Telangana
17.4906206,78.4158102,venkat rao nagar,Srinivasa Nagar Colony,Hyderabad,Telangana
17.4898899,78.4155133,Venkata Rao Colony Road,Shanti Nagar,Hyderabad,Telangana
17.4967494,78.4168925,5th Lane,Saptagiri Colony,Hyderabad,Telangana
17.4594118,78.3998955,Road No 5,Vivekananda,Hyderabad,Telangana
17.4551068,78.398371,Mexican Street Road,Parvatha Nagar,Hyderabad,Telangana
17.4965458,78.4153382,Bhashyam School Road,Saptagiri Colony,Hyderabad,Telangana
17.4732688,78.3894219,Road Number 8,APHB Colony,Hyderabad,Telangana
17.4934539,78.4311141,Street Number 5,Devamma Basthi,Hyderabad,Telangana
17.4644243,78.4195053,"Goods Shed Road, Moosapet",Moosapet,Hyderabad,Telangana
17.4556994,78.4135379,Shivaji Nagar Main Road,Kottur Sitaiah Nagar,Hyderabad,Telangana
17.4943111,78.4291842,Street Number 5,Devamma Basthi,Hyderabad,Telangana
17.3117041,78.5624239,Road No 3,Sagar Complex,Hyderabad,Telangana
17.3453757,78.5530035,Inner Ring Road,Bhoolaxmi Colony,Hyderabad,Telangana
17.3127243,78.5567627,Road No 4,siripuram,Hyderabad,Telangana
17.3720625,78.5026473,altan road no 1,Anand Nagar Colony,Hyderabad,Telangana
17.3699275,78.5027724,paltan road no 4,Anand Nagar Colony,Hyderabad,Telangana
17.3120061,78.5612939,Road No 5,Sagar Complex,Hyderabad,Telangana
17.4399912,78.4991848,Regimental Bazar Main Road,Patny,Hyderabad,Telangana
17.4434586,78.4875966,Sardar Patel Road,Viman Nagar,Hyderabad,Telangana
17.3888235,78.476396,Abids to MJ Market Road,Abids,Hyderabad,Telangana
17.4308406,78.3749544,Hi Tech City Main Road,Telecom Nagar,Hyderabad,Telangana
17.5197754,78.3992771,Lane No 6A,Mithila Nagar,Hyderabad,Telangana
17.5191972,78.3978729,Ambedkar Road,Pragathi Nagar,Hyderabad,Telangana
17.5205232,78.3992837,Road NO 6,Mithila Nagar,Hyderabad,Telangana
17.4625785,78.3461678,Main road,Gouthami Colony,Hyderabad,Telangana
17.4067011,78.4392527,Sbiicm road,Ministers Colony,Hyderabad,Telangana
17.4004422,78.3938128,Pupplaguda-Shaikpet Road,Gulshan Colony,Hyderabad,Telangana
17.4014563,78.3723221,Puppalaguda - Narsingi Road,Manikonda,Hyderabad,Telangana
17.3999444,78.3883983,Puppalaguda - Dargha RD,Srinagar Colony,Hyderabad,Telangana
17.4522045,78.3895844,100 Feet Road,Ayyappa Society Colony,Hyderabad,Telangana
17.321232,78.4324634,Inner Ring Road,Adarsh Nagar,Hyderabad,Telangana
17.3212837,78.4327307,Inner Ring Road,Adarsh Nagar,Hyderabad,Telangana
17.3222498,78.431147,Inner Ring Road Underpass,Adarsh Nagar,Hyderabad,Telangana
17.4386731,78.4494696,Shyam Karan road,Ameerpet,Hyderabad,Telangana
17.4343517,78.4484194,MCH Market road,Ameerpet,Hyderabad,Telangana
17.4346082,78.4488126,Ameerpet Road,Ameerpet,Hyderabad,Telangana
17.4394669,78.4482857,Balkampet road,Ameerpet,Hyderabad,Telangana
17.4420551,78.448437,Balkampet road,Srinivas Nagar,Hyderabad,Telangana
17.4448861,78.4489466,Balkampet road,Balkampet,Hyderabad,Telangana
17.4414426,78.4483843,Sanjeeva Reddy Nagar Colony Main Road,Srinivas Nagar,Hyderabad,Telangana
17.3707902,78.5407785,New Nagole Main Road,SBI Colony,Hyderabad,Telangana
17.3682776,78.5381534,Orchid Hospital Road,Laxmi Nagar Colony,Hyderabad,Telangana
17.3685234,78.5354499,Orchid Hospital Road,Chaitanyapuri,Hyderabad,Telangana
17.3684058,78.5370738,Orchid Hospital Road,Maruti Nagar,Hyderabad,Telangana
17.3687066,78.5249374,TGSRTC Dilsukhnagar Bus Station Inner Road,Dilsukh Nagar,Hyderabad,Telangana
17.3689115,78.5250628,TGSRTC Dilsukhnagar Bus Stand Inner Road,Dilsukh Nagar,Hyderabad,Telangana
17.3695681,78.5253369,TGSRTC Hyderabad -1 Bus Depot Inner Road,Dilsukh Nagar,Hyderabad,Telangana
17.5919902,78.5267371,Service Road,Ace Olive Garden,Hyderabad,Telangana
17.4978161,78.4056001,Road No 4,Bhagyanagar Colony,Hyderabad,Telangana
17.534943,78.412232,Gajularamaram Road,Gajularamaram,Hyderabad,Telangana
17.506972,78.3652941,High Tension Line Road,CG Employees Colony,Hyderabad,Telangana
17.4992957,78.4071917,HMT Sathavahana Nagar Road,Navodaya Colony,Hyderabad,Telangana
17.4504475,78.3795803,HITEC City Flyover,HITEC City,Hyderabad,Telangana
17.4545071,78.383457,HITEC City Flyover,HITEC City,Hyderabad,Telangana
17.4974684,78.3767747,Nizampet - Miyapur Road Mumbai Highway,Bhagat Singh Nagar,Hyderabad,Telangana
17.4980733,78.3797498,Nizampet - Miyapur Road Mumbai Highway,Hydernagar,Hyderabad,Telangana
17.4090951,78.5483037,genpact shortcut,Brindavan Colony,Hyderabad,Telangana
17.4245784,78.4413932,Banjara Hills Road Number 5,Green Valley,Hyderabad,Telangana
17.4216589,78.445841,Banjara Hills Road Number 5,Vimal Nagar,Hyderabad,Telangana
17.4227263,78.447274,Street Number 5,Dwarkapuri Colony,Hyderabad,Telangana
17.4169287,78.4966169,Mahatma Nagar Road,Vasanth Nagar Colony,Hyderabad,Telangana
17.4170633,78.4984325,Decent School Road,Musheerabad,Hyderabad,Telangana
17.4168046,78.4985245,Decent School Road,Musheerabad,Hyderabad,Telangana
17.4172367,78.4985119,Andhra Urdu Weekly Road,Musheerabad,Hyderabad,Telangana
17.4175223,78.4977855,M.I.M Galli,Musheerabad,Hyderabad,Telangana
17.4191904,78.4984499,United Kata Galli,Musheerabad,Hyderabad,Telangana
17.4204378,78.4965409,Tokra Galli,Bholakpur,Hyderabad,Telangana
17.418898,78.4940598,Kalyani Karkhana Galli,Bholakpur,Hyderabad,Telangana
17.4198519,78.4983142,Bhaijan Kirana Galli,Musheerabad,Hyderabad,Telangana
17.4196652,78.499761,Rahimia Compund Road,Musheerabad,Hyderabad,Telangana
17.419796,78.4975254,Methar Galli,Musheerabad,Hyderabad,Telangana
17.4199623,78.4968328,Dubai Galli,Musheerabad,Hyderabad,Telangana
17.4189631,78.4967295,Sandhani Street,Bholakpur,Hyderabad,Telangana
17.4192911,78.4994363,Nadirshah Compund Road,Musheerabad,Hyderabad,Telangana
17.417808,78.4964607,Mandi Galli,Bholakpur,Hyderabad,Telangana
17.4163872,78.4968429,Center Basti Road,Vasanth Nagar Colony,Hyderabad,Telangana
17.4192113,78.4923908,Padmashali Colony Main Road,Bholakpur,Hyderabad,Telangana
17.417837,78.4982783,Jungoor Galli,Musheerabad,Hyderabad,Telangana
17.4175484,78.495625,Tajir Nagar Road,Bholakpur,Hyderabad,Telangana
17.418095,78.49678,Pardha Galli,Musheerabad,Hyderabad,Telangana
17.4186286,78.4961622,Roshan Best Road,Bholakpur,Hyderabad,Telangana
17.4176503,78.4957821,Prince Hotel Road,Bholakpur,Hyderabad,Telangana
17.4222986,78.4948864,Street No 1,PS Colony,Hyderabad,Telangana
17.357679,78.4693849,Khilwat road,Khilwat,Hyderabad,Telangana
17.3606994,78.4745453,Charminar Road,Moghalpura,Hyderabad,Telangana
17.3573327,78.4737257,Charminar Road,Moghalpura,Hyderabad,Telangana
17.3639217,78.4751196,Pathergatti Road,Patthergatti,Hyderabad,Telangana
17.3630845,78.474953,Charminar Kaman Road,Panjeshah,Hyderabad,Telangana
17.3645366,78.4844298,Dabeerpura Nala road,Maidan,Hyderabad,Telangana
17.3685613,78.4835403,Dabeerpura Road,Noorkhan Bazaar,Hyderabad,Telangana
17.3632737,78.4674027,Purana Pul Road,Ghansi Bazaar,Hyderabad,Telangana
17.3618896,78.4731276,Purana Pul Road,Ghansi Bazaar,Hyderabad,Telangana
17.3547929,78.4679685,Fateh Darwaza Road,Khilwat,Hyderabad,Telangana
17.3751207,78.4982787,Sir Louis Flyover,Malakpet,Hyderabad,Telangana
17.3734667,78.4990403,Sir Louis Flyover,Malakpet,Hyderabad,Telangana
17.3893783,78.4977432,Kachiguda Station Road,Kacheguda,Hyderabad,Telangana
17.4301216,78.4857225,Necklace Road,Jeera,Hyderabad,Telangana
17.4815823,78.5169352,Aswari Road,Lal Bazaar,Hyderabad,Telangana
17.3609792,78.4738612,Makbara Shahi,Moghalpura,Hyderabad,Telangana
17.3733818,78.4825642,Salar Jung Road,Imlibun,Hyderabad,Telangana
17.3732858,78.4825806,Salar Jung Road,Imlibun,Hyderabad,Telangana
17.3733478,78.4832121,Aziz Jung Road,Imlibun,Hyderabad,Telangana
17.3990342,78.5012881,Vegetable Market Road,Fever Hospital Jn,Hyderabad,Telangana
17.4351528,78.4603867,kundan bagh road,Kundanbagh,Hyderabad,Telangana
17.3733859,78.4655777,Akbar Bazaar Street,Churi Bazaar,Hyderabad,Telangana
17.3763427,78.4195174,Langar House road,Langar Hauz,Hyderabad,Telangana
17.3777063,78.420111,Langar House road,Langar Hauz,Hyderabad,Telangana
17.4106235,78.4151436,Jubilee Hills Road Number 86,Navirman Nagar,Hyderabad,Telangana
17.4127094,78.4172011,Road Number 7,Navirman Nagar,Hyderabad,Telangana
17.426678,78.453983,Durga Nagar Park Road,Panjagutta,Hyderabad,Telangana
17.3205176,78.4298132,Service Road,Adarsh Nagar,Hyderabad,Telangana
17.3200689,78.4299548,Service Road,Adarsh Nagar,Hyderabad,Telangana
17.4038223,78.4639023,Lakdikapul Road,Saifabad,Hyderabad,Telangana
17.5782468,78.5707408,Outer Ring Road,Upparapalle,Hyderabad,Telangana
17.5809296,78.5629029,Outer Ring Road,Thumukunta,Hyderabad,Telangana
17.5777793,78.5742429,Outer Ring Road,Upparapalle,Hyderabad,Telangana
17.5810981,78.5629797,Outer Ring Road,Thumukunta,Hyderabad,Telangana
17.5780678,78.5707008,Outer Ring Road,Upparapalle,Hyderabad,Telangana
17.5790324,78.5892455,Outer Ring Road,Upparapalle,Hyderabad,Telangana
17.5779655,78.5742741,Outer Ring Road,Upparapalle,Hyderabad,Telangana
17.5792182,78.5892285,Outer Ring Road,Upparapalle,Hyderabad,Telangana
17.585532,78.5483953,Outer Ring Road,Ace Olive Garden,Hyderabad,Telangana
17.5779179,78.5717595,Outer Ring Road,Upparapalle,Hyderabad,Telangana
17.5780673,78.5722367,Outer Ring Road,Upparapalle,Hyderabad,Telangana
17.5795535,78.5668931,Outer Ring Road,Thumukunta,Hyderabad,Telangana
17.5782126,78.577409,Outer Ring Road,Upparapalle,Hyderabad,Telangana
17.577957,78.5765133,Outer Ring Road,Upparapalle,Hyderabad,Telangana
17.5782678,78.5699045,Outer Ring Road,Upparapalle,Hyderabad,Telangana
17.5876205,78.5304005,Service Road,Ace Olive Garden,Hyderabad,Telangana
17.4556064,78.5810634,Sainikpuri-ECIL Main Road,Nehru Nagar,Hyderabad,Telangana
17.3239708,78.4169423,Ag University Rd,Premavathipet,Hyderabad,Telangana
17.5134796,78.3857963,Eswarvillas Road,Nizampet,Hyderabad,Telangana
17.3583545,78.4401794,Galli Number 5,Ranjeet Singh Nagar,Hyderabad,Telangana
17.4350036,78.4155589,road 10a,Gayatri Hills,Hyderabad,Telangana
17.428589,78.417309,Road No 10,Venkatagiri,Hyderabad,Telangana
17.4331734,78.4144888,Road No 10,Gayatri Hills,Hyderabad,Telangana
17.4340847,78.4121233,Road No 10,Jubilee Hills,Hyderabad,Telangana
17.4306221,78.4202716,Road Number 5,Venkatagiri,Hyderabad,Telangana
17.4367572,78.415641,road no 10c,Gayatri Hills,Hyderabad,Telangana
17.4382287,78.3887939,Durgam Cheruvu Road,Madhapur,Hyderabad,Telangana
17.3557066,78.5577261,Ritesh,Nagarjuna Nagar,Hyderabad,Telangana
17.4074906,78.4701079,Vidyaranya School Road,Adarsh Nagar,Hyderabad,Telangana
17.4048401,78.4485495,First Lancer Road,Owaisipura,Hyderabad,Telangana
17.4254183,78.524987,Sitaphalmandi Road,Ravindra Nagar,Hyderabad,Telangana
17.4251845,78.5258109,Sitaphalmandi Road,Ravindra Nagar,Hyderabad,Telangana
17.4557685,78.3672698,Whitefields Road,Whitefields,Hyderabad,Telangana
17.4326316,78.4215507,roasd no 5,Venkatagiri,Hyderabad,Telangana
17.4140461,78.4211995,Road Number 96,Navirman Nagar,Hyderabad,Telangana
17.4161053,78.4153388,Apollo Hospital Road,Navirman Nagar,Hyderabad,Telangana
17.4133827,78.4044487,Film Nagar Main Road,Giani Zail Singh Nagar,Hyderabad,Telangana
17.415028,78.4075845,Film Nagar Main Road,Giani Zail Singh Nagar,Hyderabad,Telangana
17.4171479,78.4115053,Road Number 4,Film Nagar,Hyderabad,Telangana
17.3838083,78.558309,Inner Ring Road,Mamatha Nagar,Hyderabad,Telangana
17.3984513,78.5625549,Surya Nagar Colony,Laxma Reddy Colony,Hyderabad,Telangana
17.397359,78.5606514,Saraswati colony,Surya Nagar,Hyderabad,Telangana
17.3913661,78.5601463,SuryaNagar Colony Road,Saraswati Colony,Hyderabad,Telangana
17.3935567,78.5615784,SuryaNagar Colony Road,Saraswati Colony,Hyderabad,Telangana
17.3988226,78.5729382,Uppal - Nagole Bypass Road,Santhi Nagar,Hyderabad,Telangana
17.3711912,78.5692529,Nagole-Bandlaguda Main Road,Bandlaguda,Hyderabad,Telangana
17.3723379,78.565663,Nagole-Bandlaguda Main Road,Arunodaya Nagar,Hyderabad,Telangana
17.3995321,78.5656714,Vijayapuri Colony Road,Laxma Reddy Colony,Hyderabad,Telangana
17.4011999,78.580663,Hyderabad-Janagam Highway,Bhagya Nagar Colony,Hyderabad,Telangana
17.4010588,78.5806521,Hyderabad-Janagam Highway,Bhagya Nagar Colony,Hyderabad,Telangana
17.4011287,78.5811981,Hyderabad-Janagam Highway,Hanuman Nagar,Hyderabad,Telangana
17.4319421,78.6536767,Hyderabad-Janagam Highway,Singapore Township,Hyderabad,Telangana
17.3632494,78.5860701,Main Road,Maduranagar,Hyderabad,Telangana
17.3640209,78.5873556,Indu Aranya Main Road,mattuguda,Hyderabad,Telangana
17.3630314,78.5874946,Road No. 10,Maduranagar,Hyderabad,Telangana
17.4294231,78.4555598,Greenlands Road,Nishat Bagh Colony,Hyderabad,Telangana
17.4279515,78.4530189,Greenlands Road,Panjagutta,Hyderabad,Telangana
17.4029843,78.583897,Hyderabad-Janagam Highway,Hanuman Nagar,Hyderabad,Telangana
17.4174247,78.629977,Narapally Peerzadiguda Main Road,Narepally,Hyderabad,Telangana
17.4334143,78.6389552,Pocharam Village Main Road,Anna Nagar,Hyderabad,Telangana
17.3743181,78.5578682,LB Nagar - Uppal Road,Ananda Nagar,Hyderabad,Telangana
17.4015557,78.5687867,Bus Bay,Santhi Nagar,Hyderabad,Telangana
17.4016728,78.5687892,Bus Bay,Santhi Nagar,Hyderabad,Telangana
17.4016551,78.5949286,Road No. 2,Sankar Nagar,Hyderabad,Telangana
17.4215197,78.4425635,Road No 6,Vimal Nagar,Hyderabad,Telangana
17.4429264,78.4346515,Cross Road 1,Vengal Rao Nagar,Hyderabad,Telangana
17.4424247,78.4346137,Cross Road 2,Vengal Rao Nagar,Hyderabad,Telangana
17.4418732,78.4345651,Cross Road 3,Vengal Rao Nagar,Hyderabad,Telangana
17.4411839,78.4345141,Cross Road 4,Vengal Rao Nagar,Hyderabad,Telangana
17.4425102,78.4334902,Cross Road 6,Vengal Rao Nagar,Hyderabad,Telangana
17.441959,78.4334336,Cross Road 7,Vengal Rao Nagar,Hyderabad,Telangana
17.4414456,78.433384,Cross Road 8,Vengal Rao Nagar,Hyderabad,Telangana
17.4414574,78.4350133,Cross Road 9,Vengal Rao Nagar,Hyderabad,Telangana
17.4337532,78.489874,Hill street,Jeera,Hyderabad,Telangana
17.4349542,78.4905462,Lala Temple street,Jawahar Nagar Colony,Hyderabad,Telangana
17.4346016,78.4893586,Pan Bazar road,Jawahar Nagar Colony,Hyderabad,Telangana
17.505117,78.3092992,Ashok Nagar Main Road,Kakatiya Nagar,Hyderabad,Telangana
17.5084129,78.3113508,Shankar Nagar,Treassury Township,Hyderabad,Telangana
17.5086523,78.3114599,New Duplex Colony,Treassury Township,Hyderabad,Telangana
17.4117841,78.5698271,Street Number 6,Amrutha Colony,Hyderabad,Telangana
17.4119713,78.5733531,Ayyappa Temple Road,Amrutha Colony,Hyderabad,Telangana
17.412767,78.5718467,Street Number 6,Amrutha Colony,Hyderabad,Telangana
17.4054597,78.5563435,Prashanthinagar Main Road,Prashanth Nagar,Hyderabad,Telangana
17.4154506,78.5690311,Road No 4,Adarsh Nagar,Hyderabad,Telangana
17.4841143,78.5491455,Dr A.S.Rao Nagar Road,AS Rao Nagar,Hyderabad,Telangana
17.4842115,78.5489817,Sainikpuri-ECIL Main Road,AS Rao Nagar,Hyderabad,Telangana
17.5451615,78.5748471,Lover's Lane,Antaipalle,Hyderabad,Telangana
17.4845785,78.5564138,H. T. Line Road,Vijayapuri,Hyderabad,Telangana
17.4378582,78.4458629,meghamala apartments road,Ameerpet,Hyderabad,Telangana
17.4486581,78.5119378,urguir,East Marredpally,Hyderabad,Telangana
17.4095062,78.5356594,quaters,Ravindra Nagar,Hyderabad,Telangana
17.4910278,78.3885405,Manjeera Hostel Road,Vasanth Nagar,Hyderabad,Telangana
17.4935378,78.3923676,Shortcut from CRC to temple,KPHB Colony,Hyderabad,Telangana
17.4938217,78.3912915,Shortcut from CRC to Mechanical Block,Vasanth Nagar,Hyderabad,Telangana
17.492641,78.3087111,walking track,BHEL Township,Hyderabad,Telangana
17.4988917,78.3964461,street number 5,Satavahana Nagar,Hyderabad,Telangana
17.4480941,78.3802939,street number 1,HITEC City,Hyderabad,Telangana
17.483771,78.413593,ZPH School Lane,Sumitra Nagar,Hyderabad,Telangana
17.484436,78.413774,ZPH School Lane,Sumitra Nagar,Hyderabad,Telangana
17.3284075,78.5689965,e-seva road,Vanasthalipuram,Hyderabad,Telangana
17.3739631,78.5262501,road number 7b,Bhavani Nagar,Hyderabad,Telangana
17.3735327,78.5275143,road number 7a,Bhavani Nagar,Hyderabad,Telangana
17.3709928,78.5269717,road number 3a,Durga Nagar,Hyderabad,Telangana
17.3648654,78.4996104,Chanchalguda Main Road,Chanchalguda,Hyderabad,Telangana
17.3693231,78.4974486,gachibowli rd,Chanchalguda,Hyderabad,Telangana
17.3704205,78.4974311,gachibowli rd,Officers Colony,Hyderabad,Telangana
17.3707446,78.4956377,anjuman rd,Kala Daira,Hyderabad,Telangana
17.4918082,78.3979454,Rythubazar Road,KPHB Colony,Hyderabad,Telangana
17.3696982,78.520816,Indira Nagar Rd,Salivahana Nagar,Hyderabad,Telangana
17.4273955,78.4310684,road number 1,Kamalapuri Colony,Hyderabad,Telangana
17.4135545,78.4919757,canara bank road,Gandhi Nagar,Hyderabad,Telangana
17.414138,78.4908911,Swami Vivekananda Road,Gandhi Nagar,Hyderabad,Telangana
17.4353814,78.4077404,Road number 24,Jubilee Hills,Hyderabad,Telangana
17.5397036,78.5111807,new enclave road,Shanti Niketan Colony,Hyderabad,Telangana
17.5399984,78.5144744,ark homes road,Shanti Niketan Colony,Hyderabad,Telangana
17.5163193,78.4934798,road no 11,HMT Officers Colony,Hyderabad,Telangana
17.5146431,78.4922662,Panchsheel Enclave Lane no 1,HMT Officers Colony,Hyderabad,Telangana
17.5147457,78.4919919,Panchsheel Enclave Lane no 2,HMT Officers Colony,Hyderabad,Telangana
17.5150893,78.4923824,Panchsheel Enclave Lane no 3,HMT Officers Colony,Hyderabad,Telangana
17.514809,78.4912034,Panchsheel Enclave Lane no 4,HMT Officers Colony,Hyderabad,Telangana
17.5148672,78.4907848,Panchsheel Enclave Lane no 5,HMT Officers Colony,Hyderabad,Telangana
17.5161023,78.4902073,Panchsheel Enclave Lane no 7,HMT Officers Colony,Hyderabad,Telangana
17.5153332,78.4897262,Panchsheel Enclave Lane no 8,HMT Officers Colony,Hyderabad,Telangana
17.5165747,78.4899782,Panchsheel Enclave Lane no 9,HMT Officers Colony,Hyderabad,Telangana
17.5152966,78.488927,Panchsheel Enclave Lane no 10,HMT Officers Colony,Hyderabad,Telangana
17.5153123,78.4885532,Panchsheel Enclave Lane no 11,HMT Officers Colony,Hyderabad,Telangana
17.5129972,78.4907869,Panchsheel Enclave Lane no 26,HMT Officers Colony,Hyderabad,Telangana
17.5130395,78.4903981,Panchsheel Enclave Lane no 25,HMT Officers Colony,Hyderabad,Telangana
17.5131529,78.4900484,Panchsheel Enclave Lane no 24,HMT Officers Colony,Hyderabad,Telangana
17.5131631,78.4896729,Panchsheel Enclave Lane no 23,HMT Officers Colony,Hyderabad,Telangana
17.5132161,78.4893401,Panchsheel Enclave Lane no 22,HMT Officers Colony,Hyderabad,Telangana
17.5133761,78.4889046,Panchsheel Enclave Lane no 21,HMT Officers Colony,Hyderabad,Telangana
17.5134273,78.4885605,Panchsheel Enclave Lane no 20,HMT Officers Colony,Hyderabad,Telangana
17.5135054,78.4882214,Panchsheel Enclave Lane no 19,HMT Officers Colony,Hyderabad,Telangana
17.5136452,78.4878737,Panchsheel Enclave Lane no 18,HMT Officers Colony,Hyderabad,Telangana
17.5136846,78.4874609,Panchsheel Enclave Lane no 17,Caton Residential Township,Hyderabad,Telangana
17.3116126,78.4962367,nakshatra vilas road,Nakshatra Villas,Hyderabad,Telangana
17.3665252,78.4238574,Janapriya Utopia road,Radha Krishna Nagar,Hyderabad,Telangana
17.3048792,78.5306957,Road No 3,Sai Prabhu Homes,Hyderabad,Telangana
17.304013,78.5292065,Road No 4,Venkateshwara Colony,Hyderabad,Telangana
17.3295202,78.6073364,"Number 2B, Ward 12 Mansoorabad",Veerabhadra Nagar,Hyderabad,Telangana
17.3253087,78.5872543,Shivalayam Road,NARASHIMA RAO NAGAR,Hyderabad,Telangana
17.3303962,78.5867201,Sai Nagar Road,Bhagyalatha Colony,Hyderabad,Telangana
17.3152745,78.5720171,Street No 6,Vivekananda Colony,Hyderabad,Telangana
17.322384,78.5745541,Saheb Nagar Road,Saheb Nagar,Hyderabad,Telangana
17.2745855,78.4519945,Airport Road,Jalapally,Hyderabad,Telangana
17.3145844,78.4672669,Bandlaguda Road,Bandlaguda,Hyderabad,Telangana
17.3145762,78.4488079,Airport Road,Vinayak Nagar,Hyderabad,Telangana
17.3584857,78.4206796,Hyderguda road,Upperpally,Hyderabad,Telangana
17.3430514,78.422136,Hacker Location Found,W Mahmood Nagar,Hyderabad,Telangana
17.347792,78.4303507,Mir Mahmood Dargah road,Mir Mahmood Colony,Hyderabad,Telangana
17.3650378,78.4341271,Tejaswi Nagar Main road,Tejaswi Nagar,Hyderabad,Telangana
17.3629467,78.4138913,Street Number 16,Sirimalle Nagar,Hyderabad,Telangana
17.3626186,78.4358527,Street Number 3,Tejaswi Nagar,Hyderabad,Telangana
17.3640027,78.4329154,rd number 31,Tejaswi Nagar,Hyderabad,Telangana
17.3580618,78.3809078,Bhavani Nagar Colony Number 1,Eastend Colony,Hyderabad,Telangana
17.362861,78.3977422,Glendale School Road,Sun City,Hyderabad,Telangana
17.3339253,78.4075755,Temple lane,Budvel,Hyderabad,Telangana
17.3081963,78.5520205,Road No 3,Vinayaka Hills,Hyderabad,Telangana
17.298229,78.5523325,Almasguda Road,Sri Sri Homes,Hyderabad,Telangana
17.3051357,78.5359745,Almasguda Road,SSR Nagar,Hyderabad,Telangana
17.5076687,78.3059784,Road No 4,Mallikarjuna Nagar Colony,Hyderabad,Telangana
17.5069587,78.3077994,IBM Road,Kakatiya Nagar,Hyderabad,Telangana
17.5065573,78.3074192,Muralidhar Raju Road,Kakatiya Nagar,Hyderabad,Telangana
17.5065772,78.3080415,Road No 1,Kakatiya Nagar,Hyderabad,Telangana
17.5069423,78.3059221,Road No 3,Kakatiya Nagar,Hyderabad,Telangana
17.510503,78.3087528,Street Number 1,Mallareddy Enclave,Hyderabad,Telangana
17.5050339,78.3599399,Miyapur-Janapriya West City Road,Jayaprakash Narayan Nagar,Hyderabad,Telangana
17.5153946,78.3377058,Lane Number 1,Rtc Colony,Hyderabad,Telangana
17.5033556,78.3200752,Vidya Nagar Colony Main Road,Jawahar Nagar Colony,Hyderabad,Telangana
17.5011428,78.3243526,Road Number 5,Jawahar Nagar Colony,Hyderabad,Telangana
17.5030694,78.3195137,Road Number 4,Jawahar Nagar Colony,Hyderabad,Telangana
17.5029361,78.3504685,JP Nagar Road,Prasanth Nagar,Hyderabad,Telangana
17.5089979,78.3203448,Maruthi Hills Road,Maruthi Nagar,Hyderabad,Telangana
17.5200802,78.3524583,dr.reddy colony,Prajay Shelters,Hyderabad,Telangana
17.5132429,78.3371505,Road Number 22,Rtc Colony,Hyderabad,Telangana
17.5291823,78.3631345,SLG road,Bachupally,Hyderabad,Telangana
17.5269458,78.3582319,Market Road,Prajay Shelters,Hyderabad,Telangana
17.5280419,78.3702641,Satyam Heights Road,Bachupally,Hyderabad,Telangana
17.5596841,78.3608684,10,Mallampet,Hyderabad,Telangana
17.5248366,78.3695939,Road Number 13,Mayuri Nagar,Hyderabad,Telangana
17.5260331,78.3587917,NRI road,Prajay Shelters,Hyderabad,Telangana
17.4941301,78.4436789,Badi Masjid Road,Bhagat Singh Nagar,Hyderabad,Telangana
17.5256371,78.3936887,Rajhiv Gruha Kalpa Main Road,Prashanthi Hills,Hyderabad,Telangana
17.4674097,78.4560787,Raju Colony Road,Vinayak Nagar,Hyderabad,Telangana
17.4672014,78.4581198,Government School Road,Raju Colony,Hyderabad,Telangana
17.5416275,78.4361378,luies brail street,Dayanand Nagar,Hyderabad,Telangana
17.5398215,78.4374462,suraram market road,Sivalaya Nagar Colony,Hyderabad,Telangana
17.5466088,78.4384229,Jai Sri Ram Nagar Road Number 1,Sundar Rao Nagar,Hyderabad,Telangana
17.5082934,78.5105219,Alwal Lake Road,Reddy Enclave,Hyderabad,Telangana
17.5159151,78.5181482,Stewart Road,Lakadwala Colony,Hyderabad,Telangana
17.5111863,78.4949095,citizens colony 1,Manjira Nagar Colony,Hyderabad,Telangana
17.5104816,78.4941857,citizens colony 2,Manjira Nagar Colony,Hyderabad,Telangana
17.5119909,78.4937714,citizens colony 3,Manjira Nagar Colony,Hyderabad,Telangana
17.5125877,78.4930269,citizens colony 4,Manjira Nagar Colony,Hyderabad,Telangana
17.5133996,78.492766,HT Road,HMT Officers Colony,Hyderabad,Telangana
17.5094533,78.4947285,citizens colony 1,Father Balaiah Nagar,Hyderabad,Telangana
17.5126533,78.4934817,citizens colony 3,Manjira Nagar Colony,Hyderabad,Telangana
17.5166604,78.499914,ambedkar nagar main rd,Ambedkar Nagar,Hyderabad,Telangana
17.5137658,78.5084071,Surya Nagar Colony Road,Chandra Nagar Colony,Hyderabad,Telangana
17.5145358,78.5086538,Surya Nagar Road Number 4,Chandra Nagar Colony,Hyderabad,Telangana
17.5043158,78.4167903,George Street,Allwyn Colony,Hyderabad,Telangana
17.5050353,78.417007,George Street,Allwyn Colony,Hyderabad,Telangana
17.5071636,78.4163138,Tulasi Nagar Road,Allwyn Colony,Hyderabad,Telangana
17.510173,78.4055252,shivalayam road,Dattatreya Colony,Hyderabad,Telangana
17.505501,78.4158496,Tulasi Nagar Road,Allwyn Colony,Hyderabad,Telangana
17.5491917,78.4652426,Gangastan main road,Gangastan,Hyderabad,Telangana
17.5371808,78.4860685,Jayabheri Park Road,Doolapally,Hyderabad,Telangana
17.482233,78.4517132,IDPL Colony,Idpl,Hyderabad,Telangana
17.4837146,78.4475485,Indira Gandhi Nagar Road,Sowbhagya Nagar,Hyderabad,Telangana
17.5042662,78.4590434,Quthbullapur Main Road,Qutubullapur,Hyderabad,Telangana
17.4972056,78.4633152,Road Number 15,New Vivekananda Nagar,Hyderabad,Telangana
17.4999305,78.4652622,Sai Baba Nagar road no. 7,New Vivekananda Nagar,Hyderabad,Telangana
17.4965855,78.4617911,Prasoona nagar,New Vivekananda Nagar,Hyderabad,Telangana
17.5090108,78.463239,Sai Baba Temple Road,Jayaram Nagar,Hyderabad,Telangana
17.510593,78.4616434,dattapeetam st,Ayodhya Nagar,Hyderabad,Telangana
17.5151189,78.4592349,BYF Street,Subash Nagar,Hyderabad,Telangana
17.4939376,78.4521945,Quthub Shahi Road,Chintal Bus stop,Hyderabad,Telangana
17.4961419,78.4581856,Srinivas nagar,Dee Nagar,Hyderabad,Telangana
17.4960972,78.4540438,Sudershan Reddy Nagar,Vani Nagar,Hyderabad,Telangana
17.4977577,78.4588084,Sai nagar Road No.1,Venkateswara Nagar,Hyderabad,Telangana
17.4810833,78.4781625,RAJA RAJESHWARI,Maithri Vanam,Hyderabad,Telangana
17.4796937,78.4834917,KALINGA ENCLAVE,HAL Colony,Hyderabad,Telangana
17.4775322,78.4765689,Road Number 3,Nandamuri Nagar,Hyderabad,Telangana
17.4778225,78.4755387,Road Number 3,Nandamuri Nagar,Hyderabad,Telangana
17.4788792,78.4821195,Rd number 1,HAL Colony,Hyderabad,Telangana
17.3634647,78.4971352,chawni rd,Chawni,Hyderabad,Telangana
17.3590348,78.496759,Gali No 3,Madannapet,Hyderabad,Telangana
17.3626575,78.4848291,Yakutpura Main Road,Patthar Kaman,Hyderabad,Telangana
17.3630247,78.4972287,Chavani street no. 2,Chawni,Hyderabad,Telangana
17.5552398,78.4825269,Avenue 16,Doolapally,Hyderabad,Telangana
17.5551783,78.4819123,Avenue 17,Doolapally,Hyderabad,Telangana
17.3581107,78.5272346,Saroor Nagar Bus Stand Road,P&T Colony,Hyderabad,Telangana
17.3538389,78.534713,Saroor Nagar Mini Tank Bund Road,Saroor Nagar,Hyderabad,Telangana
17.3831151,78.4734822,Malakunta Road,Jambagh,Hyderabad,Telangana
17.2931482,78.4499382,Airport Road,Madhuban Colony,Hyderabad,Telangana
17.2997559,78.4499732,Airport Road,Laxmi Guda,Hyderabad,Telangana
17.4954261,78.5739124,Lane Number 20,Saket,Hyderabad,Telangana
17.4946151,78.5771434,Street Number 1,Saket,Hyderabad,Telangana
17.4839997,78.5635055,Street Number 7,Sri Ram Naga,Hyderabad,Telangana
17.5039453,78.5789219,Road no 23,Sairam Nagar,Hyderabad,Telangana
17.4843057,78.5648171,Road Number 1,Sri Ram Naga,Hyderabad,Telangana
17.4956385,78.5760868,Road Number 3,Saket,Hyderabad,Telangana
17.4419654,78.4902089,Park Lane,Patny,Hyderabad,Telangana
17.4913364,78.6019381,S.M.B.C.V,Nagaram,Hyderabad,Telangana
17.4951517,78.5988916,Balaji Nagar Road,Nagaram,Hyderabad,Telangana
17.4946407,78.5991777,Balaji Nagar Road,Nagaram,Hyderabad,Telangana
17.4882722,78.5964206,Simhapuri Colony Road no 3,Nagaram,Hyderabad,Telangana
17.4897499,78.6000872,Dammaiguda-Nagaram Road,Nagaram,Hyderabad,Telangana
17.3933403,78.3910025,Masjid Ibrahim Zameer,Alijapur,Hyderabad,Telangana
17.4843024,78.5677587,Road Number 3,Parimala Nagar,Hyderabad,Telangana
17.4828256,78.5794733,Shiva Sai Nagar,Shiva Sai Nagar,Hyderabad,Telangana
17.4831576,78.5791768,Shiva Sai Nagar,Shiva Sai Nagar,Hyderabad,Telangana
17.4872802,78.5716214,1st Cross Road,Jai Jawan Nagar,Hyderabad,Telangana
17.4840303,78.5801077,Shiva Sai Nagar,Shiva Sai Nagar,Hyderabad,Telangana
17.4829516,78.5801067,Shiva Sai Nagar,Shiva Sai Nagar,Hyderabad,Telangana
17.4835684,78.5797911,Shiva Sai Nagar,Shiva Sai Nagar,Hyderabad,Telangana
17.4829403,78.5784102,Shiva Sai Nagar,Shiva Sai Nagar,Hyderabad,Telangana
17.4830958,78.5788831,Shiva Sai Nagar,Shiva Sai Nagar,Hyderabad,Telangana
17.4812886,78.5817219,Road Number 3,Shiva Sai Nagar,Hyderabad,Telangana
17.4821508,78.5797994,Shiva Sai Nagar,Shiva Sai Nagar,Hyderabad,Telangana
17.4831746,78.5793015,Shiva Sai Nagar,Shiva Sai Nagar,Hyderabad,Telangana
17.4826261,78.5788673,Shiva Sai Nagar,Shiva Sai Nagar,Hyderabad,Telangana
17.483332,78.5797371,Shiva Sai Nagar,Shiva Sai Nagar,Hyderabad,Telangana
17.4804267,78.5660904,Bhavani Nagar Colony Road,Bhavani Nagar,Hyderabad,Telangana
17.2835389,78.6395683,Pedhumberpet Road,Surya Vamshi Garden City,Hyderabad,Telangana
17.4160728,78.3991822,Bharani Layout Road,Nyaya Vihar,Hyderabad,Telangana
17.4135969,78.4077717,Road No 16,Giani Zail Singh Nagar,Hyderabad,Telangana
17.4147241,78.4109272,Road Number 6,Film Nagar,Hyderabad,Telangana
17.40667,78.3794424,Palm Breeze Rd,Manikonda,Hyderabad,Telangana
17.402178,78.3731451,Hanuman temple road,Manikonda,Hyderabad,Telangana
17.4147714,78.4068458,Road No 81,Giani Zail Singh Nagar,Hyderabad,Telangana
17.4068041,78.3800064,Hanuman Nagar Rd,Manikonda,Hyderabad,Telangana
17.4108569,78.3820953,Road Number 5J,Janmabhoomi Colony,Hyderabad,Telangana
17.4081421,78.393033,Reddy street,OU Staff Colony,Hyderabad,Telangana
17.4000261,78.3870546,Lalamma Gardens street Number 1,Srinagar Colony,Hyderabad,Telangana
17.4096134,78.3824501,Road Number 5E,Janmabhoomi Colony,Hyderabad,Telangana
17.4103696,78.3824708,Road Number 5I,Janmabhoomi Colony,Hyderabad,Telangana
17.4060077,78.4012193,Street Number 3,Shaikpet,Hyderabad,Telangana
17.4562553,78.5676628,Avenue Number 2,Mangapuram Colony,Hyderabad,Telangana
17.4728703,78.5672338,Street number 2,DAE Colony,Hyderabad,Telangana
17.4814743,78.5949605,Road Number 10,Mint Township,Hyderabad,Telangana
17.485164,78.61286,Road Number 6,Nagaram,Hyderabad,Telangana
17.4291493,78.6417905,Doctor Colony Main Road,Anna Nagar,Hyderabad,Telangana
17.4151855,78.6408262,Road-2,Swarnagiri Colony,Hyderabad,Telangana
17.398815,78.5059642,Nallakunta Main Road,Nallakunta,Hyderabad,Telangana
17.3974892,78.6291517,Narapally Peerzadiguda Main Road,Narepally,Hyderabad,Telangana
17.4497311,78.5992117,FCI Godown Road,EC Nagar Colony,Hyderabad,Telangana
17.3617209,78.5997737,Raghavendra nagar road no 1,Anjanadri Nagar,Hyderabad,Telangana
17.3327583,78.5763847,Road Number 6,Raithu Bazar,Hyderabad,Telangana
17.3618957,78.5999686,Raghavendra nagar road 2,Anjanadri Nagar,Hyderabad,Telangana
17.4046786,78.3828913,Chaitanya Colony,Srinagar Colony,Hyderabad,Telangana
17.4047926,78.3825353,Chaitanya Colony Road,Secretariat Employees Colony,Hyderabad,Telangana
17.405065,78.3827392,Chaitanya Colony Road,Srinagar Colony,Hyderabad,Telangana
17.4042417,78.3811502,Manikonda Village,Secretariat Employees Colony,Hyderabad,Telangana
17.4079031,78.3736825,Lanco Hills Rd,Manikonda,Hyderabad,Telangana
17.4085981,78.4017378,Old Bombay Highway to Jubliee Hills Road,Shaikpet,Hyderabad,Telangana
17.4102209,78.4026993,Old Bombay Highway to Jubliee Hills Road,Tarakrama Nagar,Hyderabad,Telangana
17.4416027,78.5673337,Abdul Mannan Street,Annapurna Colony,Hyderabad,Telangana
17.4433132,78.5835582,Gulmohar Gardens Annexe Road,Chandrapuri Colony,Hyderabad,Telangana
17.436873,78.5773344,BEL Road,Padmavathi Colony,Hyderabad,Telangana
17.4432485,78.5821061,BEL Road,Chandrapuri Colony,Hyderabad,Telangana
17.4330798,78.59736,Chengicherla Road,Chengicherla,Hyderabad,Telangana
17.4552565,78.4236357,Leela Hospital road,Kalyan Nagar,Hyderabad,Telangana
17.4565641,78.4078036,Bada Chilla Road,Allapur,Hyderabad,Telangana
17.451762,78.4468248,Emmanuel church road,Fateh Nagar,Hyderabad,Telangana
17.4540504,78.4358948,Main Street,Banjara Nagar,Hyderabad,Telangana
17.4607805,78.4266999,PR Nagar road,Panduranga Rao Colony,Hyderabad,Telangana
17.4544783,78.436428,Street Numbaer 1A,Banjara Nagar,Hyderabad,Telangana
17.4524139,78.4483608,Government School road,Fateh Nagar,Hyderabad,Telangana
17.4494343,78.4418463,KLNY Rythu Market Road,Sanath Nagar,Hyderabad,Telangana
17.4794249,78.4261006,"Type-II, Industrial estate Kukatpally",Prashanti Nagar,Hyderabad,Telangana
17.4212427,78.5666634,Hemanagar Road,New Hema Nagar,Hyderabad,Telangana
17.4205306,78.5659386,Road No 3,New Hema Nagar,Hyderabad,Telangana
17.5002717,78.418926,Akshara School Road,Madhavaram Colony,Hyderabad,Telangana
17.4043344,78.4719086,Hill Fort Road,Hill Fort,Hyderabad,Telangana
17.4078293,78.4700715,Telugu Talli Flyover,Adarsh Nagar,Hyderabad,Telangana
17.3946643,78.4792183,Gunfoundry Street Number 5,Gun Foundry,Hyderabad,Telangana
17.3987541,78.4900631,Harivihar Colony Rd,Narayanguda,Hyderabad,Telangana
17.3972749,78.4849578,Street Number 11,Narayanguda,Hyderabad,Telangana
17.3943284,78.477391,Gunfoundry Street Number 3,Gun Foundry,Hyderabad,Telangana
17.4027225,78.4092527,Lane 5,Brindavan Colony,Hyderabad,Telangana
17.4029381,78.4087329,Lane 6,Aziz Bagh,Hyderabad,Telangana
17.5000934,78.3950574,Road Number 7,Samatha Nagar,Hyderabad,Telangana
17.5008005,78.3938611,Street Number 8,Samatha Nagar,Hyderabad,Telangana
17.5138057,78.3862644,Eswar Villas road,Srinivasa Nagar,Hyderabad,Telangana
17.5220915,78.3835194,Road No 6c,Rajiv Gruhakalpa Colony,Hyderabad,Telangana
17.5128967,78.38714,Eswar Villas road,Srinivasa Nagar,Hyderabad,Telangana
17.5108803,78.3893245,Eswar Villas road,Sreenivasa Nagar,Hyderabad,Telangana
17.5128722,78.3869471,Eswar Villas road,Srinivasa Nagar,Hyderabad,Telangana
17.5219988,78.3831316,Road No 5c,Rajiv Gruhakalpa Colony,Hyderabad,Telangana
17.5142016,78.3843981,Road Number 1,Nizampet,Hyderabad,Telangana
17.5170286,78.3873726,Reddy Colony road,Srinivasa Nagar,Hyderabad,Telangana
17.5212132,78.3844677,Road No 9,Rajiv Gruhakalpa Colony,Hyderabad,Telangana
17.5157989,78.3817277,Balaji Nagar Road,Nizampet,Hyderabad,Telangana
17.5143749,78.3791444,K T R Colony Road no 5,Nizampet,Hyderabad,Telangana
17.5187991,78.3767188,Vignan School Road,Nizampet,Hyderabad,Telangana
17.5115183,78.3794716,Katla Road,Setwinabad,Hyderabad,Telangana
17.5227097,78.3840973,Road No 7c,Rajiv Gruhakalpa Colony,Hyderabad,Telangana
17.5187336,78.3853785,New Block Road,Srinivasa Nagar,Hyderabad,Telangana
17.5208505,78.3839085,Road No 8,Nizampet,Hyderabad,Telangana
17.5210368,78.3843768,Road No 4,Rajiv Gruhakalpa Colony,Hyderabad,Telangana
17.5200327,78.3812196,Road No 2,Nizampet,Hyderabad,Telangana
17.5197754,78.3815681,Road No 3a,Nizampet,Hyderabad,Telangana
17.5202966,78.3808928,Road No 1,Nizampet,Hyderabad,Telangana
17.5012977,78.3952672,Street Number 10,Samatha Nagar,Hyderabad,Telangana
17.5017181,78.3953048,Street No. 11,Samatha Nagar,Hyderabad,Telangana
17.5003247,78.3957622,Street Number 8,Samatha Nagar,Hyderabad,Telangana
17.5191196,78.4279688,Chandragiri nagar,Prakasam Pantulu Nagar,Hyderabad,Telangana
17.5115654,78.423271,Jagathgiri Gutta Road,Lenin Nagar,Hyderabad,Telangana
17.5129673,78.4244671,Umadevi Nagar Street Number 7A,Lenin Nagar,Hyderabad,Telangana
17.5119809,78.4238371,Umadevi Nagar Street Number 8A,Lenin Nagar,Hyderabad,Telangana
17.511935,78.4240073,Umadevi Nagar Street Number 7A,Lenin Nagar,Hyderabad,Telangana
17.521211,78.4326161,Sri Balaji Enclave,Roda Mestry Nagar,Hyderabad,Telangana
17.5195186,78.4297629,umcc,Roda Mestry Nagar,Hyderabad,Telangana
17.4534628,78.5694643,Road Number 5,Mangapuram Colony,Hyderabad,Telangana
17.4037277,78.4174802,Inner road,Deluxe Colony,Hyderabad,Telangana
17.4388049,78.4614859,Lane No.5,Brahmanwadi,Hyderabad,Telangana
17.438376,78.4623727,Lane No. 7,Brahmanwadi,Hyderabad,Telangana
17.4386121,78.4619764,Lane No. 6,Brahmanwadi,Hyderabad,Telangana
17.4391889,78.4611304,Lane No.4,Brahmanwadi,Hyderabad,Telangana
17.4414642,78.462239,Street Numbaer 1,Brahmanwadi,Hyderabad,Telangana
17.4401582,78.4634666,Mayuri Marg,Brahmanwadi,Hyderabad,Telangana
17.4406018,78.4623162,Lane Number 2,Brahmanwadi,Hyderabad,Telangana
17.4380265,78.4513539,Servo towers road,Ameerpet,Hyderabad,Telangana
17.4046034,78.4233232,Arif road,Venkateswara Colony,Hyderabad,Telangana
17.4046796,78.4228751,New Hakeempet road,Venkateswara Colony,Hyderabad,Telangana
17.408147,78.5714903,Street Number 3,Srinivasa Colony,Hyderabad,Telangana
17.5218437,78.4195191,Local 8,Gajularamaram,Hyderabad,Telangana
17.5208444,78.4638885,dattapeetam st,Ram Reddy Nagar,Hyderabad,Telangana
17.414063,78.5723559,Street Number 6,Balaji Hills Colony,Hyderabad,Telangana
17.4277124,78.459547,Banumati,B.S.Makhta,Hyderabad,Telangana
17.4081346,78.5703199,Swaroop Nagar Road,Amrutha Colony,Hyderabad,Telangana
17.3940937,78.4736702,Fateh Sultan Road,SBH Gun Foundry Jn,Hyderabad,Telangana
17.3689104,78.4951917,ibrahim mansion st,Chanchalguda,Hyderabad,Telangana
17.4000589,78.4552492,Shanthinagar Road Number 4,Shanti Nagar,Hyderabad,Telangana
17.3811663,78.5001515,Library Street,Old Malakpet,Hyderabad,Telangana
17.374909,78.500198,Yashoda Hospital Road,Malakpet,Hyderabad,Telangana
17.4071167,78.4259154,Hanuman Temple street,Venkateswara Colony,Hyderabad,Telangana
17.4131789,78.4144847,Road Number 4,Navirman Nagar,Hyderabad,Telangana
17.4120116,78.4232507,Lane Number 2,Venkateswara Colony,Hyderabad,Telangana
17.4128569,78.4129904,Road Number 1,Film Nagar,Hyderabad,Telangana
17.4133809,78.4131437,Road Number 2,Film Nagar,Hyderabad,Telangana
17.4006475,78.4549495,Shanthinagar Road Number 3,Shanti Nagar,Hyderabad,Telangana
17.4209245,78.4905371,Street Number 10,Kavadiguda,Hyderabad,Telangana
17.4270742,78.4523799,Greenlands Road,Panjagutta,Hyderabad,Telangana
17.4028092,78.487594,Reddy Colony,Ashok Nagar,Hyderabad,Telangana
17.4054444,78.4849263,Street No 6,Himayat Nagar,Hyderabad,Telangana
17.4531087,78.444389,Vinayaka Ground road,Sanath Nagar,Hyderabad,Telangana
17.3658462,78.5049613,usman garth link road,Akbarbagh,Hyderabad,Telangana
17.3712441,78.5017666,Paltan Road,Officers Colony,Hyderabad,Telangana
17.3558554,78.521678,Road Number 13,Singareni Colony,Hyderabad,Telangana
17.369531,78.5262469,modal bank road,Durga Nagar,Hyderabad,Telangana
17.4033189,78.4522764,Owaisipura road,Masab Tank,Hyderabad,Telangana
17.3675067,78.5216753,Gaddiannaram Road,Madhurapuri,Hyderabad,Telangana
17.3928127,78.4400304,Street Number 2,Gudimalkapur,Hyderabad,Telangana
17.3323096,78.4837778,Counain School Lane,Phool Bagh,Hyderabad,Telangana
17.3427022,78.4726265,Phool Bagh Chaman Road,Aliabad,Hyderabad,Telangana
17.3509744,78.4895107,Mohammad Nagar Road,Edi Bazaar,Hyderabad,Telangana
17.351141,78.493449,Fazeel Usmani Road,Zohra Bee Colony,Hyderabad,Telangana
17.367065,78.4836448,Setwin Office Lane,Purani Haveli,Hyderabad,Telangana
17.3783678,78.427379,Lane Number 2,Kanaka Durga Colony,Hyderabad,Telangana
17.4555884,78.4256811,Borabanda Mothinagar road,Panduranga Rao Colony,Hyderabad,Telangana
17.443889,78.4476051,bk guda rd,SR Nagar,Hyderabad,Telangana
17.359044,78.4852635,\,Yakutpura,Hyderabad,Telangana
17.3671346,78.4934636,Mahabubia Masjid Road,Shah Colony,Hyderabad,Telangana
17.3587651,78.4967124,Gali No 2,Madannapet,Hyderabad,Telangana
17.3584726,78.4966639,Gali No 1,Madannapet,Hyderabad,Telangana
17.349604,78.4713146,Roop Lal Bazar Street,Syed Ali Chabutra,Hyderabad,Telangana
17.3420805,78.4750214,Phool Bagh Chaman Road,Rajanna Bowli,Hyderabad,Telangana
17.3574446,78.4954647,\,Madannapet,Hyderabad,Telangana
17.3951827,78.4215992,\,Salarjung Colony,Hyderabad,Telangana
17.3755371,78.4429288,\,Karwan Sahu,Hyderabad,Telangana
17.3834049,78.439058,Sbi colony,ASR Nagar,Hyderabad,Telangana
17.3833778,78.4400662,Sarada nagar,Sarada Nagar,Hyderabad,Telangana
17.3833834,78.4396799,Sbi colony,Sarada Nagar,Hyderabad,Telangana
17.388082,78.4411922,Alapati Nagar Rd,Murad Nagar,Hyderabad,Telangana
17.3823451,78.4399056,Sarada nagar,Sarada Nagar,Hyderabad,Telangana
17.3823301,78.4382491,Colony road,ASR Nagar,Hyderabad,Telangana
17.3827041,78.4369673,Road Number 3,ASR Nagar,Hyderabad,Telangana
17.4083663,78.4557719,Naveen Nagar,Chintal Basti,Hyderabad,Telangana
17.3663012,78.4960863,Chanchalguda Main Road,Chanchalguda,Hyderabad,Telangana
17.4346981,78.4390922,Jayaprakashnagar,Yellareddyguda,Hyderabad,Telangana
17.4312007,78.4427536,Yellareddyguda Road,Yellareddyguda,Hyderabad,Telangana
17.3322409,78.5676976,Vanasthalipuram Police Station Road,Vanasthalipuram,Hyderabad,Telangana
17.330779,78.566867,TV Colony Road,Vanasthalipuram,Hyderabad,Telangana
17.3648312,78.5399808,Anurag Marg,Laxmi Nagar Colony,Hyderabad,Telangana
17.4398353,78.4907511,Street No 8,Patny,Hyderabad,Telangana
17.4431941,78.490355,Sardar Patel Road,Patny,Hyderabad,Telangana
17.520713,78.5259314,Amherst Road,Bajrang Colony,Hyderabad,Telangana
17.4917519,78.4973641,Kanajiguda,Chitamma Nagar Colony,Hyderabad,Telangana
17.500376,78.5181557,Rudra Road,Saraswati Nagar,Hyderabad,Telangana
17.4702617,78.3898497,4th Phase Road,APHB Colony,Hyderabad,Telangana
17.4784484,78.5174188,Aswari Road,Lal Bazaar,Hyderabad,Telangana
17.4884693,78.5179478,Hislop Road,Rudranagar Colony,Hyderabad,Telangana
17.3839356,78.4748307,Mukharam Jahi Road,Jambagh,Hyderabad,Telangana
17.393415,78.444265,Asifnagar Road,Humayun Nagar,Hyderabad,Telangana
17.3902638,78.4830826,Tilak Road,Boggulakunta,Hyderabad,Telangana
17.4548735,78.4103118,borabanda allahapur road,Allapur,Hyderabad,Telangana
17.4321425,78.4429681,Yellareddyguda Road,Yellareddyguda,Hyderabad,Telangana
17.4870246,78.3570197,Gachibowli - Miyapur Road,Vinayak Nagar Colony,Hyderabad,Telangana
17.3286837,78.5468591,Satyadev Enclave Road No. 4,R K R Enclave,Hyderabad,Telangana
17.4489484,78.5361136,Malkajgiri Road,Malkajgiri,Hyderabad,Telangana
17.4494015,78.3912309,60 Feet road,Ayyappa Society Colony,Hyderabad,Telangana
17.4141383,78.4951831,gandhi nagar road,Bank of Baroda Colony,Hyderabad,Telangana
17.4139331,78.4902342,canara bank road,Gandhi Nagar,Hyderabad,Telangana
17.5070522,78.3071552,Road No 2,Kakatiya Nagar,Hyderabad,Telangana
17.4764256,78.3928444,Raintree Park Road,Phase 7,Hyderabad,Telangana
17.5126627,78.3850355,Esswar villas road,Nizampet,Hyderabad,Telangana
17.5122685,78.38515,kakatiya nagar road no:02,Nizampet,Hyderabad,Telangana
17.3490172,78.5297771,road number 7,Tapovan Colony,Hyderabad,Telangana
17.3492684,78.5279379,road number 7,Green Park Colony,Hyderabad,Telangana
17.4752748,78.3081255,Nallagandla Road,Nallagandla,Hyderabad,Telangana
17.4072901,78.3882759,Manikonda Rd,Tana shah Nagar,Hyderabad,Telangana
17.3219461,78.4023672,NIRDPR Arch,Rajendra Nagar,Hyderabad,Telangana
17.4118994,78.4777072,Telugu Talli Flyover,Kattamaisamma Junction,Hyderabad,Telangana
17.4016711,78.475673,Basheer Bagh Flyover,Basheerbagh Jn,Hyderabad,Telangana
17.4001604,78.4751184,Basheerbagh road,Basheerbagh Jn,Hyderabad,Telangana
17.5085062,78.311959,Shankar Nagar,Treassury Township,Hyderabad,Telangana
17.469794,78.3464376,Luxor Avenue,Gouthami Colony,Hyderabad,Telangana
17.4741871,78.3608672,Gopala Road,Raghavendra Colony,Hyderabad,Telangana
17.5202571,78.3781197,KNR Green Valley Road,Nizampet,Hyderabad,Telangana
17.3993902,78.3914011,Friends Colony road,Jaihind Nagar Colony,Hyderabad,Telangana
17.4402955,78.391521,Vikram Hospital lane,Madhapur,Hyderabad,Telangana
17.4360495,78.3935618,kavuri hills road,Kavuri Hills,Hyderabad,Telangana
17.4610513,78.47524,Srinagar-Kanyakumari Highway,Vayu Nagar,Hyderabad,Telangana
17.4612541,78.4752366,Srinagar-Kanyakumari Highway,Vayu Nagar,Hyderabad,Telangana
17.4580566,78.4778647,Srinagar-Kanyakumari Highway,Bhavani Nagar,Hyderabad,Telangana
17.4580237,78.4778079,Srinagar-Kanyakumari Highway,Bhavani Nagar,Hyderabad,Telangana
17.3932725,78.4267962,Khader Bagh road,Kakatiya Nagar,Hyderabad,Telangana
17.3932396,78.4267201,Khader Bagh road,Kakatiya Nagar,Hyderabad,Telangana
17.3897574,78.4409515,Gudi Malkapur road,Murad Nagar,Hyderabad,Telangana
17.4034113,78.45261,Road Number 1,Masab Tank,Hyderabad,Telangana
17.4033296,78.4529564,Road Number 1,Masab Tank,Hyderabad,Telangana
17.4034314,78.4529086,Masab Tank Road,Masab Tank,Hyderabad,Telangana
17.4033957,78.4530458,Road Number 1,Masab Tank,Hyderabad,Telangana
17.4039486,78.4546691,Masab Tank Road,Shanti Nagar,Hyderabad,Telangana
17.4032938,78.4530936,Masab Tank Road,Masab Tank,Hyderabad,Telangana
17.4057146,78.4513008,First Lancer Road,Masab Tank,Hyderabad,Telangana
17.4057259,78.4516094,First Lancer Road,Masab Tank,Hyderabad,Telangana
17.4057575,78.4515589,Road Number 1,Masab Tank,Hyderabad,Telangana
17.4068981,78.4513789,Road Number 1,Masab Tank,Hyderabad,Telangana
17.4159367,78.449522,Road Number 1,Naveen Nagar,Hyderabad,Telangana
17.4161101,78.4492235,Road Number 1,Naveen Nagar,Hyderabad,Telangana
17.4331229,78.4078314,Road no. 10,Jubilee Hills,Hyderabad,Telangana
17.4342285,78.4045871,Jubilee Hills Road No 36,Jubilee Hills,Hyderabad,Telangana
17.4392371,78.3961568,kavuri hills road,Kavuri Hills,Hyderabad,Telangana
17.4382602,78.3956122,kavuri hills road,Kavuri Hills,Hyderabad,Telangana
17.4423786,78.4428385,Sanjeeva Reddy Nagar Colony Main Road,Srinivas Nagar,Hyderabad,Telangana
17.43449,78.5056773,St Johns Road Underpass,Chilkalguda,Hyderabad,Telangana
17.4400219,78.5051795,St Johns Road,Nehru Nagar,Hyderabad,Telangana
17.4349129,78.5057078,St Johns Road,Chilkalguda,Hyderabad,Telangana
17.440508,78.4963859,S.D. Road,Patny,Hyderabad,Telangana
17.4405074,78.4955482,Sarojini Devi Road,Patny,Hyderabad,Telangana
17.4404131,78.4953788,Sarojini Devi Road,Patny,Hyderabad,Telangana
17.4403762,78.4953223,Rashtrapati Road,Patny,Hyderabad,Telangana
17.4403208,78.4953606,Sarojini Devi Road,Patny,Hyderabad,Telangana
17.4401843,78.4953836,Rashtrapati Road,Patny,Hyderabad,Telangana
17.4401672,78.4955361,Sarojini Devi Road,Patny,Hyderabad,Telangana
17.4512364,78.4963934,Hyderabad - Mancherial Highway,Picket,Hyderabad,Telangana
17.4500875,78.496521,Wellington Road,Picket,Hyderabad,Telangana
17.4509842,78.4959024,General Choudhuri Rd,Picket,Hyderabad,Telangana
17.44974,78.4941395,General Choudhuri Road,Picket,Hyderabad,Telangana
17.4450136,78.491215,General Choudhuri Road,Pratap Colony,Hyderabad,Telangana
17.4488233,78.4928823,General Choudhuri Rd,Pratap Colony,Hyderabad,Telangana
17.4543956,78.4894356,Sikh Village Road,Dattawadi,Hyderabad,Telangana
17.4485919,78.4856302,Balamrai Road,Pratap Colony,Hyderabad,Telangana
17.4559317,78.4817056,Srinagar-Kanyakumari Highway,Tar Bund,Hyderabad,Telangana
17.4571604,78.4850335,Brigadier Sayeed Road,Tar Bund,Hyderabad,Telangana
17.4571393,78.484986,Brigadier Sayeed Road,Tar Bund,Hyderabad,Telangana
17.4630583,78.4599505,Balanagar Main Road,Ferozguda,Hyderabad,Telangana
17.4585321,78.4637869,Old Airport Road,Gautham Nagar,Hyderabad,Telangana
17.4620204,78.4688479,Balanagar Main Road,Vayu Nagar,Hyderabad,Telangana
17.4629717,78.4612278,Balanagar Main Road,Ferozguda,Hyderabad,Telangana
17.4638276,78.4582281,Balanagar Main Road,Vinayak Nagar,Hyderabad,Telangana
17.4637768,78.4574092,Balanagar Main Road,Vinayak Nagar,Hyderabad,Telangana
17.4636989,78.4566238,Balanagar Main Road,Vinayak Nagar,Hyderabad,Telangana
17.4636473,78.4561561,Balanagar Main Road,Vinayak Nagar,Hyderabad,Telangana
17.463625,78.4559531,Balanagar Main Road,Vinayak Nagar,Hyderabad,Telangana
17.4661748,78.4479021,Balanagar Cross Road,shobna,Hyderabad,Telangana
17.493411,78.4513294,Jeedimetla Main Road,Ganesh Nagar,Hyderabad,Telangana
17.501698,78.4548463,Quthbullapur Main Road,Venkateswara Nagar,Hyderabad,Telangana
17.4991793,78.4520167,Quthbullapur Main Road,Vani Nagar,Hyderabad,Telangana
17.498961,78.4518628,Jeedimetla Main Road,Vani Nagar,Hyderabad,Telangana
17.5205562,78.4448377,Jeedimetla Main Road,Shapur Nagar,Hyderabad,Telangana
17.5315111,78.4373729,Jeedimetla Main Road,Rajiv Gandhi Nagar,Hyderabad,Telangana
17.5387573,78.4342778,Jeedimetla Main Road,Sivalaya Nagar Colony,Hyderabad,Telangana
17.5507953,78.4327511,Jeedimetla Main Road,Colony Name,Hyderabad,Telangana
17.5649114,78.4280059,Jeedimetla Main Road,Gandimaisamma,Hyderabad,Telangana
17.5643836,78.4302954,Satyam Street,Gandimaisamma,Hyderabad,Telangana
17.4661123,78.4473512,Balanagar Cross Road,shobna,Hyderabad,Telangana
17.4568311,78.4504833,Fatehnagar Flyover,Fateh Nagar,Hyderabad,Telangana
17.4525572,78.4503332,Fatehnagar Flyover,Fateh Nagar,Hyderabad,Telangana
17.4547681,78.4499852,Fatehnagar Flyover,Shastri Nagar,Hyderabad,Telangana
17.4553858,78.4502942,Fatehnagar Flyover,Shastri Nagar,Hyderabad,Telangana
17.4538371,78.4500556,Fatehnagar Flyover,Fateh Nagar,Hyderabad,Telangana
17.4444295,78.4464088,BK Guda Road,SR Nagar,Hyderabad,Telangana
17.4370166,78.4427708,Yousufguda Main Road,Yellareddyguda,Hyderabad,Telangana
17.4375135,78.4409051,Yousufguda Main Road,Madhura Nagar,Hyderabad,Telangana
17.432631,78.4470845,Ameerpet Road - Panjagutta Main Road,Ameerpet,Hyderabad,Telangana
17.4409078,78.4932097,Sarojini Devi Road,Patny,Hyderabad,Telangana
17.4418532,78.486003,S.D. Road,Jawahar Nagar Colony,Hyderabad,Telangana
17.4418665,78.4875253,Mahatma Gandhi Road,Jawahar Nagar Colony,Hyderabad,Telangana
17.4419029,78.4875669,Sarojini Devi Road,Jawahar Nagar Colony,Hyderabad,Telangana
17.4103364,78.4864137,Indira Park Road,Aravinda Nagar,Hyderabad,Telangana
17.4065183,78.4772367,Bade Ustad Ghulam Ali Khan Marg,Liberty Jn,Hyderabad,Telangana
17.403765,78.4762501,Basheer Bagh Flyover,Basheer Bagh,Hyderabad,Telangana
17.4025217,78.4760328,Basheerbagh road,Basheerbagh Jn,Hyderabad,Telangana
17.3924114,78.4761774,Abids Road,SBH Gun Foundry Jn,Hyderabad,Telangana
17.3831603,78.4898366,Main Road,Esamia Bazaar,Hyderabad,Telangana
17.3848256,78.4842806,turrebhaz khan road,Koti,Hyderabad,Telangana
17.3850192,78.4845542,Koti Women's College Road,Koti,Hyderabad,Telangana
17.3830157,78.489657,Main Road,Esamia Bazaar,Hyderabad,Telangana
17.3794457,78.4917932,Chader Ghat Bridge,Chaderghat,Hyderabad,Telangana
17.3822015,78.4933244,Hyderabad Janagam Highway,Chaderghat,Hyderabad,Telangana
17.3730605,78.5052012,Vijaywada Highway,Anand Nagar Colony,Hyderabad,Telangana
17.3708084,78.5126464,Vijaywada Highway,Andhra Colony,Hyderabad,Telangana
17.3698953,78.5149196,Vijaywada Highway,Asmangadh,Hyderabad,Telangana
17.3681249,78.5324751,Vijaywada Highway,MCH Colony,Hyderabad,Telangana
17.3461695,78.5516624,Vijayavada Highway Flyover,Bhoolaxmi Colony,Hyderabad,Telangana
17.3372419,78.5718682,Vijaywada Highway,Indira Nagar,Hyderabad,Telangana
17.3363004,78.5766941,Vijaywada Highway,Sai Nagar,Hyderabad,Telangana
17.3632823,78.5031555,Sayeedabad Road,Kurmaguda,Hyderabad,Telangana
17.3711819,78.4999044,گورنمنٹ پریس روڈ,Officers Colony,Hyderabad,Telangana
17.3412609,78.5185013,Inner Ring Road,Virat Nagar,Hyderabad,Telangana
17.3419042,78.5471648,Bairamalguda Main Road,Bairamalguda,Hyderabad,Telangana
17.3441665,78.5488865,Inner Ring Road,Vivekananda Nagar,Hyderabad,Telangana
17.3436702,78.5360726,Bairamalguda Road,Srinidhi Colony,Hyderabad,Telangana
17.342561,78.5441408,Bairamalguda Road,Bairamalguda,Hyderabad,Telangana
17.350202,78.511401,Bairamalguda Road,Vinay Nagar,Hyderabad,Telangana
17.3452747,78.5251764,Bairamalguda Road,Press Colony,Hyderabad,Telangana
17.3420977,78.5468039,Inner Ring Road,Bairamalguda,Hyderabad,Telangana
17.3417261,78.5507851,Bairamalguda Main Road,Vivekananda Nagar,Hyderabad,Telangana
17.3432781,78.5555769,Vijaywada Highway,Bhoolaxmi Colony,Hyderabad,Telangana
17.3775239,78.5578777,Nagole Flyover,Samathapur,Hyderabad,Telangana
17.381068,78.5581139,Inner Ring Road,Mamatha Nagar,Hyderabad,Telangana
17.3502784,78.5114578,Bairamalguda Road,Vinay Nagar,Hyderabad,Telangana
17.3277875,78.4792618,Chandrayangutta Flyover,Gazia Milat Colony,Hyderabad,Telangana
17.3319236,78.4894006,Inner Ring Road,Phool Bagh,Hyderabad,Telangana
17.3522406,78.5066994,Bairamalguda Road,IS Sadan Jn,Hyderabad,Telangana
17.3491286,78.5078194,Santosh Nagar Main ROad,Sanjeevaiah Nagar,Hyderabad,Telangana
17.3031085,78.4223087,Inner Ring Road Underpass,Sri Rama Nagar,Hyderabad,Telangana
17.326321,78.4751393,Inner Ring Road,Keshavgiri,Hyderabad,Telangana
17.3277071,78.4792899,Chandrayangutta Flyover,Gazia Milat Colony,Hyderabad,Telangana
17.3201564,78.4669865,Inner Ring Road,Hosnabad Colony,Hyderabad,Telangana
17.3280758,78.4805233,Inner Ring Road,Tadla Kunta,Hyderabad,Telangana
17.3274762,78.4784212,Inner Ring Road,Gazia Milat Colony,Hyderabad,Telangana
17.310169,78.4770398,Srisailam Highway,Errakunta,Hyderabad,Telangana
17.3262349,78.4753392,Inner Ring Road,Keshavgiri,Hyderabad,Telangana
17.315567,78.4566908,Inner Ring Road,Weaker Section Colony,Hyderabad,Telangana
17.3230644,78.4702352,Inner Ring Road,Hashmabad,Hyderabad,Telangana
17.3247168,78.4726219,Inner Ring Road,Indira Nagar,Hyderabad,Telangana
17.3103651,78.4361566,Inner Ring Road,Telangana NGOs Colony,Hyderabad,Telangana
17.317487,78.4410951,Inner Ring Road,Mailardevpally,Hyderabad,Telangana
17.3779309,78.4819232,Mumbai Highway,Imlibun,Hyderabad,Telangana
17.3751475,78.4805337,Salarjung Bridge,Imlibun,Hyderabad,Telangana
17.3748885,78.4810326,Salarjung Pul,Imlibun,Hyderabad,Telangana
17.3750452,78.4804631,Salarjung Bridge,Imlibun,Hyderabad,Telangana
17.3752831,78.480395,Salarjung Bridge,Imlibun,Hyderabad,Telangana
17.375238,78.4804332,Mumbai Highway,Imlibun,Hyderabad,Telangana
17.3752494,78.480376,Salarjung Bridge,Imlibun,Hyderabad,Telangana
17.3749469,78.4810661,Salarjung Pul,Imlibun,Hyderabad,Telangana
17.3740971,78.4823085,سالار جنگ پل۔,Imlibun,Hyderabad,Telangana
17.3752061,78.4805695,Salarjung Bridge,Imlibun,Hyderabad,Telangana
17.3753444,78.4806372,Salarjung Bridge,Imlibun,Hyderabad,Telangana
17.3699456,78.4687805,مسلم جنگ پل۔,Begum Bazaar,Hyderabad,Telangana
17.3697198,78.472569,High Court Road,Riqab Gunj,Hyderabad,Telangana
17.3839144,78.4751943,Abids to MJ Market Road,Jambagh,Hyderabad,Telangana
17.3826686,78.4798904,Jambagh Road,Jambagh,Hyderabad,Telangana
17.3904373,78.4688721,Nampally to Mallepally Road,Nampally,Hyderabad,Telangana
17.4011693,78.475826,Hyderguda Main Road,Basheerbagh Jn,Hyderabad,Telangana
17.4001542,78.4898868,Himayat Nagar Road,Narayanguda,Hyderabad,Telangana
17.4000662,78.489884,Himayat Nagar Road,Narayanguda,Hyderabad,Telangana
17.3994091,78.4918304,Narayanguda Flyover,Narayanguda,Hyderabad,Telangana
17.3979365,78.4939283,Narayanguda Flyover,Bagh Lingampally,Hyderabad,Telangana
17.3988564,78.4924926,Narayanguda Road,Narayanguda,Hyderabad,Telangana
17.3975273,78.4947518,Narayanguda Road,Bagh Lingampally,Hyderabad,Telangana
17.3987217,78.4938882,Narayanaguda Road,Bagh Lingampally,Hyderabad,Telangana
17.3963566,78.496385,Baghlingmpally Cross Road,Bagh Lingampally,Hyderabad,Telangana
17.3937154,78.5001712,TGSRTC Barkatpura Bus Depot  Road,Ratna Nagar,Hyderabad,Telangana
17.4397281,78.5611367,Nacharam Road,Annapurna Colony,Hyderabad,Telangana
17.4219845,78.5448319,Nacharam Road,HMT Nagar,Hyderabad,Telangana
17.4399742,78.3761176,Mindspace road,Vittal Rao Nagar,Hyderabad,Telangana
17.4343256,78.3841336,Inorbit Mall Road,Madhapur,Hyderabad,Telangana
17.4472775,78.3736316,HITEC City–Madhapur Road,HITEC City,Hyderabad,Telangana
17.3672904,78.4286977,Inner Ring Road,Attapur,Hyderabad,Telangana
17.3343779,78.422947,Inner Ring Road,Weaker Section Colony,Hyderabad,Telangana
17.3215303,78.3847423,Rajendra nagar road,Hanuman Nagar,Hyderabad,Telangana
17.3373396,78.4120884,Rajendra nagar road,Bansilal Nagar,Hyderabad,Telangana
17.3402465,78.4134468,Rajendra nagar road,Bansilal Nagar,Hyderabad,Telangana
17.4856963,78.3588699,Hafizpet ROB,Hafeezpet,Hyderabad,Telangana
17.4949535,78.3301639,Gangaram - Chandanagar Road - Mumbai highway,Gangaram,Hyderabad,Telangana
17.4954419,78.3563694,Miyapur - Allwyn Cross Road Mumbai Highway,Miyapur,Hyderabad,Telangana
17.5040317,78.3355442,PJR Layout Main Road,Madhavapuri Colony,Hyderabad,Telangana
17.4950922,78.3287594,Gangaram - Chandanagar Road - Mumbai highway,Gangaram,Hyderabad,Telangana
17.4940434,78.3497052,Allwyn - Gangaram Road Mumbai Highway,Allwyn Colony,Hyderabad,Telangana
17.4951425,78.3197905,Chandanagar - RC Puram BHEL Rd Mumbai Highway,Gowtami Nagar Colony,Hyderabad,Telangana
17.4955032,78.3187962,Chandanagar - RC Puram BHEL Rd Mumbai Highway,Gowtami Nagar Colony,Hyderabad,Telangana
17.5064362,78.3615227,Bollaram Road,Jayaprakash Narayan Nagar,Hyderabad,Telangana
17.4971242,78.3616033,Bollaram Road,Madhava Nagar,Hyderabad,Telangana
17.5096458,78.3592072,Bollaram Road,Jayaprakash Narayan Nagar,Hyderabad,Telangana
17.4873906,78.543379,Sainikpuri-ECIL Main Road,Sainikpuri,Hyderabad,Telangana
17.4771302,78.5635173,Sainikpuri-ECIL Main Road,Bhavani Nagar,Hyderabad,Telangana
17.4734482,78.5708985,ECIL Junction,DAE Colony,Hyderabad,Telangana
17.4786116,78.5637005,Kapra Main Road,Bhavani Nagar,Hyderabad,Telangana
17.4774328,78.5636102,Kapra Main Road,Bhavani Nagar,Hyderabad,Telangana
17.477455,78.5635537,Kapra Main Road,Bhavani Nagar,Hyderabad,Telangana
17.476809,78.5634077,Gayatri Nagar Main Road,Anupuram,Hyderabad,Telangana
17.4767897,78.5634752,Gayatri Nagar Main Road,Anupuram,Hyderabad,Telangana
17.458808,78.5345483,Uttam Nagar Road,Chanakyapuri,Hyderabad,Telangana
17.451422,78.5329689,Malkajgiri Road,Vani Nagar,Hyderabad,Telangana
17.4140283,78.5220371,Osmania University Road,Boudha Nagar,Hyderabad,Telangana
17.405308,78.5150898,Osmania University Road,DD Colony,Hyderabad,Telangana
17.4052289,78.5150848,Osmania University Road,DD Colony,Hyderabad,Telangana
17.405504,78.5157681,Osmania University Road,DD Colony,Hyderabad,Telangana
17.4054403,78.5158228,Osmania University Road,DD Colony,Hyderabad,Telangana
17.4053489,78.5153777,Osmania University Road,DD Colony,Hyderabad,Telangana
17.4052963,78.515338,Shivam Road,DD Colony,Hyderabad,Telangana
17.4053166,78.5154215,Shivam Road,DD Colony,Hyderabad,Telangana
17.3995881,78.5130727,Shivam Road,Central Excise Colony,Hyderabad,Telangana
17.4159733,78.4881764,gandhi nagar road,Lower Tank Bund,Hyderabad,Telangana
17.431129,78.4925785,Rashtrapati Road,Jeera,Hyderabad,Telangana
17.4348443,78.493526,Rashtrapati Road,Patny,Hyderabad,Telangana
17.4414878,78.5000073,Sarojini Devi Road,Patny,Hyderabad,Telangana
17.4413761,78.5010356,Sarojini Devi Road,Patny,Hyderabad,Telangana
17.4525724,78.4227553,Sriram Nagar road,Kalyan Nagar,Hyderabad,Telangana
17.440741,78.5054284,Rail Nilayam Road,Nehru Nagar,Hyderabad,Telangana
17.4407597,78.5053133,Sarojini Devi Road,Nehru Nagar,Hyderabad,Telangana
17.4408354,78.5054517,Rail Nilayam Road,Nehru Nagar,Hyderabad,Telangana
17.4790822,78.5113417,Lal Bazar,Army Family Quarters,Hyderabad,Telangana
17.4320741,78.6536356,Hyderabad-Janagam Highway,Singapore Township,Hyderabad,Telangana
17.4280283,78.6489806,Hyderabad-Janagam Highway,Subprabhat Colony,Hyderabad,Telangana
17.4144394,78.4257339,Road No 12,Venkateswara Colony,Hyderabad,Telangana
17.4100849,78.4401141,Road No. 12,Ministers Colony,Hyderabad,Telangana
17.4080093,78.4508355,Road No 12,Sri Ram Nagar Colony,Hyderabad,Telangana
17.4078748,78.4442875,Road No 12,Bhola Nagar,Hyderabad,Telangana
17.4096865,78.4379101,Road No 12,Ministers Colony,Hyderabad,Telangana
17.4110689,78.4369059,Road No 12,Ministers Colony,Hyderabad,Telangana
17.4117156,78.4341026,Road No 12,Bhavani Nagar,Hyderabad,Telangana
17.4122465,78.4311529,Road No 12,Bhavani Nagar,Hyderabad,Telangana
17.4134497,78.4281187,Road No 12,Venkateswara Colony,Hyderabad,Telangana
17.4142663,78.4265022,Road No 12,Venkateswara Colony,Hyderabad,Telangana
17.422982,78.4113603,Road Number 45,Journalist Colony,Hyderabad,Telangana
17.4309176,78.4016228,Road Number 45,CBI Colony,Hyderabad,Telangana
17.4244777,78.4223135,Road No 2,BN Reddy Colony,Hyderabad,Telangana
17.4045128,78.5120633,Osmania University Road,Adikmet Jn,Hyderabad,Telangana
17.4019685,78.5093086,Osmania University Road,Vidyanagar,Hyderabad,Telangana
17.3928978,78.4783278,King koti road,Gun Foundry,Hyderabad,Telangana
17.3966793,78.5312748,Amberpet Main Road,Gokhale Nagar,Hyderabad,Telangana
17.4513318,78.3814102,Cyber Towers–Madhapur Main Road,HITEC City,Hyderabad,Telangana
17.4511362,78.3812966,HITEC City Road,HITEC City,Hyderabad,Telangana
17.4528124,78.3825053,HITEC City–Kukatpally Main Road,HITEC City,Hyderabad,Telangana
17.4523017,78.3820157,HITEC City–Kukatpally Main Road,HITEC City,Hyderabad,Telangana
17.4897483,78.3552873,Gachibowli - Miyapur Road Mumbai Highway,Vinayak Nagar Colony,Hyderabad,Telangana
17.4952173,78.3393041,Allwyn - Gangaram Road Mumbai Highway,Sri Durga Colony,Hyderabad,Telangana
17.4393454,78.3961537,Cyber Towers - Madhapur Main Road,Kavuri Hills,Hyderabad,Telangana
17.4473038,78.3951295,100 Feet Road,Ayyappa Society Colony,Hyderabad,Telangana
17.4387842,78.3993248,Road No 36,Kavuri Hills,Hyderabad,Telangana
17.4388865,78.3992322,Road No 36,Kavuri Hills,Hyderabad,Telangana
17.4388619,78.3993197,Jubilee Hills Road No 36,Kavuri Hills,Hyderabad,Telangana
17.4472823,78.3950059,100 Feet Road,Ayyappa Society Colony,Hyderabad,Telangana
17.4388089,78.3992373,Jubilee Hills Road No 36,Kavuri Hills,Hyderabad,Telangana
17.4240051,78.4101423,Road Number 45,Journalist Colony,Hyderabad,Telangana
17.4080954,78.4510198,Road No. 12,Sri Ram Nagar Colony,Hyderabad,Telangana
17.4038422,78.4835073,Street No 5,Himayat Nagar,Hyderabad,Telangana
17.4051797,78.4767957,Bade Ustad Ghulam Ali Khan Marg,Basheer Bagh,Hyderabad,Telangana
17.4201775,78.4562015,Somajiguda Road - Panjagutta Main Road,Irrum Manzil,Hyderabad,Telangana
17.4025338,78.4759125,Basheerbagh road,Basheerbagh Jn,Hyderabad,Telangana
17.4011618,78.4755366,Basheerbagh road,Basheerbagh Jn,Hyderabad,Telangana
17.4011269,78.4756705,Basheerbagh road,Basheerbagh Jn,Hyderabad,Telangana
17.4001348,78.4752484,Basheerbagh road,Basheerbagh Jn,Hyderabad,Telangana
17.4007327,78.4887738,Ashok Nagar Road,Narayanguda,Hyderabad,Telangana
17.3983508,78.4933949,Narayanaguda Road,Bagh Lingampally,Hyderabad,Telangana
17.3961117,78.4962243,Baghlingmpally Cross Road,Bagh Lingampally,Hyderabad,Telangana
17.3963035,78.4964473,Baghlingmpally Cross Road,Bagh Lingampally,Hyderabad,Telangana
17.4033902,78.5106109,Osmania University Road,Adikmet Jn,Hyderabad,Telangana
17.3675141,78.5572979,Inner Ring Road,Alkapuri,Hyderabad,Telangana
17.3674762,78.5571677,Inner Ring Road,Alkapuri,Hyderabad,Telangana
17.3468278,78.5510661,Inner Ring Road,Bhoolaxmi Colony,Hyderabad,Telangana
17.353582,78.5558635,Kamineni Flyover,RTC Colony,Hyderabad,Telangana
17.3422902,78.5570269,Vijaywada Highway,Agamaiah Nagar,Hyderabad,Telangana
17.3389934,78.5669305,Vijaywada Highway,Abhyudaya Nagar,Hyderabad,Telangana
17.3354527,78.5510154,Hyderabad - Nagarjuna Sagar Road,APSEB Colony,Hyderabad,Telangana
17.3355317,78.5696568,Vanasthalipuram Main Road,Prashanth Nagar,Hyderabad,Telangana
17.3323379,78.5693465,Vanasthalipuram Main Road,Vanasthalipuram,Hyderabad,Telangana
17.3376777,78.5698508,Vanasthalipuram Main Road,Indira Nagar,Hyderabad,Telangana
17.3379168,78.5696172,Vijaywada Highway,Indira Nagar,Hyderabad,Telangana
17.3378535,78.5698164,Vijaywada Highway,Indira Nagar,Hyderabad,Telangana
17.3606374,78.5116397,Sayeedabad Main Road,Saidabad,Hyderabad,Telangana
17.408053,78.4509798,Road Number 1,Sri Ram Nagar Colony,Hyderabad,Telangana
17.4114519,78.450249,Road Number 1,Anand Nagar,Hyderabad,Telangana
17.414968,78.4497885,Road Number 1,Naveen Nagar,Hyderabad,Telangana
17.4274755,78.4522496,Punjagutta Flyover,Panjagutta,Hyderabad,Telangana
17.4268561,78.4524552,Punjagutta Junction,Panjagutta,Hyderabad,Telangana
17.4270008,78.4524299,Greenlands Road,Panjagutta,Hyderabad,Telangana
17.4267221,78.4524696,Punjagutta Junction,Panjagutta,Hyderabad,Telangana
17.426921,78.4523493,Punjagutta Junction,Panjagutta,Hyderabad,Telangana
17.4358457,78.4559227,Greenlands Road,Kundanbagh,Hyderabad,Telangana
17.4433554,78.4775244,Minister's Road,Rasoolpura,Hyderabad,Telangana
17.443447,78.4770963,Sardar Patel Road,Rasoolpura,Hyderabad,Telangana
17.4474222,78.4963712,Wellington Road,Picket,Hyderabad,Telangana
17.4433972,78.4875985,Sardar Patel Road,Viman Nagar,Hyderabad,Telangana
17.4463077,78.4874507,بریگیڈیئر سعید روڈ,Pratap Colony,Hyderabad,Telangana
17.4432751,78.4852838,Sardar Patel Road,Viman Nagar,Hyderabad,Telangana
17.443203,78.4874717,Sardar Patel Road,Viman Nagar,Hyderabad,Telangana
17.4434002,78.4874631,Sardar Patel Road,Viman Nagar,Hyderabad,Telangana
17.4357907,78.4277113,Yousufguda Main Road,Yousufguda,Hyderabad,Telangana
17.4754146,78.4238705,Pedestrian island,Prashanti Nagar,Hyderabad,Telangana
17.4668284,78.4458033,Balanagar Cross Road,shobna,Hyderabad,Telangana
17.463665,78.4420893,Bharata nagar slum,Shivaji Nagar,Hyderabad,Telangana
17.4988745,78.4153386,Vivekananda Nagar Road,Saptagiri Colony,Hyderabad,Telangana
17.499616,78.4157171,Vivekananda Nagar Road,Sai Nagar,Hyderabad,Telangana
17.5198439,78.3433132,Road Number 7,Vani Enclave,Hyderabad,Telangana
17.4488311,78.3934677,Road Number 50,Ayyappa Society Colony,Hyderabad,Telangana
17.3814753,78.5179969,Moosarambagh Road,Annapurna Nagar,Hyderabad,Telangana
17.385261,78.51745,Moosarambagh Road,Annapurna Nagar,Hyderabad,Telangana
17.4074887,78.4703769,Secretriat Road,Adarsh Nagar,Hyderabad,Telangana
17.3967579,78.5312711,Uppal Road,Gokhale Nagar,Hyderabad,Telangana
17.3852699,78.5173444,Moosarambagh Road,Annapurna Nagar,Hyderabad,Telangana
17.389519,78.4966147,Kachiguda Station Road,Kacheguda,Hyderabad,Telangana
17.3895788,78.4966464,Kachiguda Station Road,Kacheguda,Hyderabad,Telangana
17.3212288,78.4325485,Inner Ring Road Underpass,Adarsh Nagar,Hyderabad,Telangana
17.3207435,78.4332351,Inner Ring Road,Adarsh Nagar,Hyderabad,Telangana
17.3208251,78.4333015,Inner Ring Road,Adarsh Nagar,Hyderabad,Telangana
17.3176031,78.4399337,Inner Ring Road,Mailardevpally,Hyderabad,Telangana
17.3219252,78.4318556,Inner Ring Road,Adarsh Nagar,Hyderabad,Telangana
17.3438126,78.4150963,Rajendra nagar road,Happy Homes Colony,Hyderabad,Telangana
17.3584684,78.4462503,Zoo Park Main Road,Kishan Bagh,Hyderabad,Telangana
17.3380432,78.5373373,Inner Ring Road,Ganesh Nagar,Hyderabad,Telangana
17.339483,78.5236516,rci road,new balaji nagar,Hyderabad,Telangana
17.3394625,78.5237662,rci road,new balaji nagar,Hyderabad,Telangana
17.3415572,78.5154047,Inner Ring Road,Champapet,Hyderabad,Telangana
17.3396393,78.5238058,Inner Ring Road,new balaji nagar,Hyderabad,Telangana
17.3486529,78.5077424,Santosh Nagar Main ROad,Sanjeevaiah Nagar,Hyderabad,Telangana
17.3880835,78.4292137,Khader Bagh road,Padmanabha Nagar Colony,Hyderabad,Telangana
17.3821605,78.4295873,Inner Ring Road,Balaji Nagar,Hyderabad,Telangana
17.3915359,78.4302871,Inner Ring Road,Padmanabha Nagar,Hyderabad,Telangana
17.3876708,78.4295378,Inner Ring Road,Padmanabha Nagar Colony,Hyderabad,Telangana
17.3876699,78.4297509,Inner Ring Road,Padmanabha Nagar Colony,Hyderabad,Telangana
17.4422088,78.4435194,Sanjeeva Reddy Nagar Colony Main Road,Srinivas Nagar,Hyderabad,Telangana
17.4419225,78.4457223,Street 6,Srinivas Nagar,Hyderabad,Telangana
17.4478158,78.4494075,Balkampet road,Balkampet,Hyderabad,Telangana
17.4393863,78.4426054,Sanjeeva Reddy Nagar Main Road,Srinivas Nagar,Hyderabad,Telangana
17.4332136,78.4469955,Ameerpet Road - Panjagutta Main Road,Ameerpet,Hyderabad,Telangana
17.3885115,78.4762073,Abids to MJ Market Road,Abids,Hyderabad,Telangana
17.3869096,78.4725882,Mukharam Jahi Road,Abids,Hyderabad,Telangana
17.4577587,78.3721721,HITEC City–Kondapur Main Road,Kondapur,Hyderabad,Telangana
17.4530258,78.3720379,HITEC City–Madhapur Road,Kondapur,Hyderabad,Telangana
17.4574474,78.3737251,HITEC City–Kondapur Main Road,Kondapur,Hyderabad,Telangana
17.4313265,78.3749969,Hi Tech City Main Road,Telecom Nagar,Hyderabad,Telangana
17.3680002,78.4686476,High Court Road,Riqab Gunj,Hyderabad,Telangana
17.3840458,78.4749054,Mukharam Jahi Road,Jambagh,Hyderabad,Telangana
17.3854815,78.4735266,Mukharam Jahi Road,Jambagh,Hyderabad,Telangana
17.3687591,78.4759548,High court road,Patthergatti,Hyderabad,Telangana
17.44997,78.4877811,Sikh Village Road,Pratap Colony,Hyderabad,Telangana
17.4502418,78.4869499,بریگیڈیئر سعید روڈ,Pratap Colony,Hyderabad,Telangana
17.4501863,78.4868584,Brigadier Sayeed Road,Pratap Colony,Hyderabad,Telangana
17.4461785,78.4916832,General Choudhuri Road,Pratap Colony,Hyderabad,Telangana
17.4414487,78.4903815,Sarojini Devi Road,Patny,Hyderabad,Telangana
17.4374039,78.4880752,Mahatma Gandhi Road,Jawahar Nagar Colony,Hyderabad,Telangana
17.4085843,78.4744008,NTR Marg,Liberty Jn,Hyderabad,Telangana
17.4114407,78.4689872,NTR Marg,Iqbal Minar Jn,Hyderabad,Telangana
17.4077312,78.4702343,Secretariat Road,Adarsh Nagar,Hyderabad,Telangana
17.4048831,78.4675595,AG Office Road,Saifabad,Hyderabad,Telangana
17.400952,78.472841,Control Room Road,Band Lines Colony,Hyderabad,Telangana
17.4072695,78.4676739,Telephone Bhavan Road,Iqbal Minar Jn,Hyderabad,Telangana
17.4062029,78.465401,Telephone Bhavan Road,Saifabad,Hyderabad,Telangana
17.4068064,78.4664604,Telephone Bhavan Road,Iqbal Minar Jn,Hyderabad,Telangana
17.4015454,78.468921,Public Garden Road,Ravindra Bharathi Jn,Hyderabad,Telangana
17.4151562,78.4800145,Tank Bund Road,Kattamaisamma Junction,Hyderabad,Telangana
17.4068295,78.4770128,Bade Ustad Ghulam Ali Khan Marg,Liberty Jn,Hyderabad,Telangana
17.4043184,78.4806334,Himayath Nagar Main Road,Himayat Nagar,Hyderabad,Telangana
17.407628,78.4764511,Bade Ustad Ghulam Ali Khan Marg,Liberty Jn,Hyderabad,Telangana
17.5529694,78.5991215,Street Road,Antaipalle,Hyderabad,Telangana
17.389635,78.49598,Kachiguda Station Road,Kacheguda,Hyderabad,Telangana
17.3893995,78.4972389,Kachiguda Station Road,Kacheguda,Hyderabad,Telangana
17.3904595,78.4912238,Kachiguda Station Road,Chappal Bazaar,Hyderabad,Telangana
17.390384,78.491198,Kachiguda Station Road,Chappal Bazaar,Hyderabad,Telangana
17.3898472,78.4946254,Kachiguda Station Road,Chappal Bazaar,Hyderabad,Telangana
17.3899062,78.4946943,Kachiguda Station Road,Kacheguda,Hyderabad,Telangana
17.389661,78.4960393,Barkatpura Road,Kacheguda,Hyderabad,Telangana
17.397522,78.4944699,Narayanguda Road,Bagh Lingampally,Hyderabad,Telangana
17.3927995,78.4920952,Basant Talkies Road,Lingampally,Hyderabad,Telangana
17.3953284,78.4976295,Barkatpura Main Road,Bagh Lingampally,Hyderabad,Telangana
17.4023453,78.5097444,Osmania University Road,Vidyanagar,Hyderabad,Telangana
17.3992754,78.5048645,Vegetable Market Road,Nallakunta,Hyderabad,Telangana
17.4004851,78.4880021,Himayath Nagar Road,Narayanguda,Hyderabad,Telangana
17.400614,78.4880196,Himayat Nagar Road,Narayanguda,Hyderabad,Telangana
17.3982149,78.4846771,Himayath Nagar Road,Narayanguda,Hyderabad,Telangana
17.4065307,78.4771095,Bade Ustad Ghulam Ali Khan Marg,Liberty Jn,Hyderabad,Telangana
17.3965975,78.4751739,Abids Road,Gun Foundry,Hyderabad,Telangana
17.3968936,78.4708481,Public Garden Road,Fateh Maidan,Hyderabad,Telangana
17.3884588,78.471277,Mukharam Jahi Road,Abids,Hyderabad,Telangana
17.3885677,78.4713675,Mukharam Jahi Road,Abids,Hyderabad,Telangana
17.3849846,78.4757246,Abids to MJ Market Road,Jambagh,Hyderabad,Telangana
17.3888018,78.4766235,Abids Road,Abids,Hyderabad,Telangana
17.3855062,78.4736892,Mukharam Jahi Road,Jambagh,Hyderabad,Telangana
17.3867052,78.4806158,Bank Street,Boggulakunta,Hyderabad,Telangana
17.4418666,78.4876225,Mahatma Gandhi Road,Jawahar Nagar Colony,Hyderabad,Telangana
17.4491384,78.4874892,بریگیڈیئر سعید روڈ,Pratap Colony,Hyderabad,Telangana
17.4526774,78.4971996,Hyderabad - Mancherial Highway,Picket,Hyderabad,Telangana
17.4598828,78.5012558,Hyderabad - Mancherial Highway,Kakaguda,Hyderabad,Telangana
17.4710731,78.509574,Hashmatpet Road,Karkhana,Hyderabad,Telangana
17.4683661,78.5071018,Hyderabad - Mancherial Highway,SBH Colony,Hyderabad,Telangana
17.4759124,78.5003772,Gun Rock Road,Durga Vihar Colony,Hyderabad,Telangana
17.469363,78.5082038,Hyderabad - Mancherial Highway,SBH Colony,Hyderabad,Telangana
17.4759774,78.5185854,Gough Road,Venkateshwara Colony,Hyderabad,Telangana
17.4518546,78.3918934,100 Feet Road,Ayyappa Society Colony,Hyderabad,Telangana
17.4542462,78.3832532,HITEC City–Kukatpally Main Road,HITEC City,Hyderabad,Telangana
17.459086,78.3845228,HITEC City–Kukatpally Main Road,Chanda Naik Thanda,Hyderabad,Telangana
17.4530956,78.3814719,HITEC City–Kukatpally Main Road,HITEC City,Hyderabad,Telangana
17.450804,78.3800291,HITEC City Road,HITEC City,Hyderabad,Telangana
17.44688,78.3783524,HITEC City Road,HITEC City,Hyderabad,Telangana
17.4546663,78.378528,HITEC City–Kondapur Main Road,HITEC City,Hyderabad,Telangana
17.456303,78.3771379,Hitex Road,Kondapur,Hyderabad,Telangana
17.4568372,78.3754466,HITEC City–Kondapur Main Road,Kondapur,Hyderabad,Telangana
17.4569927,78.3754289,HITEC City–Kondapur Main Road,Kondapur,Hyderabad,Telangana
17.4575531,78.3737584,HITEC City–Kondapur Main Road,Kondapur,Hyderabad,Telangana
17.457859,78.3721589,HITEC City–Kondapur Main Road,Kondapur,Hyderabad,Telangana
17.458277,78.369203,Hitec City - Kondapur Main Road,jubilee gardens,Hyderabad,Telangana
17.4585245,78.3687186,Hitec City - Kondapur Main Road,jubilee gardens,Hyderabad,Telangana
17.4579325,78.3656659,Kothaguda Underpass,Kothaguda,Hyderabad,Telangana
17.4589715,78.3664899,Hitec City - Kondapur Main Road,Kothaguda,Hyderabad,Telangana
17.4590524,78.3661664,Kothaguda Underpass,Kothaguda,Hyderabad,Telangana
17.4615083,78.366539,Gachibowli - Miyapur Highway,jubilee gardens,Hyderabad,Telangana
17.4567734,78.3647345,Gachibowli - Miyapur Highway,Kothaguda,Hyderabad,Telangana
17.4520833,78.3637589,Gachibowli - Miyapur Highway,Studiorigin - Interior Designer in Hyderabad,Hyderabad,Telangana
17.462585,78.3671065,Gachibowli - Miyapur Highway,jubilee gardens,Hyderabad,Telangana
17.4672475,78.3662284,Gachibowli - Miyapur Highway,Raghavendra Colony,Hyderabad,Telangana
17.4643716,78.3661769,Police Colony Road,Raghavendra Colony,Hyderabad,Telangana
17.4667024,78.3669949,Gachibowli - Miyapur Highway,Raghavendra Colony,Hyderabad,Telangana
17.4463274,78.3632468,Gachibowli - Miyapur Highway,J V Colony,Hyderabad,Telangana
17.4399711,78.3619605,Old Bombay Road,J V Colony,Hyderabad,Telangana
17.4364692,78.3661835,Old Bombay Highway,Telecom Nagar,Hyderabad,Telangana
17.4237351,78.3391249,ISB Road,Nanakramguda,Hyderabad,Telangana
17.4229294,78.3358888,Road No 2,Nanakramguda,Hyderabad,Telangana
17.4354091,78.3467483,ISB Road,Gachibowli,Hyderabad,Telangana
17.4497176,78.3474351,Old Bombay Road,Gachibowli,Hyderabad,Telangana
17.4428409,78.3568758,Old Bombay Road - Gachibowli Main Road,J V Colony,Hyderabad,Telangana
17.4449759,78.352769,Old Bombay Road,Gachibowli,Hyderabad,Telangana
17.4420322,78.3576787,Old Bombay Road,J V Colony,Hyderabad,Telangana
17.4306541,78.3729086,Bio-Diversity Park Level 1 Flyover,Telecom Nagar,Hyderabad,Telangana
17.4331236,78.370119,Old Bombay Road,Telecom Nagar,Hyderabad,Telangana
17.4318668,78.3713376,Old Bombay Highway,Telecom Nagar,Hyderabad,Telangana
17.4276448,78.3758366,Old Bombay Highway,Madhura Nagar Colony,Hyderabad,Telangana
17.4166011,78.3909015,Old Bombay Road,Raidurg,Hyderabad,Telangana
17.4242257,78.3802332,Old Bombay Road,Madhura Nagar Colony,Hyderabad,Telangana
17.4206012,78.3850982,Old Bombay Highway,Prashant Hills,Hyderabad,Telangana
17.4133566,78.3946197,Old Bombay Highway,Whisper Valley Colony,Hyderabad,Telangana
17.4098114,78.3991393,Old Bombay Highway,Shaikpet,Hyderabad,Telangana
17.4134812,78.3948063,Old Bombay Road,Whisper Valley Colony,Hyderabad,Telangana
17.4179006,78.4082879,Road Number 76,Journalist Colony,Hyderabad,Telangana
17.4202275,78.4117979,Road No 1,Journalist Colony,Hyderabad,Telangana
17.4200814,78.4118512,Road No 1,Journalist Colony,Hyderabad,Telangana
17.4162194,78.4109184,Road Number 5,Film Nagar,Hyderabad,Telangana
17.3976496,78.4436248,Golkonda Road,Humayun Nagar,Hyderabad,Telangana
17.4013986,78.4514938,Masab Tank Road,Masab Tank,Hyderabad,Telangana
17.3978849,78.4463865,Golkonda Road,Humayun Nagar,Hyderabad,Telangana
17.4962927,78.3950162,Nizampet - JNTU Road Mumbai Highway,KPHB Colony,Hyderabad,Telangana
17.4945069,78.4000021,Nizampet - JNTU Road Mumbai Highway,KPHB Colony,Hyderabad,Telangana
17.4975681,78.3923245,Nizampet - JNTU Road Mumbai Highway,Samatha Nagar,Hyderabad,Telangana
17.4930597,78.4031744,Nizampet - JNTU Road Mumbai Highway,Kukatpally,Hyderabad,Telangana
17.4918739,78.4016644,KPHB Road No 1 Road,Kukatpally,Hyderabad,Telangana
17.4918069,78.4057982,Kukkatpally Main Road - Mumbai Highway,Kukatpally,Hyderabad,Telangana
17.4831984,78.4139842,Kukkatpally Main Road - Mumbai Highway,Balaji Nagar,Hyderabad,Telangana
17.4797965,78.4180823,Kukkatpally Main Road - Mumbai Highway,Sangeet Nagar,Hyderabad,Telangana
17.4935107,78.410392,Vivekananda Nagar Road,Vivekananda Nagar,Hyderabad,Telangana
17.4999733,78.4151136,Jagathgiri Gutta Road,Sai Nagar,Hyderabad,Telangana
17.4949495,78.4051847,NTR Nagar Road,Kukatpally,Hyderabad,Telangana
17.4961014,78.4059587,NTR Nagar Road,AS Raju Nagar,Hyderabad,Telangana
17.4740365,78.4244954,Moosapet Road - Mumbai Highway,Sriram Nagar,Hyderabad,Telangana
17.4973777,78.3923496,Nizampet - JNTU Road Mumbai Highway,Samatha Nagar,Hyderabad,Telangana
17.4285195,78.4510886,Ameerpet Road - Panjagutta Main Road,Panjagutta,Hyderabad,Telangana
17.4298314,78.4490435,Sri Nagar Colony Main Road,Nagarjuna Hills,Hyderabad,Telangana
17.4285972,78.451171,Ameerpet Road - Panjagutta Main Road,Panjagutta,Hyderabad,Telangana
17.4277764,78.4538191,Greenlands Road,Panjagutta,Hyderabad,Telangana
17.4298845,78.432867,Sri Nagar Colony Main Road,Srinagar Colony,Hyderabad,Telangana
17.4508,78.4368063,Mumbai Highway,Erragadda,Hyderabad,Telangana
17.444999,78.4294091,GTS Colony Road,AG Colony,Hyderabad,Telangana
17.4184207,78.4484045,Road Number 1,Naveen Nagar,Hyderabad,Telangana
17.4177838,78.4487832,Road Number 1,Naveen Nagar,Hyderabad,Telangana
17.462149,78.4640095,Balanagar Main Road,Ferozguda,Hyderabad,Telangana
17.4620869,78.4678382,Balanagar Main Road,Vayu Nagar,Hyderabad,Telangana
17.3536262,78.5557558,Kamineni Flyover,RTC Colony,Hyderabad,Telangana
17.4078475,78.4762632,Bade Ustad Ghulam Ali Khan Marg,Liberty Jn,Hyderabad,Telangana
17.4590454,78.5324457,Uttam Nagar Road,Chanakyapuri,Hyderabad,Telangana
17.3376257,78.5357743,Inner Ring Road,Ambedkar Nagar,Hyderabad,Telangana
17.3397531,78.5238566,Inner Ring Road,new balaji nagar,Hyderabad,Telangana
17.3906493,78.4762493,Abids Road,Abids,Hyderabad,Telangana
17.3972451,78.4781599,Raja Reddy Marg,Gun Foundry,Hyderabad,Telangana
17.5063454,78.3052651,RC Puram BHEL - Beeramguda Rd Mumbai Highway,Mallikarjuna Nagar Colony,Hyderabad,Telangana
17.3365017,78.5760697,Vijaywada Highway,Sai Nagar,Hyderabad,Telangana
17.3686569,78.5218914,Vijaywada Highway,Madhurapuri,Hyderabad,Telangana
17.3674716,78.5398146,Vijaywada Highway,Laxmi Nagar Colony,Hyderabad,Telangana
17.3609274,78.542948,Vijaywada Highway,Margadarsi Colony,Hyderabad,Telangana
17.3688062,78.5219575,Vijaywada Highway,Salivahana Nagar,Hyderabad,Telangana
17.3693076,78.5168895,Vijaywada Highway,Bank Colony,Hyderabad,Telangana
17.3697844,78.5149179,Vijaywada Highway,Asmangadh,Hyderabad,Telangana
17.371204,78.5117361,Vijaywada Highway,Andhra Colony,Hyderabad,Telangana
17.3956155,78.437045,Golkonda Road,Mehdipatnam,Hyderabad,Telangana
17.395978,78.4314569,Golkonda Road,P&T Colony,Hyderabad,Telangana
17.429038,78.4180115,Road No 10,Venkatagiri,Hyderabad,Telangana
17.3611262,78.5682207,"Mansoorabad, GSI Road",Thyagaraja Nagar,Hyderabad,Telangana
17.3821723,78.4294012,Inner Ring Road,Maruti Nagar,Hyderabad,Telangana
17.3681113,78.428821,Inner Ring Road,Attapur,Hyderabad,Telangana
17.4047031,78.452066,Road Number 1,Masab Tank,Hyderabad,Telangana
17.4045969,78.4523055,Road Number 1,Masab Tank,Hyderabad,Telangana
17.4080122,78.4503163,Road No 12,Sri Ram Nagar Colony,Hyderabad,Telangana
17.5023265,78.3107786,RC Puram BHEL - Beeramguda Rd Mumbai Highway,Kakatiya Nagar,Hyderabad,Telangana
17.4632935,78.4419041,Bharata nagar slum,Shivaji Nagar,Hyderabad,Telangana
17.4776618,78.4482551,Jeedimetla Main Road,Idpl,Hyderabad,Telangana
17.4911512,78.4511216,Jeedimetla Main Road,Ganesh Nagar,Hyderabad,Telangana
17.4366039,78.493906,Rashtrapati Road,Patny,Hyderabad,Telangana
17.4431854,78.4956645,Sardar Patel Road,Patny,Hyderabad,Telangana
17.4431001,78.4930969,Sardar Patel Road,Patny,Hyderabad,Telangana
17.4430036,78.4956464,Sardar Patel Road,Patny,Hyderabad,Telangana
17.4431348,78.4970535,Sardar Patel Road,Patny,Hyderabad,Telangana
17.4248161,78.4133575,Road No 1,Journalist Colony,Hyderabad,Telangana
17.4080509,78.451092,Road Number 1,Sri Ram Nagar Colony,Hyderabad,Telangana
17.4341269,78.4472114,Ameerpet Road,Ameerpet,Hyderabad,Telangana
17.426787,78.4523637,Punjagutta Junction,Panjagutta,Hyderabad,Telangana
17.4266371,78.4523126,Nagarjuna Circle Road,Panjagutta,Hyderabad,Telangana
17.3928236,78.4640622,Dargah Road,Bazaar Ghat,Hyderabad,Telangana
17.4080556,78.4930566,Indira Park Road,Jawahar Nagar,Hyderabad,Telangana
17.4405096,78.4483441,Balkampet road,Ameerpet,Hyderabad,Telangana
17.4414692,78.4483537,Balkampet road,Srinivas Nagar,Hyderabad,Telangana
17.4417522,78.4465267,Sanjeeva Reddy Nagar Colony Main Road,Srinivas Nagar,Hyderabad,Telangana
17.4420407,78.4485105,Balkampet road,Srinivas Nagar,Hyderabad,Telangana
17.4336772,78.493248,Rashtrapati Road,Patny,Hyderabad,Telangana
17.432487,78.4930657,Rashtrapati Road,Jeera,Hyderabad,Telangana
17.4339242,78.4960876,Ghasmandi Road,Boiguda,Hyderabad,Telangana
17.3936605,78.449408,Nampally to Mallepally Road,Indira Nagar,Hyderabad,Telangana
17.3247864,78.5573582,Hyderabad - Nagarjuna Sagar Road,Balaji Colony,Hyderabad,Telangana
17.3074335,78.5736054,Hyderabad - Nagarjuna Sagar Road,Vinoothna Enclave,Hyderabad,Telangana
17.3249316,78.5574454,Hyderabad - Nagarjuna Sagar Road,Balaji Colony,Hyderabad,Telangana
17.4217017,78.6309436,Hyderabad-Janagam Highway,Narepally,Hyderabad,Telangana
17.4029461,78.5842948,Hyderabad-Janagam Highway,Hanuman Nagar,Hyderabad,Telangana
17.4168206,78.6225568,Hyderabad-Janagam Highway,Narepally,Hyderabad,Telangana
17.4610204,78.4842017,Brigadier Sayeed Road,Sikh Village,Hyderabad,Telangana
17.4617602,78.4970297,Transport Road,P&T Colony,Hyderabad,Telangana
17.4659748,78.4930815,Sikh Village Road,AWHO Colony,Hyderabad,Telangana
17.3438598,78.5353769,Bairamalguda Road,Srinidhi Colony,Hyderabad,Telangana
17.4419751,78.5057753,St Johns Road,Nehru Nagar,Hyderabad,Telangana
17.4341168,78.505796,St Johns Road Underpass,Chilkalguda,Hyderabad,Telangana
17.4348967,78.4503737,DharamKaran Road,Ameerpet,Hyderabad,Telangana
17.4355312,78.4521633,Ameerpet Road,Ameerpet,Hyderabad,Telangana
17.4352903,78.4555389,Ameerpet Road,Kundanbagh,Hyderabad,Telangana
17.3404571,78.5019594,Inner Ring Road,Riyasat Nagar,Hyderabad,Telangana
17.3385299,78.4998253,Inner Ring Road,Riyasat Nagar,Hyderabad,Telangana
17.4813894,78.5914471,Chakripuram Road,Nagarjuna Nagar Colony,Hyderabad,Telangana
17.4755037,78.5663954,Sainikpuri-ECIL Main Road,Bhavani Nagar,Hyderabad,Telangana
17.5221468,78.4433214,Jeedimetla Main Road,Shapur Nagar,Hyderabad,Telangana
17.5120436,78.4450443,Gajularamaram Road,Shapur Nagar,Hyderabad,Telangana
17.4965489,78.3611895,Miyapur - Allwyn Cross Road Mumbai Highway,Madhava Nagar,Hyderabad,Telangana
17.4818272,78.5112769,Siddipet Road,Lal Bazaar,Hyderabad,Telangana
17.4784029,78.5109552,Siddipet Road,Army Family Quarters,Hyderabad,Telangana
17.444435,78.4640321,Sardar Patel Road,Begumpet,Hyderabad,Telangana
17.4446162,78.4672515,Begumpet Airport Flyover,Prakash Nagar,Hyderabad,Telangana
17.4445885,78.4637838,Sardar Patel Road,Begumpet,Hyderabad,Telangana
17.4173299,78.481681,Lower Tank Bund Road,Lower Tank Bund,Hyderabad,Telangana
17.4240048,78.4299672,Road No 3,BN Reddy Colony,Hyderabad,Telangana
17.4241516,78.430081,Road No. 3,BN Reddy Colony,Hyderabad,Telangana
17.481889,78.5112024,Siddipet Road,Lal Bazaar,Hyderabad,Telangana
17.4891716,78.5121693,Siddipet Road,Rudranagar Colony,Hyderabad,Telangana
17.4981322,78.5134326,Siddipet Road,Madhav Nagar,Hyderabad,Telangana
17.4980144,78.5133823,Siddipet Road,Madhav Nagar,Hyderabad,Telangana
17.4936919,78.5126092,Rudra Road,Rudranagar Colony,Hyderabad,Telangana
17.4394718,78.3962277,Road No 36,Kavuri Hills,Hyderabad,Telangana
17.3397029,78.523998,Inner Ring Road,new balaji nagar,Hyderabad,Telangana
17.3243225,78.5159577,subhedar malla reddy marg,Midhani Quarters,Hyderabad,Telangana
17.4890604,78.5120822,Siddipet Road,Rudranagar Colony,Hyderabad,Telangana
17.3857051,78.4397718,Gudi Malkapur road,Gudimalkapur,Hyderabad,Telangana
17.43579,78.5156477,Krishna Deva Raya Road,Sitaphalmandi,Hyderabad,Telangana
17.4726682,78.4256365,Moosapet Road - Mumbai Highway,Sardar Patel Nagar,Hyderabad,Telangana
17.4535512,78.4147761,borabanda allahapur road,Borabanda,Hyderabad,Telangana
17.4542753,78.4225599,borabanda allahapur road,Kalyan Nagar,Hyderabad,Telangana
17.4220836,78.537999,Habsiguda Main Road,Habsiguda x Roads,Hyderabad,Telangana
17.4190556,78.5414492,Nacharam Road,Habsiguda x Roads,Hyderabad,Telangana
17.3751248,78.4983083,Vijaywada Highway,Malakpet,Hyderabad,Telangana
17.3958454,78.4293538,Golkonda Road,Rethibowli,Hyderabad,Telangana
17.4818195,78.5365511,Malkajagiri Road,Gandhi Nagar,Hyderabad,Telangana
17.4825696,78.5405517,Sainikpuri Road,Sri Colony,Hyderabad,Telangana
17.4840496,78.5490472,Sainikpuri-ECIL Main Road,AS Rao Nagar,Hyderabad,Telangana
17.4747377,78.5381331,Malkajagiri Road,Ramakrishnapuram,Hyderabad,Telangana
17.3023627,78.4200938,Flyover,Gagan Pahad,Hyderabad,Telangana
17.437406,78.4881687,Mahatma Gandhi Road,Jawahar Nagar Colony,Hyderabad,Telangana
17.4772234,78.563541,Dr A.S.Rao Nagar Road;Dr. A.S.Rao Nagar Road,Bhavani Nagar,Hyderabad,Telangana
17.48175,78.5533117,Sainikpuri-ECIL Main Road,Vijayapuri,Hyderabad,Telangana
17.4801243,78.5572617,Dr A.S.Rao Nagar Road,Prashanti Nagar,Hyderabad,Telangana
17.4719914,78.5619327,Gayatri Nagar Main Road,Gandhi Nagar,Hyderabad,Telangana
17.4210564,78.4592669,Raj Bhavan Road,Somajiguda,Hyderabad,Telangana
17.4289878,78.4554965,Greenlands Road,Nishat Bagh Colony,Hyderabad,Telangana
17.4707137,78.5051984,Hashmatpet Road,SBH Colony,Hyderabad,Telangana
17.4387379,78.3992326,Road No 36,Kavuri Hills,Hyderabad,Telangana
17.376826,78.481228,Mumbai Highway,Imlibun,Hyderabad,Telangana
17.4260114,78.4365663,Road No 3,Green Valley,Hyderabad,Telangana
17.4261158,78.4365513,Road No. 3,Green Valley,Hyderabad,Telangana
17.3585258,78.5206812,Saidabad Main Road,Habib Nagar,Hyderabad,Telangana
17.4925133,78.5359897,Sainikpuri-ECIL Main Road,Nirmal Nagar,Hyderabad,Telangana
17.3734844,78.5045643,Vijaywada Highway,MCH Colony,Hyderabad,Telangana
17.442959,78.4970534,Sardar Patel Road,Patny,Hyderabad,Telangana
17.4573139,78.5094548,Wellington Road,Lalitha Nagar,Hyderabad,Telangana
17.4986915,78.4766456,Nizamabad Road,Ramaraju Nagar,Hyderabad,Telangana
17.5379878,78.4903031,Nizamabad Road,Caton Residential Township,Hyderabad,Telangana
17.4566196,78.4845871,Srinagar-Kanyakumari Highway,Tar Bund,Hyderabad,Telangana
17.3917071,78.476371,King koti road,Abids,Hyderabad,Telangana
17.4014011,78.5603275,Inner Ring Road,Uppal,Hyderabad,Telangana
17.4064977,78.5032139,VST Bus Depot Road,VST X Roads,Hyderabad,Telangana
17.4083201,78.5061372,VST Main Road,Ramnagar X Roads,Hyderabad,Telangana
17.4455613,78.4502176,Nature Cure Hospital Road,Balkampet,Hyderabad,Telangana
17.4429577,78.4999623,Sardar Patel Road,Patny,Hyderabad,Telangana
17.4441927,78.4716561,Sardar Patel Road,Prakash Nagar,Hyderabad,Telangana
17.4440718,78.4705455,Sardar Patel Road,Prakash Nagar,Hyderabad,Telangana
17.4442215,78.4708115,Sardar Patel Road,Prakash Nagar,Hyderabad,Telangana
17.3592518,78.4793853,Darul Shifa Road,Alijah Kotla,Hyderabad,Telangana
17.371202,78.4822561,Darul Shifa Road,Noorkhan Bazaar,Hyderabad,Telangana
17.3538639,78.4729784,Charminar Road,Shah Ali Banda,Hyderabad,Telangana
17.3607104,78.4743986,Charminar Road,Moghalpura,Hyderabad,Telangana
17.5049259,78.4497878,Jeedimetla Main Road,HMT Colony,Hyderabad,Telangana
17.5049768,78.4498739,Jeedimetla Main Road,HMT Colony,Hyderabad,Telangana
17.5164031,78.4161644,Gajularamaram Road,Mahadevpur Colony,Hyderabad,Telangana
17.4112494,78.4687719,NTR Marg,Iqbal Minar Jn,Hyderabad,Telangana
17.4360472,78.4749254,Necklace Road,Bapu Bagh Colony,Hyderabad,Telangana
17.4212469,78.428602,Road No. 10,BN Reddy Colony,Hyderabad,Telangana
17.416884,78.4175993,Road Number 92,Navirman Nagar,Hyderabad,Telangana
17.4506867,78.3801528,HITEC City Road,HITEC City,Hyderabad,Telangana
17.3229997,78.4301634,Inner Ring Road,Adarsh Nagar,Hyderabad,Telangana
17.4265111,78.503309,Boyiguda Road,Padma Rao Nagar,Hyderabad,Telangana
17.5316828,78.4873825,Nizamabad Road,Caton Residential Township,Hyderabad,Telangana
17.5081404,78.4790058,Nizamabad Road,Jeedimetla Village,Hyderabad,Telangana
17.3953204,78.4373508,Golkonda Road,Mehdipatnam,Hyderabad,Telangana
17.4763858,78.3889949,HITEC City–Kukatpally Main Road,APHB Colony,Hyderabad,Telangana
17.4427212,78.5058298,St Johns Road,Nehru Nagar,Hyderabad,Telangana
17.5418267,78.3878349,Medak Road,Simhapuri Colony,Hyderabad,Telangana
17.5540845,78.3620846,Mallampet Road,Mallampet,Hyderabad,Telangana
17.3125672,78.5655022,Hyderabad - Nagarjuna Sagar Road,Hariharapuram,Hyderabad,Telangana
17.4962211,78.3960965,Nizampet - JNTU Road Mumbai Highway,KPHB Colony,Hyderabad,Telangana
17.3353897,78.5509268,Hyderabad - Nagarjuna Sagar Road,APSEB Colony,Hyderabad,Telangana
17.4189578,78.5414357,Habsiguda Main Road,Habsiguda x Roads,Hyderabad,Telangana
17.4813184,78.5798415,Shiva Sai Nagar,Shiva Sai Nagar,Hyderabad,Telangana
17.4829303,78.5811403,nagarjuna nagar colony road no 2,Shiva Sai Nagar,Hyderabad,Telangana
17.388871,78.4876047,Sultan Bazar road,Badi Chowdi,Hyderabad,Telangana
17.3850989,78.4756813,Abids to MJ Market Road,Jambagh,Hyderabad,Telangana
17.3072467,78.4497412,Airport Road,Laxmi Guda,Hyderabad,Telangana
17.4465864,78.5711316,Nacharam Road,NTR Nagar,Hyderabad,Telangana
17.3751771,78.4985078,Vijaywada Highway,Malakpet,Hyderabad,Telangana
17.3754264,78.5594679,Nagole-Bandlaguda Main Road,Nagole,Hyderabad,Telangana
17.3454179,78.4160397,Inner Ring Road,Happy Homes Colony,Hyderabad,Telangana
17.4300766,78.5290999,water tank lane,Lalaguda North,Hyderabad,Telangana
17.4424458,78.4779697,Minister's Road,Sindhi Colony,Hyderabad,Telangana
17.4515239,78.486176,Brigadier Sayeed Road,Dattawadi,Hyderabad,Telangana
17.4170699,78.4490497,Road Number 1,Naveen Nagar,Hyderabad,Telangana
17.4170255,78.4490446,Road Number 1,Naveen Nagar,Hyderabad,Telangana
17.4177103,78.4486701,Road Number 1,Naveen Nagar,Hyderabad,Telangana
17.3915163,78.4761698,Abids Road,Abids,Hyderabad,Telangana
17.4428445,78.4998638,Sardar Patel Road,Patny,Hyderabad,Telangana
17.5071706,78.3107608,Ashok Nagar Main Road,Kakatiya Nagar,Hyderabad,Telangana
17.506355,78.309864,Ashok Nagar Main Road,Kakatiya Nagar,Hyderabad,Telangana
17.5106773,78.3137665,Road Number 2,Treassury Township,Hyderabad,Telangana
17.3806942,78.4878266,Mumbai Highway,Esamia Bazaar,Hyderabad,Telangana
17.4007581,78.4699653,Sardar Vallabhai Patel Chowk,Ravindra Bharathi Jn,Hyderabad,Telangana
17.4288535,78.4552646,Greenlands Road,Nishat Bagh Colony,Hyderabad,Telangana
17.4224768,78.5036861,Padma Rao Nagar Road,Padma Rao Nagar,Hyderabad,Telangana
17.3894219,78.4281132,Khader Bagh road,Padmanabha Nagar Colony,Hyderabad,Telangana
17.4250791,78.5342756,Tarnaka Flyover,Tarnaka Flyover;TGSRTC Hospital,Hyderabad,Telangana
17.3991189,78.4802443,Hyderguda Main Road,Hyderguda,Hyderabad,Telangana
17.433302,78.4558961,Greenlands Road,Nishat Bagh Colony,Hyderabad,Telangana
17.4105602,78.476828,Lower Tank Bund Road,Kattamaisamma Junction,Hyderabad,Telangana
17.3734703,78.4989307,Sir Louis Flyover,Malakpet,Hyderabad,Telangana
17.4350346,78.5056185,Regimental Bazar Main Road,Chilkalguda,Hyderabad,Telangana
17.4347488,78.5037035,Regimental Bazar Main Road,Chilkalguda,Hyderabad,Telangana
17.375408,78.5547817,New Nagole Main Road,Samathapura Colony,Hyderabad,Telangana
17.329645,78.5796869,Raithu Bazar Road,Bhoolaxmi Nagar,Hyderabad,Telangana
17.3268123,78.585674,Road Number 8,Sharadha Nagar,Hyderabad,Telangana
17.443412,78.4633006,Chikoti Gardens,Begumpet,Hyderabad,Telangana
17.4711676,78.4959023,Sikh Village Road,Anjaiah Nagar,Hyderabad,Telangana
17.4597977,78.5013272,Hyderabad - Mancherial Highway,Kakaguda,Hyderabad,Telangana
17.4690115,78.4846563,Hashmatpet Road,Manovikas Nagar,Hyderabad,Telangana
17.4691323,78.4882223,Hashmatpet Road,Manovikas Nagar,Hyderabad,Telangana
17.4653995,78.4831152,Brigadier Sayeed Road,Padmavathi Colony,Hyderabad,Telangana
17.4093078,78.4737298,Telugu Talli Flyover,Adarsh Nagar,Hyderabad,Telangana
17.4119688,78.4776793,Telugu Talli Flyover,Kattamaisamma Junction,Hyderabad,Telangana
17.4110023,78.4613357,Railway Gate Lane,Khairatabad,Hyderabad,Telangana
17.4093681,78.4737017,Telugu Talli Flyover,Adarsh Nagar,Hyderabad,Telangana
17.405211,78.4630133,Masjid Mohiuddin Road,Saifabad,Hyderabad,Telangana
17.4120468,78.548795,Habsiguda Main Road,Brindavan Colony,Hyderabad,Telangana
17.4097576,78.5086901,Ramnagar Road,Ramnagar X Roads,Hyderabad,Telangana
17.3745951,78.4421502,Golconda Rd,Karwan Sahu,Hyderabad,Telangana
17.3214563,78.386398,Rajendra nagar road,Hanuman Nagar,Hyderabad,Telangana
17.4667434,78.4038854,Road Number 1,Khaitalpur,Hyderabad,Telangana
17.4500409,78.4499383,Balkampet road,Suprabhat Colony,Hyderabad,Telangana
17.4612715,78.4496598,FatehNagar-BalaNagar Road,Fateh Nagar,Hyderabad,Telangana
17.4502961,78.4501004,Balkampet road,Suprabhat Colony,Hyderabad,Telangana
17.4560224,78.4453159,Sanath Nagar Main Road,Shivaji Nagar,Hyderabad,Telangana
17.4652624,78.4762223,Nuthan colony road,Padmavathi Colony,Hyderabad,Telangana
17.4381359,78.4139626,Road Numbaer 10 C,Gayatri Hills,Hyderabad,Telangana
17.5115677,78.4215418,Jagathgiri Gutta Road,Lenin Nagar,Hyderabad,Telangana
17.5047912,78.4676044,Quthubullapur Main Road,Marri Narayana Reddy Nagar,Hyderabad,Telangana
17.4382794,78.453883,Park Avenue Road,Uma Nagar,Hyderabad,Telangana
17.4408898,78.4493167,Shivbagh road,Ameerpet,Hyderabad,Telangana
17.5204273,78.3830066,Main Road-I,Nizampet,Hyderabad,Telangana
17.4196942,78.5656202,Road No 1,New Hema Nagar,Hyderabad,Telangana
17.4190928,78.5663199,Road No 2,New Hema Nagar,Hyderabad,Telangana
17.4208796,78.5680945,Street No 3,New Hema Nagar,Hyderabad,Telangana
17.420846,78.5684901,Street No 4,New Hema Nagar,Hyderabad,Telangana
17.3933131,78.5971526,Road no 1,Parwathi Nagar,Hyderabad,Telangana
17.3962899,78.3827626,Road Number 1,Bharat Nagar,Hyderabad,Telangana
17.418131,78.347447,Wave rock road,Nanakramguda,Hyderabad,Telangana
17.4201755,78.34076,Road No 2,Nanakramguda,Hyderabad,Telangana
17.4934765,78.3914,WAY TO CRC,Vasanth Nagar,Hyderabad,Telangana
17.4949538,78.3930877,shortcut to girls hostel,KPHB Colony,Hyderabad,Telangana
17.4737258,78.5608377,anupuram welfare association,Anupuram,Hyderabad,Telangana
17.3970845,78.5121172,Shivam Road,New Nallakunta,Hyderabad,Telangana
17.5011193,78.3959664,HMT Hills Road,Samatha Nagar,Hyderabad,Telangana
17.4479581,78.4689463,gagan vihar colony,Motilal Nehru Nagar,Hyderabad,Telangana
17.4391255,78.4367682,Madhuranagar Main Road,Madhura Nagar,Hyderabad,Telangana
17.3850593,78.4407418,Priya Colony,Sarada Nagar,Hyderabad,Telangana
17.3933003,78.4322897,Dilshad Nagar Colony road,P&T Colony,Hyderabad,Telangana
17.4048517,78.3769645,Puppalaguda - Manikonda,Manikonda,Hyderabad,Telangana
17.403099,78.3773633,Puppalaguda - Manikonda,Manikonda,Hyderabad,Telangana
17.3859777,78.3677347,Alkapur Main road,Greenlands,Hyderabad,Telangana
17.5102068,78.4068354,Yellammabanda Road,Gandhi Statue;Yellamma Banda,Hyderabad,Telangana
17.5063506,78.4100777,Lavkush Road,Allwyn Colony,Hyderabad,Telangana
17.3085048,78.4259177,Station Rd,Sri Rama Nagar,Hyderabad,Telangana
17.4019071,78.5113554,Station Road,Adikmet Jn,Hyderabad,Telangana
17.4359655,78.4767485,Station Rd,Bapu Bagh Colony,Hyderabad,Telangana
17.4764897,78.5289504,FOB,Venkateshwara Colony,Hyderabad,Telangana
17.4226379,78.4627896,Station Rd,MS Makta,Hyderabad,Telangana
17.4231949,78.462986,FOB,MS Makta,Hyderabad,Telangana
17.4954338,78.5189851,FOB,Saraswati Nagar,Hyderabad,Telangana
17.505491,78.5154404,Station Rd,GV Reddy Colony,Hyderabad,Telangana
17.5205335,78.391711,Road Number 4A,Madhura Nagar,Hyderabad,Telangana
17.3829118,78.4400152,Sarada nagar,Sarada Nagar,Hyderabad,Telangana
17.4817019,78.3040898,G BALRAJ ROAD,MIG Colony,Hyderabad,Telangana
17.4618878,78.3704867,Road 7,jubilee gardens,Hyderabad,Telangana
17.4092901,78.5925346,buddha nagar road no-5,Kamala Nagar Colony,Hyderabad,Telangana
17.4088176,78.5930977,road no 6,Kamala Nagar Colony,Hyderabad,Telangana
17.4092047,78.5943053,Road Number 7,Kamala Nagar Colony,Hyderabad,Telangana
17.4171471,78.5874893,Building  narayana school,Sri Lakshmi Nagar Colony,Hyderabad,Telangana
17.4113775,78.6021753,Kamala Nagar Road,Medpally,Hyderabad,Telangana
17.3726578,78.349091,APPA-Manchirevula-narsingI rOAD,Manchirevula,Hyderabad,Telangana
17.3768238,78.3524977,APPA-Manchirevula-narsingI rOAD,Manchirevula,Hyderabad,Telangana
17.4018402,78.4692299,Public Garden Road,Ravindra Bharathi Jn,Hyderabad,Telangana
17.4458315,78.4961909,Wellington Road,Picket,Hyderabad,Telangana
17.4444768,78.4959447,Wellington Road,Patny,Hyderabad,Telangana
17.5196362,78.3663083,GRIET College Rd,Mayuri Nagar,Hyderabad,Telangana
17.5185536,78.3996281,Hill Crest Society Road,Mithila Nagar,Hyderabad,Telangana
17.5143566,78.3903917,Lakeview Colony Road,Lake View Colony,Hyderabad,Telangana
17.5152955,78.3925733,Lakeview Colony Road,Lake View Colony,Hyderabad,Telangana
17.5216568,78.3857331,Nizampet,Rajiv Gruhakalpa Colony,Hyderabad,Telangana
17.5164015,78.3787285,Rd No-7 (SHS),Nizampet,Hyderabad,Telangana
17.50768,78.3819521,Rd Number 10,Setwinabad,Hyderabad,Telangana
17.5247554,78.3577084,Surya School Road,Prajay Shelters,Hyderabad,Telangana
17.5142686,78.377448,Sri Vinayak Nagar Rd,Nizampet,Hyderabad,Telangana
17.5238339,78.3959209,Road Number 2,Prashanthi Hills,Hyderabad,Telangana
17.5231546,78.3934381,Dollar Hills Road,Prashanthi Hills,Hyderabad,Telangana
17.5140581,78.391397,Lake View Colony Road,Lake View Colony,Hyderabad,Telangana
17.5170876,78.3998045,RD 9A,Mithila Nagar,Hyderabad,Telangana
17.523289,78.3854468,Road No 10c,Rajiv Gruhakalpa Colony,Hyderabad,Telangana
17.5139302,78.391761,Lake View Colony Road,Lake View Colony,Hyderabad,Telangana
17.5259765,78.3710239,Jaya Deepika Estates,Mayuri Nagar,Hyderabad,Telangana
17.5141953,78.3908086,Lake View Colony Road,Lake View Colony,Hyderabad,Telangana
17.5088668,78.3719352,Mayuri Nagar,Nadigada Thada,Hyderabad,Telangana
17.5177529,78.4001042,RD NUMBER 9,Mithila Nagar,Hyderabad,Telangana
17.516455,78.3989279,Road No 10,Lake View Colony,Hyderabad,Telangana
17.523225,78.3850439,Road No 9c,Rajiv Gruhakalpa Colony,Hyderabad,Telangana
17.5200692,78.3720608,GRIET College Rd,Mayuri Nagar,Hyderabad,Telangana
17.5157876,78.3923507,Lake View Colony Road,Lake View Colony,Hyderabad,Telangana
17.3950496,78.3492315,Service Road,Narsingi,Hyderabad,Telangana
17.4132556,78.3714011,Sai Aishawarya Layout road,Janmabhoomi Colony,Hyderabad,Telangana
17.5135157,78.3873915,Crayons School Rd,Srinivasa Nagar,Hyderabad,Telangana
17.5264185,78.4160079,Local 11,Mahadevpur Colony,Hyderabad,Telangana
17.5206397,78.4206267,Local 11,Prakasam Pantulu Nagar,Hyderabad,Telangana
17.5251461,78.4223928,Local Rd 6,Gajularamaram,Hyderabad,Telangana
17.5248064,78.4220935,Local Rd 6,Gajularamaram,Hyderabad,Telangana
17.5257075,78.4287722,Mettakatigudem Qutubullapur Road,Prakasam Pantulu Nagar,Hyderabad,Telangana
17.512529,78.4242396,Umadevi Nagar Street Number 7A,Lenin Nagar,Hyderabad,Telangana
17.5172313,78.4147484,Kailash Hills,Mahadevpur Colony,Hyderabad,Telangana
17.5177336,78.4154246,Road No 2,Mahadevpur Colony,Hyderabad,Telangana
17.5126005,78.4240844,Umadevi Nagar Street Number 8A,Lenin Nagar,Hyderabad,Telangana
17.5198107,78.3849476,Main Road-I,Nizampet,Hyderabad,Telangana
17.5178463,78.4173801,Road No3,Mahadevpur Colony,Hyderabad,Telangana
17.5186448,78.4169177,Road No 1,Mahadevpur Colony,Hyderabad,Telangana
17.5194694,78.4165145,Road No 8,Mahadevpur Colony,Hyderabad,Telangana
17.5180451,78.4169405,Road No 1,Mahadevpur Colony,Hyderabad,Telangana
17.5021169,78.4244901,Road Number 7,Jagadgirigutta,Hyderabad,Telangana
17.519044,78.4168998,Road No 9,Mahadevpur Colony,Hyderabad,Telangana
17.5178058,78.4163934,Road No 2,Mahadevpur Colony,Hyderabad,Telangana
17.518568,78.4160641,Road No 6,Mahadevpur Colony,Hyderabad,Telangana
17.5182511,78.4170261,Road No 5,Mahadevpur Colony,Hyderabad,Telangana
17.5173942,78.4172818,Kailash Hills,Mahadevpur Colony,Hyderabad,Telangana
17.4969425,78.5777386,Lane number 13,Saket,Hyderabad,Telangana
17.4745183,78.5649672,Mahesh Nagar Road,Green Hills Colony,Hyderabad,Telangana
17.481203,78.5658538,Street Number 5,Bhavani Nagar,Hyderabad,Telangana
17.4854618,78.5636444,Street Number 10,Sri Ram Naga,Hyderabad,Telangana
17.4951405,78.5579084,AK Lake Front lane,Malla Reddy Colony,Hyderabad,Telangana
17.4956068,78.557485,AK Lake Front lane,Malla Reddy Colony,Hyderabad,Telangana
17.3500236,78.4299247,Mir Mahmood Dargah road,Mir Mahmood Colony,Hyderabad,Telangana
17.3818519,78.4324723,K M G road,Balaji Nagar,Hyderabad,Telangana
17.3144191,78.407259,NAARM Rd,Police Quarters,Hyderabad,Telangana
17.3949225,78.3956507,Qutub shahi tomb rd,Gulshan Colony,Hyderabad,Telangana
17.395527,78.3960522,Qutub shahi tomb rd,Gulshan Colony,Hyderabad,Telangana
17.3961794,78.4144607,akbar road,Neeraj Colony,Hyderabad,Telangana
17.3960365,78.3756433,Shivalayam Temple Road,Puppalguda,Hyderabad,Telangana
17.3550287,78.3565512,Service Road,Himayath Sagar,Hyderabad,Telangana
17.3803808,78.381876,Vasavi College of Engineering Parking,Ibrahim Bagh,Hyderabad,Telangana
17.3909032,78.3746206,Road No 1,Neknampur,Hyderabad,Telangana
17.4061058,78.3915305,Khurshid street,OU Staff Colony,Hyderabad,Telangana
17.3646828,78.4269667,Vijaya Satya Residency Road,Radha Krishna Nagar,Hyderabad,Telangana
17.4130624,78.4080031,Road No 9,Giani Zail Singh Nagar,Hyderabad,Telangana
17.3672584,78.4263935,Easwer Theattre road,Radha Krishna Nagar,Hyderabad,Telangana
17.3994151,78.3816056,Sri Ram Nagar Colony road,Secretariat Employees Colony,Hyderabad,Telangana
17.4053286,78.4009387,Street Number 3,Shaikpet,Hyderabad,Telangana
17.4075334,78.380674,Hanuman Nagar Rd,Janmabhoomi Colony,Hyderabad,Telangana
17.3850707,78.367653,Alkapur Main road,Greenlands,Hyderabad,Telangana
17.4124538,78.3849561,Road Number 16,Janmabhoomi Colony,Hyderabad,Telangana
17.4032887,78.3720445,Hanuman temple road,Manikonda,Hyderabad,Telangana
17.3883678,78.4307946,Gudimalkapur Basthi road,Padmanabha Nagar Colony,Hyderabad,Telangana
17.4128519,78.4093378,Road No 7,Deen Dayal Nagar,Hyderabad,Telangana
17.4014522,78.3794592,Road Number 16,Secretariat Employees Colony,Hyderabad,Telangana
17.3677181,78.3913038,sree ram nagar street,Hydershakote,Hyderabad,Telangana
17.4129407,78.3764628,Lanco hills road,Manikonda,Hyderabad,Telangana
17.3826824,78.399867,Royal Stairs,Bada Bazaar,Hyderabad,Telangana
17.3628265,78.4148622,Street Number 24,Sirimalle Nagar,Hyderabad,Telangana
17.3638846,78.4233216,Hanuman  Temple road,Radha Krishna Nagar,Hyderabad,Telangana
17.3998615,78.3995439,Satya Colony - AGN Colony,Gulshan Colony,Hyderabad,Telangana
17.3965478,78.3659685,Neknampur road,Alkapur Township,Hyderabad,Telangana
17.4124519,78.4173395,Road Number 8,Navirman Nagar,Hyderabad,Telangana
17.313859,78.409037,manage rd,Police Quarters,Hyderabad,Telangana
17.4315533,78.5391524,12th street,Hanuman Nagar Colony,Hyderabad,Telangana
17.4776156,78.5440586,2nd cross road,Shiva Nagar Colony,Hyderabad,Telangana
17.4868462,78.5463618,3rd cross road,Vayupuri,Hyderabad,Telangana
17.4770792,78.5442024,3rd cross road,Shiva Nagar Colony,Hyderabad,Telangana
17.4602592,78.532291,5th cross road,Chanakyapuri,Hyderabad,Telangana
17.4723581,78.5328564,3rd street,Neredmet,Hyderabad,Telangana
17.4886559,78.543459,Fourth Avenue,Sainikpuri,Hyderabad,Telangana
17.4854689,78.5518991,4th cross road,Vijayapuri,Hyderabad,Telangana
17.4844477,78.5512781,4th cross road,Vijayapuri,Hyderabad,Telangana
17.4891428,78.5423956,5th Avenue,Sainikpuri,Hyderabad,Telangana
17.4838433,78.5511896,5th crescent road,Vijayapuri,Hyderabad,Telangana
17.4598728,78.5321477,5th cross road,Chanakyapuri,Hyderabad,Telangana
17.4887078,78.547953,5th link road,Sainikpuri,Hyderabad,Telangana
17.4841375,78.5518508,5th crescent road,Vijayapuri,Hyderabad,Telangana
17.4929596,78.537644,6th cross road,Nirmal Nagar,Hyderabad,Telangana
17.4895785,78.5440205,6th link road,Sainikpuri,Hyderabad,Telangana
17.4595968,78.5313046,7th cross road,Uttam Nagar,Hyderabad,Telangana
17.4342611,78.4873806,A class,Jawahar Nagar Colony,Hyderabad,Telangana
17.4473533,78.4464825,B K guda internal road,SR Nagar,Hyderabad,Telangana
17.4463869,78.4793547,BHEL colony road,Rasoolpura,Hyderabad,Telangana
17.4467489,78.4796647,BHEL colony road,Rasoolpura,Hyderabad,Telangana
17.4461668,78.4825072,BHEL colony road,Viman Nagar,Hyderabad,Telangana
17.4522774,78.4813444,Bowanpally Main Road,Anna Nagar,Hyderabad,Telangana
17.4227685,78.5256046,EFL university road,Manikeshwari Nagar,Hyderabad,Telangana
17.507326,78.4932153,HMT colony road,Father Balaiah Nagar,Hyderabad,Telangana
17.424392,78.5378025,IICt internal road,Habsiguda x Roads,Hyderabad,Telangana
17.4238026,78.5387896,IICt internal road,Habsiguda x Roads,Hyderabad,Telangana
17.4248584,78.5388349,IICt internal road,Habsiguda x Roads,Hyderabad,Telangana
17.4239276,78.5374316,IICt internal road,Habsiguda x Roads,Hyderabad,Telangana
17.4990206,78.5097258,2,Madhav Nagar,Hyderabad,Telangana
17.436516,78.4624898,MCWA 2nd A road,Kundanbagh,Hyderabad,Telangana
17.5223382,78.4949865,MJR road,HMT Officers Colony,Hyderabad,Telangana
17.4154561,78.5464008,NMDC internal road,Vikrampuri,Hyderabad,Telangana
17.4161597,78.5460881,NMDC internal road,Vikrampuri,Hyderabad,Telangana
17.485133,78.5494051,2nd cres road,Vijayapuri,Hyderabad,Telangana
17.4574005,78.4986305,P&T colony,P&T Colony,Hyderabad,Telangana
17.4476645,78.4440006,S R nagar internal road,SR Nagar,Hyderabad,Telangana
17.4199878,78.5217866,SVG sewer line road,Manikeshwari Nagar,Hyderabad,Telangana
17.4415018,78.471378,airport to praksh nagar road,Prakash Nagar,Hyderabad,Telangana
17.5237963,78.5048106,ambedkar nagar main road,Tirumala Enclave,Hyderabad,Telangana
17.4971318,78.4665912,back colony road number 8,Bank Colony,Hyderabad,Telangana
17.4400416,78.4804779,Bqpu Bagh Colony,Bapu Bagh Colony,Hyderabad,Telangana
17.4876856,78.5199855,central battery main road,Usha Officers Colony,Hyderabad,Telangana
17.5236379,78.5118866,chicago avenue,Sundaram colony,Hyderabad,Telangana
17.4424005,78.4660798,chikoti garden road,Prakash Nagar,Hyderabad,Telangana
17.4192786,78.4574852,Civil Supplies Bhavan,Irrum Manzil,Hyderabad,Telangana
17.4658169,78.4742196,comsary bazar,Vayu Nagar,Hyderabad,Telangana
17.4220873,78.5405636,Dr. Zaheer Marg,Habsiguda x Roads,Hyderabad,Telangana
17.5098793,78.4509714,gajula ramaram rd,Shapur Nagar,Hyderabad,Telangana
17.4233854,78.5499383,gayatri seva road,HMT Nagar,Hyderabad,Telangana
17.5075851,78.4776488,green park main road,Green Park,Hyderabad,Telangana
17.5061968,78.4764889,green park road,Green Park,Hyderabad,Telangana
17.4477592,78.4754132,gun bazaar road,Rasoolpura,Hyderabad,Telangana
17.4334163,78.4411358,habeeb bagh,Yellareddyguda,Hyderabad,Telangana
17.4941928,78.4528642,Quthub Shahi Road,Chintal Bus stop,Hyderabad,Telangana
17.4972149,78.4595166,New vivekanandha colony,Venkateswara Nagar,Hyderabad,Telangana
17.4946011,78.4440075,Badi Masjid Road,Bhagat Singh Nagar,Hyderabad,Telangana
17.5147269,78.4933905,Alwal Hills Road Number 10,HMT Officers Colony,Hyderabad,Telangana
17.4386964,78.4699409,Simma's Lane,Prakash Nagar,Hyderabad,Telangana
17.4291555,78.5370823,Strret No 2,Hanuman Nagar Colony,Hyderabad,Telangana
17.4463974,78.4988952,bulton rd,Picket,Hyderabad,Telangana
17.4463237,78.5207622,mahindra hills road,Subash Nagar,Hyderabad,Telangana
17.4834424,78.4789167,Road Number 12,Maithri Vanam,Hyderabad,Telangana
17.4430402,78.5061074,E Maredpally Road,Nehru Nagar,Hyderabad,Telangana
17.4294818,78.5505095,Street No 2,Ram Reddy Colony,Hyderabad,Telangana
17.4185499,78.4980823,Jama Masjid Road,Musheerabad,Hyderabad,Telangana
17.5063766,78.4803012,Good Shepherd Community Church Road,Green Park,Hyderabad,Telangana
17.4527905,78.4881803,Bantia Garden,Dattawadi,Hyderabad,Telangana
17.4209575,78.4887746,prasun vihar rd,Kavadiguda,Hyderabad,Telangana
17.4919718,78.5466086,Lane Number 9,O.U.T Colony,Hyderabad,Telangana
17.5087635,78.4875615,Boys Hostel Road,Spring Fields Colony,Hyderabad,Telangana
17.4790919,78.4953543,Lane 2 L,AWHO Colony,Hyderabad,Telangana
17.4314612,78.5427828,13th st,Hanuman Nagar Colony,Hyderabad,Telangana
17.5148531,78.4904178,Panchsheel Enclave Lane no 6,HMT Officers Colony,Hyderabad,Telangana
17.4979721,78.4589016,Sai nagar Road No.2,Venkateswara Nagar,Hyderabad,Telangana
17.4537642,78.5303707,Street Number 7,Vani Nagar,Hyderabad,Telangana
17.4374555,78.5024395,St Francis Road,Chilkalguda,Hyderabad,Telangana
17.5026909,78.4720654,Andhra Bank Lane,Vennalagadda,Hyderabad,Telangana
17.4933447,78.5381531,7th cross road,Nirmal Nagar,Hyderabad,Telangana
17.4763791,78.4997322,DAIRY FARM ROAD,Durga Vihar Colony,Hyderabad,Telangana
17.4641748,78.4562184,Vinayak Nagar Balanagar Road,Vinayak Nagar,Hyderabad,Telangana
17.4720652,78.5379977,Old Neredmet 6th Street,Neredmet,Hyderabad,Telangana
17.4913631,78.5459691,Saibaba Officers Colony Road Number 1,O.U.T Colony,Hyderabad,Telangana
17.4889296,78.4523921,Unique High School Lane,Surya Nagar,Hyderabad,Telangana
17.4885535,78.5189196,sebastian shine road,Rudranagar Colony,Hyderabad,Telangana
17.5143368,78.4978678,colony main rd,Railway Colony,Hyderabad,Telangana
17.465367,78.4565931,Vinayak Nagar Balanagar Road,Vinayak Nagar,Hyderabad,Telangana
17.5107529,78.4994594,Road Number 1,Railway Colony,Hyderabad,Telangana
17.5063117,78.4590221,Road Number 2,Qutubullapur,Hyderabad,Telangana
17.4138435,78.5435542,nandanvan colony street,SS Nagar,Hyderabad,Telangana
17.4664809,78.4579786,Old Vision Model School Road,Vinayak Nagar,Hyderabad,Telangana
17.4317181,78.4864425,TGSRTC Ranigunj - 2 Bus Depot Inner Road,Jeera,Hyderabad,Telangana
17.5098696,78.4793821,Nizamabad Road,Jeedimetla Village,Hyderabad,Telangana
17.5162389,78.5225545,holy trinity church road,Lakadwala Colony,Hyderabad,Telangana
17.4200684,78.4887715,Street Number 10,Kavadiguda,Hyderabad,Telangana
17.4891495,78.5205646,khaoe imam zamin dargah road,Rudranagar Colony,Hyderabad,Telangana
17.4388947,78.4821125,krishna nagar colony road,Krishna Nagar Colony,Hyderabad,Telangana
17.4417989,78.5107095,lane number 1,Tarakrama Nagar,Hyderabad,Telangana
17.4441194,78.5058187,lane number 1,Nehru Nagar,Hyderabad,Telangana
17.4914228,78.5449056,lane number 26,O.U.T Colony,Hyderabad,Telangana
17.4992272,78.5114113,lane number 3,Madhav Nagar,Hyderabad,Telangana
17.4494141,78.5066306,lane number 5,Marredpally,Hyderabad,Telangana
17.4495018,78.5063985,lane number 6,Marredpally,Hyderabad,Telangana
17.4938401,78.5239937,magazine road,Saraswati Nagar,Hyderabad,Telangana
17.4470523,78.5204042,mahindra hills road,Subash Nagar,Hyderabad,Telangana
17.4344053,78.4976005,maruthi veedhi,Boiguda,Hyderabad,Telangana
17.4240755,78.4552537,matha nagar,Somajiguda,Hyderabad,Telangana
17.5076869,78.5468045,moksha appartments road,Swarnandhra Colony,Hyderabad,Telangana
17.4388936,78.4687193,mosque road,Prakash Nagar,Hyderabad,Telangana
17.4324751,78.4457182,new science collage lane,Yellareddyguda,Hyderabad,Telangana
17.4988453,78.4622385,number 8 rd,New Vivekananda Nagar,Hyderabad,Telangana
17.486331,78.5444428,office road,Vayupuri,Hyderabad,Telangana
17.5091235,78.5023251,old alwal road,Srinagar Colony,Hyderabad,Telangana
17.4278111,78.50566,padma roa nagar number 2 street,Padma Rao Nagar,Hyderabad,Telangana
17.4415527,78.4755426,paigah colony road,Prakash Nagar,Hyderabad,Telangana
17.4846539,78.5485075,Park Link Road,Vayupuri,Hyderabad,Telangana
17.4440831,78.4775404,rasoolpura road,Rasoolpura,Hyderabad,Telangana
17.444945,78.4797104,patny nagar road,Rasoolpura,Hyderabad,Telangana
17.4452693,78.4793713,patny nagar road,Rasoolpura,Hyderabad,Telangana
17.4408158,78.4712915,praksh nagar road,Prakash Nagar,Hyderabad,Telangana
17.4845654,78.5309544,Raghavendra Colony Road,Raghavendra Colony,Hyderabad,Telangana
17.4345472,78.4855266,ramgopal peth road,Jawahar Nagar Colony,Hyderabad,Telangana
17.4342554,78.4871863,ramgopal peth road,Jawahar Nagar Colony,Hyderabad,Telangana
17.4383592,78.4883021,ramgopal road,Jawahar Nagar Colony,Hyderabad,Telangana
17.4723282,78.5005487,ravi colony road,Durga Vihar Colony,Hyderabad,Telangana
17.4933928,78.5001446,rd number 13,Ramachandraiah Nagar,Hyderabad,Telangana
17.5011463,78.501835,rd number 15,Janaki Nagar,Hyderabad,Telangana
17.510393,78.4986373,rd number 2,Railway Colony,Hyderabad,Telangana
17.5113198,78.4993985,rd number 2,Railway Colony,Hyderabad,Telangana
17.4391713,78.4960301,red cross road,Patny,Hyderabad,Telangana
17.4742665,78.5459053,road number 10,kaktiya nagar,Hyderabad,Telangana
17.4835369,78.5419746,road number 1,Sri Colony,Hyderabad,Telangana
17.4629366,78.4523578,road number 1,shobna,Hyderabad,Telangana
17.482392,78.5449821,Road No 1,Shiva Nagar Colony,Hyderabad,Telangana
17.5236285,78.512302,road number 1,Sundaram colony,Hyderabad,Telangana
17.500239,78.5308532,road number 1,Jai Jawahar Nagar,Hyderabad,Telangana
17.4790342,78.5507389,road number 1,AS Rao Nagar,Hyderabad,Telangana
17.480066,78.5434812,road number 2,Shiva Nagar Colony,Hyderabad,Telangana
17.4626673,78.4528048,road number 2,shobna,Hyderabad,Telangana
17.4805898,78.5433655,road number 3,Shiva Nagar Colony,Hyderabad,Telangana
17.4552048,78.5286809,road number 3,Gowtham Nagar,Hyderabad,Telangana
17.4220596,78.5486472,road number 4A,HMT Nagar,Hyderabad,Telangana
17.4842726,78.5394145,road number 4,Sri Colony,Hyderabad,Telangana
17.4769318,78.4834413,road number 5,Lal Bahadur Nagar Colony,Hyderabad,Telangana
17.4844346,78.5383814,road number 5,Hilltop Colony,Hyderabad,Telangana
17.4844271,78.5381004,road number 5,Hilltop Colony,Hyderabad,Telangana
17.4977899,78.4645,road number 6,New Vivekananda Nagar,Hyderabad,Telangana
17.4847266,78.5393981,road number 6,Hilltop Colony,Hyderabad,Telangana
17.4973106,78.4673917,road number 6,Bank Colony,Hyderabad,Telangana
17.4806123,78.5426104,road number 6,Shiva Nagar Colony,Hyderabad,Telangana
17.4972593,78.4670294,road number 7,Bank Colony,Hyderabad,Telangana
17.4849099,78.539382,road number 7,Hilltop Colony,Hyderabad,Telangana
17.4804308,78.5427931,road number 7,Shiva Nagar Colony,Hyderabad,Telangana
17.4850341,78.5379755,road number 8,Hilltop Colony,Hyderabad,Telangana
17.5217988,78.5119485,rukmini enclave road,Sundaram colony,Hyderabad,Telangana
17.4855618,78.5533066,sainik enclave road,Vijayapuri,Hyderabad,Telangana
17.4794739,78.5456909,shiva nagar colony,Shiva Nagar Colony,Hyderabad,Telangana
17.4620685,78.446337,shivalayam road,Fateh Nagar,Hyderabad,Telangana
17.4393651,78.4831277,singam shetty road,Krishna Nagar Colony,Hyderabad,Telangana
17.4235682,78.5127073,srinivas nagar,Skandagiri,Hyderabad,Telangana
17.4476534,78.5014676,srinivasa gardens road,West Marredpally,Hyderabad,Telangana
17.4375654,78.500156,st francis road,Patny,Hyderabad,Telangana
17.4198697,78.5498897,street number 10,HMT Nagar,Hyderabad,Telangana
17.4529468,78.5289418,street number 12,Gowtham Nagar,Hyderabad,Telangana
17.4515522,78.5061211,street number 12,Marredpally,Hyderabad,Telangana
17.4521728,78.525955,street number 13,Mallikarjuna Nagar,Hyderabad,Telangana
17.4520922,78.5287288,street number 16,Gowtham Nagar,Hyderabad,Telangana
17.4254756,78.5379604,street number 17,Habsiguda x Roads,Hyderabad,Telangana
17.4268686,78.5345982,street number 17,Tarnaka Flyover;TGSRTC Hospital,Hyderabad,Telangana
17.4466441,78.470012,street number 1,Prakash Nagar,Hyderabad,Telangana
17.472797,78.5060669,street number 1,SBH Colony,Hyderabad,Telangana
17.4257146,78.5347301,street number 2,Tarnaka Flyover;TGSRTC Hospital,Hyderabad,Telangana
17.4354681,78.5014003,street number 2,Chilkalguda,Hyderabad,Telangana
17.4263715,78.5354699,street number 2,Tarnaka Flyover;TGSRTC Hospital,Hyderabad,Telangana
17.4366613,78.5013627,street number 2,Patny,Hyderabad,Telangana
17.4360991,78.5018919,street number 2,Chilkalguda,Hyderabad,Telangana
17.4573947,78.5306147,street number 4,Uttam Nagar,Hyderabad,Telangana
17.4532207,78.5112423,street number 5,Lalitha Nagar,Hyderabad,Telangana
17.4571868,78.5284401,street number 5,Uttam Nagar,Hyderabad,Telangana
17.4410607,78.461799,street number 5,Brahmanwadi,Hyderabad,Telangana
17.4408494,78.4616869,street number 6,Brahmanwadi,Hyderabad,Telangana
17.4834923,78.5027233,subash nagar road,Teachers Colony,Hyderabad,Telangana
17.4497781,78.5028436,sumati housing colony road,West Marredpally,Hyderabad,Telangana
17.5108502,78.4915833,tank road,Manjira Nagar Colony,Hyderabad,Telangana
17.4263706,78.5372742,taranka lane,Tarnaka Flyover;TGSRTC Hospital,Hyderabad,Telangana
17.5096818,78.5073611,theater rd,Reddy Enclave,Hyderabad,Telangana
17.4388189,78.4832794,venkat rao nagar colony road,Krishna Nagar Colony,Hyderabad,Telangana
17.4555353,78.4992996,vikrampuri colony,Vikrampuri,Hyderabad,Telangana
17.4464148,78.4826332,viman nagar road,Viman Nagar,Hyderabad,Telangana
17.4481148,78.4852025,viman nagar road,Viman Nagar,Hyderabad,Telangana
17.446449,78.481437,viman nagar road,Viman Nagar,Hyderabad,Telangana
17.4784706,78.523238,vivekandapuram - CDM road,Venkateshwara Colony,Hyderabad,Telangana
17.4795784,78.5517785,Water Tank Road,AS Rao Nagar,Hyderabad,Telangana
17.492915,78.4936549,yadamma nagar,Chitamma Nagar Colony,Hyderabad,Telangana
17.4885651,78.6267422,30 Wide Road,Rampally,Hyderabad,Telangana
17.4897167,78.6257729,40Wide Road,Nagaram,Hyderabad,Telangana
17.4552121,78.5680289,4th Cross Ring Road,Mangapuram Colony,Hyderabad,Telangana
17.4523743,78.588511,4th Cross Road,Nehru Nagar,Hyderabad,Telangana
17.4515009,78.5889586,4th cross Road,Nehru Nagar,Hyderabad,Telangana
17.4863882,78.6253625,60 wide Road,Rampally,Hyderabad,Telangana
17.4219601,78.5815903,9th Cross Road,Boduppal,Hyderabad,Telangana
17.4816896,78.6173535,Annapurna Colony Road,Nagaram,Hyderabad,Telangana
17.4582779,78.5671081,Ave Number 3,Laxmi Nagar,Hyderabad,Telangana
17.4162964,78.5576973,Azmath Nagar Main Road,Jaya Raghavendra Nagar,Hyderabad,Telangana
17.4628831,78.5958207,BN Reddy Nagar,BN Reddy Nagar,Hyderabad,Telangana
17.4154739,78.5930765,BheemReddy Nagar Road,East Hanuman Nagar,Hyderabad,Telangana
17.4485827,78.5964052,FCI Godown Road,Nehru Nagar,Hyderabad,Telangana
17.4970389,78.6538565,Godumakunta Farm House Road,Rampally,Hyderabad,Telangana
17.4586626,78.5660507,India Nagar main Road,Laxmi Nagar,Hyderabad,Telangana
17.4967678,78.57835,Lane number 13,Saket,Hyderabad,Telangana
17.463253,78.5736428,NFC Guest House Road,Laxmi Nagar,Hyderabad,Telangana
17.4417422,78.6381463,Pocharam Village Main Road,Pocharam,Hyderabad,Telangana
17.4891476,78.6092119,Rampally Main Road,Nagaram,Hyderabad,Telangana
17.4284749,78.6056174,Road No 2,Chengicherla,Hyderabad,Telangana
17.4285238,78.605973,Road No 3,Chengicherla,Hyderabad,Telangana
17.4523472,78.567215,Road Number 1A,Mangapuram Colony,Hyderabad,Telangana
17.4531593,78.5673633,Road Number 1c,Mangapuram Colony,Hyderabad,Telangana
17.4519143,78.5686809,Road Number 5A,NTR Nagar,Hyderabad,Telangana
17.4379395,78.5678262,Road number 2,HCL Nagar,Hyderabad,Telangana
17.4936029,78.592375,Road number 3,Sri Vasavi Siva Nagar Colony,Hyderabad,Telangana
17.4520219,78.5681261,Road number 4A,NTR Nagar,Hyderabad,Telangana
17.4527948,78.5683616,Road number 4c,Mangapuram Colony,Hyderabad,Telangana
17.4523827,78.5695893,RoadNumber 5c,NTR Nagar,Hyderabad,Telangana
17.4243805,78.5886957,SR Colony,Boduppal,Hyderabad,Telangana
17.4864222,78.5537459,Sainik Enclave Rpad,Vijayapuri,Hyderabad,Telangana
17.4858894,78.6003298,Shilp Nagar To Shivappa School Road,Nagaram,Hyderabad,Telangana
17.427814,78.6059149,Shiva Shakthi Nagar Road,Chengicherla,Hyderabad,Telangana
17.4948841,78.5981775,Sri Lakshni Nagar,Nagaram,Hyderabad,Telangana
17.4206781,78.5918386,Street No 2,Sri Lakshmi Nagar Colony,Hyderabad,Telangana
17.4190445,78.5918908,Street No 2,Sri Lakshmi Nagar Colony,Hyderabad,Telangana
17.4194832,78.5926014,Street No 4,Sri Lakshmi Nagar Colony,Hyderabad,Telangana
17.4164076,78.5931513,Street Number 10,East Hanuman Nagar,Hyderabad,Telangana
17.4875707,78.585718,Street Number 1,Sri Vasavi Siva Nagar Colony,Hyderabad,Telangana
17.4242194,78.5875099,Street Number 3,Boduppal,Hyderabad,Telangana
17.4179794,78.5922098,Street no 3,Sri Lakshmi Nagar Colony,Hyderabad,Telangana
17.4197208,78.591359,Street No 1,Sri Lakshmi Nagar Colony,Hyderabad,Telangana
17.4170678,78.556398,Visatath Enclave Lane Number 6,Jaya Raghavendra Nagar,Hyderabad,Telangana
17.4177383,78.5571733,Visatath Enclave Lane Number 7,Jaya Raghavendra Nagar,Hyderabad,Telangana
17.4178204,78.5567574,Visatath Enclave Lane Number 8,Jaya Raghavendra Nagar,Hyderabad,Telangana
17.4258639,78.6416461,Dr Colony Street,Venkatadri Township,Hyderabad,Telangana
17.4189928,78.5786936,Street Number 4,Satya Reddy Nagar Colony,Hyderabad,Telangana
17.4419545,78.572786,SV nagar,KL Reddy Nagar,Hyderabad,Telangana
17.4215429,78.5670097,Road No 6,New Hema Nagar,Hyderabad,Telangana
17.4228265,78.567169,Road No 9,Ganesh Colony,Hyderabad,Telangana
17.4206638,78.568844,Street No 5,New Hema Nagar,Hyderabad,Telangana
17.4106114,78.555729,Kalyanpuri Colony Road,Kalyan Puri,Hyderabad,Telangana
17.4356795,78.5587881,Road Number 5,Nacharam Jn,Hyderabad,Telangana
17.4514144,78.5697398,Road Number 5B,NTR Nagar,Hyderabad,Telangana
17.4187675,78.5779963,Street Number 5,Satya Reddy Nagar Colony,Hyderabad,Telangana
17.4830961,78.5794552,Shiva Sai Nagar,Shiva Sai Nagar,Hyderabad,Telangana
17.4331723,78.6061855,Chengicherla Road,Chengicherla,Hyderabad,Telangana
17.4215319,78.5730958,Boduppal Colony Road,Surya Hills,Hyderabad,Telangana
17.5011842,78.595055,Road Number 7B,Dammaiguda,Hyderabad,Telangana
17.4230115,78.5663588,Road No 8,Ganesh Colony,Hyderabad,Telangana
17.4207149,78.5672277,Street No 1,New Hema Nagar,Hyderabad,Telangana
17.5214782,78.6512152,keesara highway,Cheeriyal,Hyderabad,Telangana
17.4263364,78.5698449,Road No 2,Ganesh Colony,Hyderabad,Telangana
17.4214203,78.5662436,Road No 5,New Hema Nagar,Hyderabad,Telangana
17.4150268,78.5585847,Road No 1,Jaya Raghavendra Nagar,Hyderabad,Telangana
17.4203207,78.5690053,Road No 8,New Hema Nagar,Hyderabad,Telangana
17.4162934,78.5833162,Road No 1,East Brundavan Colony,Hyderabad,Telangana
17.4854386,78.6243604,50 Wide Road,Nagaram,Hyderabad,Telangana
17.4456873,78.5854709,Street Number 4,Chandrapuri Colony,Hyderabad,Telangana
17.4884533,78.6262131,50 Wide Road,Rampally,Hyderabad,Telangana
17.4221439,78.5666863,Road No 7,Ganesh Colony,Hyderabad,Telangana
17.423097,78.5674934,Road No 10,Ganesh Colony,Hyderabad,Telangana
17.4223337,78.573713,Gayathri Hills Road Number 2,Sai Divya Colony,Hyderabad,Telangana
17.4203556,78.5943357,sri laxmi Colony Road,Sri Lakshmi Nagar Colony,Hyderabad,Telangana
17.4191965,78.5927099,Street No 5,Sri Lakshmi Nagar Colony,Hyderabad,Telangana
17.4014528,78.5865843,Chennareddy Enclave Road,Hanuman Nagar,Hyderabad,Telangana
17.3982895,78.5955969,prashant nagar colony road,Sankar Nagar,Hyderabad,Telangana
17.3988959,78.6112566,Sai Aishwarya Colony Main Road,Parvathapuram,Hyderabad,Telangana
17.4055641,78.6264287,Nalla Malla Reddy College Road,Narepally,Hyderabad,Telangana
17.3545564,78.569443,Street number 10,South End Park,Hyderabad,Telangana
17.3399656,78.6200702,Road No 5,Kolan Shiva Reddy Nagar,Hyderabad,Telangana
17.4099843,78.6016049,1 st Cross A,Medpally,Hyderabad,Telangana
17.4015136,78.5927736,Shankar Nagar Road Numbar 3,Sankar Nagar,Hyderabad,Telangana
17.4060103,78.5852048,Geethanjali School Lane,Mallikarjuna Nagar,Hyderabad,Telangana
17.3714417,78.5538131,Road No 2,Income Tax Colony,Hyderabad,Telangana
17.3535163,78.5714717,Street number 3,South End Park,Hyderabad,Telangana
17.354614,78.5673381,Street number 14/5,Mansoorabad,Hyderabad,Telangana
17.3696052,78.5549233,Snehapuri Colony Main Road,Income Tax Colony,Hyderabad,Telangana
17.3947725,78.5897418,Sri Gayatri Residency Road,Gayatri Nagar,Hyderabad,Telangana
17.4088536,78.633378,Narapally Korremula Road,Narepally,Hyderabad,Telangana
17.4063952,78.5557654,Prajay Ashray Apts Road,Prashanth Nagar,Hyderabad,Telangana
17.4147585,78.5914612,Sri Vinayaka Nagar Colony Street-5,East Hanuman Nagar,Hyderabad,Telangana
17.3963993,78.6120015,Road No 16,Parvathapuram,Hyderabad,Telangana
17.369419,78.5634556,"Road No. 6, Sri Ganesh Nagar Colony",Sri Ganesh Nagar Colony,Hyderabad,Telangana
17.3983704,78.55464,Areksoft Technologies Road,Survey Colony,Hyderabad,Telangana
17.4069063,78.5706124,Street Number 1,Sri Sri Nagar Colony,Hyderabad,Telangana
17.3519726,78.5535499,Road No 3,RTC Colony,Hyderabad,Telangana
17.3842651,78.5580004,HMDA layout,Mamatha Nagar,Hyderabad,Telangana
17.3553159,78.569139,Street number 12,South End Park,Hyderabad,Telangana
17.3551649,78.5694307,Street number 11,South End Park,Hyderabad,Telangana
17.3546857,78.5691302,Street number 11,South End Park,Hyderabad,Telangana
17.3251049,78.5726444,Road Number 4,Gautham Nagar,Hyderabad,Telangana
17.4111915,78.6022069,Dr Lakshmi lane,Medpally,Hyderabad,Telangana
17.319696,78.5775513,Bank Colony Road,Medical & Health Colony,Hyderabad,Telangana
17.3543031,78.5674159,Street number 14/3,Mansoorabad,Hyderabad,Telangana
17.3518118,78.5518693,Street no 7A,LB Nagar,Hyderabad,Telangana
17.353747,78.5679584,Street number 14/4,South End Park,Hyderabad,Telangana
17.3969817,78.6104104,Road No 12,Parvathapuram,Hyderabad,Telangana
17.3970273,78.6100063,Road No 11,Parvathapuram,Hyderabad,Telangana
17.3160018,78.5743688,Road No 13,Akhilandeshwari Colony,Hyderabad,Telangana
17.4093679,78.5929178,"Mallikarjuna nagar,40 Feet Road",Kamala Nagar Colony,Hyderabad,Telangana
17.3111543,78.5571881,Tirumala Nagar Road,Sagar Complex,Hyderabad,Telangana
17.3270123,78.5903441,Road Number 2,Subhadra Nagar,Hyderabad,Telangana
17.4132032,78.5880938,Street Number 3,East Hanuman Nagar,Hyderabad,Telangana
17.4051666,78.6308008,Narapally Peerzadiguda Main Road,Narepally,Hyderabad,Telangana
17.3518307,78.5515747,Street No 7,LB Nagar,Hyderabad,Telangana
17.3263903,78.5874592,Shivalayam Road,NARASHIMA RAO NAGAR,Hyderabad,Telangana
17.3213313,78.615573,Road No.1,Greenwood Colony,Hyderabad,Telangana
17.3399712,78.6202319,Road No 6,Kolan Shiva Reddy Nagar,Hyderabad,Telangana
17.3187305,78.5524099,Road No 9,Visweshwaraiah colony,Hyderabad,Telangana
17.3164881,78.5649235,Road Number 9,KDR Nagar,Hyderabad,Telangana
17.4073845,78.5848643,Madhuri 6th Street,Mallikarjuna Nagar,Hyderabad,Telangana
17.3442949,78.5691324,padmavathi nagar rd,Viveka Nanda Nagar,Hyderabad,Telangana
17.4044126,78.6117655,sathyanarayana Puram Road,Medpally,Hyderabad,Telangana
17.3432759,78.6103712,swathi residency road,Sri Gayathri Nagar,Hyderabad,Telangana
17.4975236,78.3994675,Bhagyanagar Colony Ext Rd,Satavahana Nagar,Hyderabad,Telangana
17.5022946,78.3644534,"Bollaram Road, Miyapur",Madhava Nagar,Hyderabad,Telangana
17.4339246,78.3506297,Boulder Hills Road,Gachibowli,Hyderabad,Telangana
17.4633184,78.3818845,Ghousia Masjid Line,Khanmet,Hyderabad,Telangana
17.5054827,78.4021082,Green Field St,Satavahana Nagar,Hyderabad,Telangana
17.5000482,78.4056747,Jayanagar Rd,Bhagyanagar Colony,Hyderabad,Telangana
17.4185048,78.4215817,KBR Park Nature Trail,Navirman Nagar,Hyderabad,Telangana
17.5045363,78.3727098,Nadigada Tanda Trail,Nadigada Thada,Hyderabad,Telangana
17.5063595,78.3729346,Nadigada Tanda Trail,Nadigada Thada,Hyderabad,Telangana
17.4207116,78.3773889,Naga Hills Road,Madhura Nagar Colony,Hyderabad,Telangana
17.4901598,78.4158681,No 10 Rd,Shanti Nagar,Hyderabad,Telangana
17.4943604,78.4065851,No 16 Rd,Kukatpally,Hyderabad,Telangana
17.5057098,78.4013931,PVR Sri Sai Hills Main St,HMT Hills,Hyderabad,Telangana
17.5058343,78.4019301,Park St,HMT Hills,Hyderabad,Telangana
17.4939944,78.407037,RK St,Kukatpally,Hyderabad,Telangana
17.5134189,78.3821618,Rd No 2,Nizampet,Hyderabad,Telangana
17.4961229,78.4074693,Rd Number 22,AS Raju Nagar,Hyderabad,Telangana
17.495544,78.408572,Rd Number 25,AS Raju Nagar,Hyderabad,Telangana
17.4948533,78.4104807,Rd Number 31,AS Raju Nagar,Hyderabad,Telangana
17.4953236,78.410365,Rd Number 32,AS Raju Nagar,Hyderabad,Telangana
17.4915651,78.4169327,Rd Number 3,Srinivasa Nagar Colony,Hyderabad,Telangana
17.4933481,78.4121454,Rd Number 46,Vivekananda Nagar,Hyderabad,Telangana
17.4990567,78.410292,Rd Number 4,Navodaya Colony,Hyderabad,Telangana
17.49244,78.4109356,Rd Number 55,Chaitanya Nagar,Hyderabad,Telangana
17.4938516,78.4094459,Rd Number 5,AS Raju Nagar,Hyderabad,Telangana
17.4994528,78.4112329,Rd Number 6B,Navodaya Colony,Hyderabad,Telangana
17.4903882,78.4151811,Rd Number 8,Srinivasa Nagar Colony,Hyderabad,Telangana
17.4949592,78.4092752,Rd Number 8,AS Raju Nagar,Hyderabad,Telangana
17.4901496,78.4158963,Rd Number 9,Shanti Nagar,Hyderabad,Telangana
17.4396058,78.407133,Road number 27,Gayatri Hills,Hyderabad,Telangana
17.5079409,78.3812678,Setwin Colony Road,Setwinabad,Hyderabad,Telangana
17.4945363,78.4031949,Street Number 4,Kukatpally,Hyderabad,Telangana
17.5051221,78.4020594,Sunrise Valley Street,Satavahana Nagar,Hyderabad,Telangana
17.4261852,78.3445358,Wipro SEZ Parking Route,Nanakramguda,Hyderabad,Telangana
17.4852242,78.3748405,40 Feet Road,Venkata Ramana Colony,Hyderabad,Telangana
17.4971062,78.3363972,Allwyn - Gangaram Road Mumbai Highway,Sri Durga Colony,Hyderabad,Telangana
17.4612939,78.4160074,"Goods Shed Road, Moosapet",Rana Pratap Nagar,Hyderabad,Telangana
17.4338126,78.3505941,Boulder Hills Road,Gachibowli,Hyderabad,Telangana
17.4941793,78.3473441,Road Number 1,Mythrinagar,Hyderabad,Telangana
17.493059,78.4059037,A S Raju Nagar Rd,Kukatpally,Hyderabad,Telangana
17.4610173,78.3950334,allapur road,Parvatha Nagar,Hyderabad,Telangana
17.4838024,78.4211741,High Tension Road,Sangeet Nagar,Hyderabad,Telangana
17.4486511,78.3918428,Road Number 10,Ayyappa Society Colony,Hyderabad,Telangana
17.4940798,78.402906,Usha Mullapudi Rd,Kukatpally,Hyderabad,Telangana
17.493795,78.3458119,Venkateswara Temple Road,Mythrinagar,Hyderabad,Telangana
17.498226,78.3840388,Road Number 14,Satyanarayanaswamy Nagar,Hyderabad,Telangana
17.5127474,78.3601486,TGSRTC Miyapur - 2 Bus Depot Inner Road,CG Employees Colony,Hyderabad,Telangana
17.4932388,78.3488889,Lane Number 1,Allwyn Colony,Hyderabad,Telangana
17.4464299,78.3701244,Phoenix Avance Sez Internal road,Studiorigin - Interior Designer in Hyderabad,Hyderabad,Telangana
17.4304067,78.3707076,"17, Jayabheri Pine Valley (Lane Adjacent to Care hospital),Gachibowli, Jayabheri Pine Valley, Gachibowli, Hyderabad, Telangana 500032",Telecom Nagar,Hyderabad,Telangana
17.5054715,78.3300822,Aparna Hill Park Approach road,Madhavapuri Colony,Hyderabad,Telangana
17.5055423,78.3271496,Aparna Hillpark Road,Sri Satya Enclave,Hyderabad,Telangana
17.4421659,78.4385807,Church road,Vengal Rao Nagar,Hyderabad,Telangana
17.4826336,78.4272696,Prashanti Nagar Industrial Road,Prashanti Nagar,Hyderabad,Telangana
17.4205751,78.3324732,Brigade Towers Driveway,Nanakramguda,Hyderabad,Telangana
17.5060753,78.4093196,Lavkush Road,Gandhi Statue;Yellamma Banda,Hyderabad,Telangana
17.4205103,78.4017795,Road No 9,Prashasan Nagar,Hyderabad,Telangana
17.5073985,78.416076,Road Number 6,Allwyn Colony,Hyderabad,Telangana
17.4919624,78.4413541,Badi Masjid Road,Giri Nagar,Hyderabad,Telangana
17.4305034,78.4110127,Islamic Centre lane,Jubilee Hills,Hyderabad,Telangana
17.4508214,78.3691545,Cross Street 1,Whitefields,Hyderabad,Telangana
17.4687156,78.356341,High-Tension Line Road,Raja Rajeshwari Nagar,Hyderabad,Telangana
17.4962456,78.3806157,cbcid colony main road,APHB Colony,Hyderabad,Telangana
17.4590782,78.3998044,Road No 6,Parvatha Nagar,Hyderabad,Telangana
17.4208297,78.4010923,Road No 22,Prashasan Nagar,Hyderabad,Telangana
17.4682879,78.369716,3rd st,Izzat Nagar,Hyderabad,Telangana
17.4847378,78.3496706,Nanne Estate Road,Vishal Nagar,Hyderabad,Telangana
17.5017663,78.3933399,Street Number 10,Samatha Nagar,Hyderabad,Telangana
17.4908814,78.4099937,Shrija Road,Chaitanya Nagar,Hyderabad,Telangana
17.5082421,78.416486,Tulasi Nagar Road,Allwyn Colony,Hyderabad,Telangana
17.4853671,78.3705316,Srila Park Link Road,Aditya Nagar,Hyderabad,Telangana
17.4476667,78.3787935,Street Number 2,HITEC City,Hyderabad,Telangana
17.4690211,78.4268352,"Maruthi Nagar, Moosapet",Sardar Patel Nagar,Hyderabad,Telangana
17.4912656,78.3564554,Bhanu Township Rd,Janapriya Nagar,Hyderabad,Telangana
17.4928125,78.4043132,NTR Nagar Road,Kukatpally,Hyderabad,Telangana
17.4982253,78.3897417,Sardar Patel Nagar Road,Vasantha Nagar,Hyderabad,Telangana
17.4829218,78.4151717,Bjp road,Sangeet Nagar,Hyderabad,Telangana
17.4405479,78.3649957,Hussaini road,J V Colony,Hyderabad,Telangana
17.4652041,78.3520295,Phillu Street,Gouthami Colony,Hyderabad,Telangana
17.4480096,78.3944423,Road Number 51,Ayyappa Society Colony,Hyderabad,Telangana
17.4841509,78.4116087,Balaji Nagar Main Road,Balaji Nagar,Hyderabad,Telangana
17.4684568,78.4393335,SVCIE Phase 3 Road,Bhavani Nagar,Hyderabad,Telangana
17.4889384,78.4101628,3rd Road,Chaitanya Nagar,Hyderabad,Telangana
17.4216651,78.4033065,Road No 5,Prashasan Nagar,Hyderabad,Telangana
17.4212999,78.3919608,Road Number 52,BN Reddy Colony,Hyderabad,Telangana
17.4872611,78.3967635,Road Number 3,Phase 3,Hyderabad,Telangana
17.4551491,78.3300075,Science Complex Road,Sudarshan Nagar Colony,Hyderabad,Telangana
17.495653,78.3882072,Sardar Patel Nagar Road,Vasanth Nagar,Hyderabad,Telangana
17.478358,78.4244943,Street Number 3,Prashanti Nagar,Hyderabad,Telangana
17.4577027,78.3488127,Street 30,Sriram Nagar,Hyderabad,Telangana
17.4521412,78.3986973,Anjana Hills road,Guttala Begumpet,Hyderabad,Telangana
17.4767085,78.3943055,KPHB 6th Phase Road,Phase 7,Hyderabad,Telangana
17.4260088,78.4115324,Road number 66,Jubilee Hills,Hyderabad,Telangana
17.4359538,78.4053524,Road No. 22,Jubilee Hills,Hyderabad,Telangana
17.4575279,78.3425187,pVR road,Masjid Banda,Hyderabad,Telangana
17.4404528,78.4133474,Road Numbaer 10 C,Gayatri Hills,Hyderabad,Telangana
17.4605095,78.3637749,Kothaguda Village Road,Kothaguda,Hyderabad,Telangana
17.4594517,78.3650241,Kothaguda Village Road,Kothaguda,Hyderabad,Telangana
17.4976931,78.3894604,Sardar Patel Nagar Road,Vasantha Nagar,Hyderabad,Telangana
17.4587804,78.3309977,HCU Main Road (University of Hyderabad),Sudarshan Nagar Colony,Hyderabad,Telangana
17.4222065,78.4074907,Road Number 70,Journalist Colony,Hyderabad,Telangana
17.4447165,78.3882009,Madhapur Flyover Link,Vittal Rao Nagar,Hyderabad,Telangana
17.4253615,78.3324912,Donald Trump Avenue,Nanakramguda,Hyderabad,Telangana
17.4918192,78.4349208,Street Number 5,Giri Nagar,Hyderabad,Telangana
17.4898197,78.4089695,Road Number 2,Chaitanya Nagar,Hyderabad,Telangana
17.4674466,78.4297779,HP Road,Bharath Nagar,Hyderabad,Telangana
17.4793167,78.3926951,vamsi nivas road,Phase 5,Hyderabad,Telangana
17.302959,78.5154375,Road number 3.,Sai Balaji Homes Phase-I,Hyderabad,Telangana
17.3010306,78.5497709,Tirumala Nagar Road,New Tirumala Nagar,Hyderabad,Telangana
17.302945,78.54786,Shivaji Marg,Sri Hills Colony,Hyderabad,Telangana
17.3047167,78.5279598,Road No 4,Sai Township,Hyderabad,Telangana
17.3027548,78.5300148,Road No 7,Venkateshwara Colony,Hyderabad,Telangana
17.2934675,78.4500756,Airport Road,Madhuban Colony,Hyderabad,Telangana
17.3050599,78.4384314,Temple Road,Katedan,Hyderabad,Telangana
17.4118081,78.5195932,Adikmet rd,Lalitha Nagar,Hyderabad,Telangana
17.3753126,78.4777432,Afjal Gun,Afzalgunj,Hyderabad,Telangana
17.3844337,78.475999,Ahmed Street,Jambagh,Hyderabad,Telangana
17.3955669,78.4467253,Akber Rd,Venkatadri Colony,Hyderabad,Telangana
17.3116915,78.519699,Annapurna nagar rd no.1,Lokayukta Colony,Hyderabad,Telangana
17.405854,78.4889696,Ashok Nagar Chowrastha Rd,Ashok Nagar,Hyderabad,Telangana
17.3501563,78.4912562,Ashok Nagar Rd,Edi Bazaar,Hyderabad,Telangana
17.3510194,78.4917446,Bader Colony,Edi Bazaar,Hyderabad,Telangana
17.3799337,78.4998664,Baha Street,Old Malakpet,Hyderabad,Telangana
17.3126964,78.4682783,Bandlaguda Rd,Bandlaguda,Hyderabad,Telangana
17.4072754,78.4432974,Banjar Saman Rd,Bhola Nagar,Hyderabad,Telangana
17.3904279,78.5261826,Bapunagar Road,Chenna Reddy Nagar,Hyderabad,Telangana
17.3171222,78.4820504,Barkas Market Road,Maheshwaram Lines,Hyderabad,Telangana
17.3987781,78.4834846,CDR Hospital Lane,Hyderguda,Hyderabad,Telangana
17.3708023,78.459057,Dawalji Road,Dhoolpet,Hyderabad,Telangana
17.4033131,78.4405322,Defence Area Rd,Ahmed Nagar,Hyderabad,Telangana
17.325115,78.4963852,Defence Ln,Hafiz Baba Nagar,Hyderabad,Telangana
17.3830342,78.4886715,Esamia Bazar Rd,Esamia Bazaar,Hyderabad,Telangana
17.3830081,78.4697526,Goshamahal Street No. 1,Goshamahal,Hyderabad,Telangana
17.3776521,78.4703842,Goshamahal,Goshamahal,Hyderabad,Telangana
17.4094719,78.5063084,Hari nagar main rd,Ramnagar X Roads,Hyderabad,Telangana
17.3664623,78.4711868,Hazarimal Galli,Riqab Gunj,Hyderabad,Telangana
17.408925,78.5446808,Himmavti apartments rd,VV Nagar,Hyderabad,Telangana
17.3921339,78.444884,Indo American School Road,Syed Ali Guda,Hyderabad,Telangana
17.3425408,78.4655698,Ismail St,Char Chaman,Hyderabad,Telangana
17.3743934,78.4552855,Jai Hanuman Rd,Bangladeshi Colony,Hyderabad,Telangana
17.3828115,78.4757952,Jambaug 7th St,Jambagh,Hyderabad,Telangana
17.3822809,78.4756056,Jambaug 8th St,Jambagh,Hyderabad,Telangana
17.3817933,78.4757683,Jambaug 9th St,Jambagh,Hyderabad,Telangana
17.3850755,78.4801873,Jambagh 1st St,Troop Bazaar,Hyderabad,Telangana
17.3726386,78.4999415,Jamia Masjid Lane,Malakpet,Hyderabad,Telangana
17.3619986,78.4870372,Jhanda Gali,Patthar Kaman,Hyderabad,Telangana
17.4064422,78.4422066,Kahaf Masjid St,Bhola Nagar,Hyderabad,Telangana
17.4105317,78.4606093,Kammari Krishna St,Khairatabad,Hyderabad,Telangana
17.4098868,78.4592326,Kammari Krishna St,Chintal Basti,Hyderabad,Telangana
17.344968,78.4793934,Kandikal Gate Rd,Gowlipura,Hyderabad,Telangana
17.3606748,78.480069,Kota Alijah Rd,Alijah Kotla,Hyderabad,Telangana
17.3665167,78.4797703,Kuch Naseem,Purani Haveli,Hyderabad,Telangana
17.4014977,78.5164944,MDR 58,DD Colony,Hyderabad,Telangana
17.4044442,78.4627854,Madina Masjid Road,Lakdi-ka-pul,Hyderabad,Telangana
17.3275667,78.4902152,Maqboll Kunta Rd,Hafiz Baba Nagar,Hyderabad,Telangana
17.3735327,78.4424575,Marati Basti Rd,Karwan Sahu,Hyderabad,Telangana
17.3737031,78.4422192,Marati Basti Rd,Karwan Sahu,Hyderabad,Telangana
17.4072223,78.4434906,Maya Kunj,Bhola Nagar,Hyderabad,Telangana
17.407302,78.4720443,Medicity Hospital Rad,Adarsh Nagar,Hyderabad,Telangana
17.3799957,78.500091,Mohammadi St,Old Malakpet,Hyderabad,Telangana
17.3538816,78.4639993,Moinpura Road,Fateh Darwaza,Hyderabad,Telangana
17.3887094,78.4868804,Moti Singh Ln,Badi Chowdi,Hyderabad,Telangana
17.3886136,78.4860541,Moti Singh Ln,Sultan Bazar,Hyderabad,Telangana
17.4058163,78.5125355,Muslim ln,Adikmet Jn,Hyderabad,Telangana
17.3753,78.5116815,NULLMunicipal park Road,Sri Nagar Colony,Hyderabad,Telangana
17.4082041,78.4833405,Northeast Home Road,Domalguda,Hyderabad,Telangana
17.3409088,78.4606992,Nawab Sahab Kunta Rd,Jahanuma,Hyderabad,Telangana
17.4055822,78.4748766,New MLA Quarters Road,Liberty Jn,Hyderabad,Telangana
17.3789232,78.473523,Nizam Shahi Rd,Feelkhana,Hyderabad,Telangana
17.3733523,78.4852317,Noor Ul Umra Rd,Noorkhan Bazaar,Hyderabad,Telangana
17.4053309,78.4605408,P & T Officers Colony Road,Lakdi-ka-pul,Hyderabad,Telangana
17.3721559,78.501448,paltan road no 5,Officers Colony,Hyderabad,Telangana
17.3982518,78.4622044,Palton Masjid Ln,Red Hills,Hyderabad,Telangana
17.3701218,78.4418549,Panchbai Alwa,Karwan Sahu,Hyderabad,Telangana
17.389199,78.457351,Pasha Rd,Habeeb Nagar,Hyderabad,Telangana
17.3818218,78.4715777,Police Quarters Road,Goshamahal,Hyderabad,Telangana
17.3818599,78.47099,Police Quarters Rd,Goshamahal,Hyderabad,Telangana
17.3766917,78.5491798,RBI colony rd,Samathapura Colony,Hyderabad,Telangana
17.362965,78.5431051,RK puram main rd,Margadarsi Colony,Hyderabad,Telangana
17.3900446,78.4857243,Ramkote Rd,Ramkote,Hyderabad,Telangana
17.3659698,78.4736213,Rikab Gung RD,Riqab Gunj,Hyderabad,Telangana
17.312526,78.5105741,Sai nagar colony main rd,Subhodaya Nagar,Hyderabad,Telangana
17.3819222,78.4728425,Seena Bakery Ln,Feelkhana,Hyderabad,Telangana
17.3989648,78.4578643,Shanti Nagar Rd,AC Guards,Hyderabad,Telangana
17.341728,78.4716253,Sharda School Rd,Sriram Nagar,Hyderabad,Telangana
17.3542624,78.4609402,Street 1,Doodhbowli,Hyderabad,Telangana
17.403647,78.486768,Street No. 8,Himayat Nagar,Hyderabad,Telangana
17.4056441,78.4786886,Street No.2,Basheer Bagh,Hyderabad,Telangana
17.3793616,78.5009758,Street no. 12,Old Malakpet,Hyderabad,Telangana
17.3849862,78.4797235,Syed Jung Ln - UTI Bank Jambagh Road,Troop Bazaar,Hyderabad,Telangana
17.3807073,78.471031,Troop Bazar Rd,Goshamahal,Hyderabad,Telangana
17.4001763,78.4835198,Urdu Gali,Hyderguda,Hyderabad,Telangana
17.3609196,78.4953285,Yakutpura Chavni,Chawni,Hyderabad,Telangana
17.3558774,78.4907173,Yakutpura Road,Zohra Bee Colony,Hyderabad,Telangana
17.3689449,78.498143,Zaheer Arifi Rd,Chanchalguda,Hyderabad,Telangana
17.3948256,78.4964616,barkat pura 9 st,Barkatpura,Hyderabad,Telangana
17.3495465,78.499622,crida,Jawahar Nagar Colony,Hyderabad,Telangana
17.3496683,78.5005471,crida,Jawahar Nagar Colony,Hyderabad,Telangana
17.3770811,78.5045473,friends colony st,MCH Colony,Hyderabad,Telangana
17.4073344,78.5461584,genpact shortcut,VV Nagar,Hyderabad,Telangana
17.3655754,78.486374,Alawa Bibi road,Maidan,Hyderabad,Telangana
17.4067571,78.502564,VST Bus Depot Road,VST X Roads,Hyderabad,Telangana
17.310521,78.5011287,Temple Road,Balapur,Hyderabad,Telangana
17.4091823,78.4848422,Kuchipudi Art Academy Road,Domalguda,Hyderabad,Telangana
17.3626918,78.4447393,Omer Masjid road,Asad Baba Nagar,Hyderabad,Telangana
17.316017,78.5424036,Road No 4,Shiva Hills,Hyderabad,Telangana
17.3454343,78.5172679,Bramarambika Devi Temple,Champapet,Hyderabad,Telangana
17.4117929,78.4982167,Srinivas Nagar Colony Road,Bank of Baroda Colony,Hyderabad,Telangana
17.367281,78.5228781,venkatadri teatre road,Madhurapuri,Hyderabad,Telangana
17.3985199,78.5411934,pragathinagar,Pragati Nagar,Hyderabad,Telangana
17.3933794,78.4657298,Quba Masjid Street,Nampally,Hyderabad,Telangana
17.3563835,78.5376686,Road Number 14,Pochammabagh,Hyderabad,Telangana
17.3593017,78.4968126,Gali No 4,Madannapet,Hyderabad,Telangana
17.4071939,78.4903424,Ashok Nagar 9 St,Ashok Nagar,Hyderabad,Telangana
17.377195,78.5378101,Number 55/A,New Maruti Nagar,Hyderabad,Telangana
17.3767237,78.5509659,Road NO 6,Samathapura Colony,Hyderabad,Telangana
17.3971301,78.5410262,Street 5,Nehru Nagar,Hyderabad,Telangana
17.3962189,78.4458747,akbar road,Humayun Nagar,Hyderabad,Telangana
17.3233561,78.4875316,Barkas Cemetry lane,Maqbool Nagar,Hyderabad,Telangana
17.3110861,78.5367278,rd no.3,BSR Nagar,Hyderabad,Telangana
17.4092623,78.45078,Maheshwari Towers Road,Sri Ram Nagar Colony,Hyderabad,Telangana
17.3711635,78.5165593,Residential Road,Moosarambagh,Hyderabad,Telangana
17.362106,78.4845772,Dabeerpura Nala road,Patthar Kaman,Hyderabad,Telangana
17.3941107,78.507272,Shivalayam Temple Ln,Tilak Nagar,Hyderabad,Telangana
17.3745782,78.4968205,Rd Number 4,Kala Daira,Hyderabad,Telangana
17.3948041,78.4526667,Asif Nagar Main Road,Indira Nagar,Hyderabad,Telangana
17.3983978,78.4862871,Street Number 7,Narayanguda,Hyderabad,Telangana
17.3971843,78.5070051,brahman hostel ln,Nallakunta,Hyderabad,Telangana
17.3885164,78.5121515,Residential road,Qadri Bagh,Hyderabad,Telangana
17.3678848,78.5297506,vv nagar rd,Durga Nagar,Hyderabad,Telangana
17.3979379,78.4444065,Jama Masjid road,Humayun Nagar,Hyderabad,Telangana
17.4070228,78.5176989,ECE Department Rd,DD Colony,Hyderabad,Telangana
17.3109101,78.5001586,Temple Road,Balapur,Hyderabad,Telangana
17.3714504,78.5320619,chaitanya puri main road,MCH Colony,Hyderabad,Telangana
17.382157,78.4786615,Poosal Basti Road,Jambagh,Hyderabad,Telangana
17.3163717,78.4838517,Barkas Market Rd,Maheshwaram Lines,Hyderabad,Telangana
17.4089274,78.5055418,Street Number 5,Ramnagar X Roads,Hyderabad,Telangana
17.3899776,78.4414369,Hill colony Rd,Murad Nagar,Hyderabad,Telangana
17.3485232,78.525885,road number 5,Green Park Colony,Hyderabad,Telangana
17.3924999,78.4899133,Police Quarters Rd,Lingampally,Hyderabad,Telangana
17.3975,78.4582697,Battery Lane,AC Guards,Hyderabad,Telangana
17.392639,78.4449503,Sriram Nagar Colony road,Venkatadri Colony,Hyderabad,Telangana
17.3685514,78.5331434,Orchid Hospital Road,Chaitanyapuri,Hyderabad,Telangana
17.4090259,78.4553535,City Center,Chintal Basti,Hyderabad,Telangana
17.3114836,78.4489449,Airport Road,Durga Nagar,Hyderabad,Telangana
17.3923993,78.4441324,Katha Road,Murad Nagar,Hyderabad,Telangana
17.4097942,78.506228,Street Number 5,Ramnagar X Roads,Hyderabad,Telangana
17.362541,78.4846199,Dabeerpura Nala road,Patthar Kaman,Hyderabad,Telangana
17.3129133,78.4973386,rci road,Nakshatra Villas,Hyderabad,Telangana
17.3669772,78.4847854,Dabeerpura Nala road,Dabeerpura,Hyderabad,Telangana
17.3145585,78.4487025,Airport Road,Vinayak Nagar,Hyderabad,Telangana
17.3737443,78.44804,Tappachabutra road,Joshi Wadi,Hyderabad,Telangana
17.3986676,78.4530982,Zafar Marg,Vijay Nagar Colony,Hyderabad,Telangana
17.4077714,78.51841,NERTU Road,DD Colony,Hyderabad,Telangana
17.3105716,78.4999156,Balapur Village Road,Balapur,Hyderabad,Telangana
17.3902265,78.4835016,Wesely Church Road,Boggulakunta,Hyderabad,Telangana
17.3167672,78.4828268,Barkas Market Road,Maheshwaram Lines,Hyderabad,Telangana
17.3969207,78.4948486,lingampally lane 1,Bagh Lingampally,Hyderabad,Telangana
17.3788194,78.5502051,mohan nagar,Samathapura Colony,Hyderabad,Telangana
17.4137869,78.5399825,nadimpalli seetarama raju st,Kakatiya Nagar,Hyderabad,Telangana
17.3134877,78.4967555,Nakshatra Vilas Road,Nakshatra Villas,Hyderabad,Telangana
17.3949951,78.4969428,raghavendra swamy temple rd,Barkatpura,Hyderabad,Telangana
17.3765235,78.4944679,Railway Station Lane,Kala Daira,Hyderabad,Telangana
17.3592434,78.5470016,rd no.4/E,Dwarkapuri,Hyderabad,Telangana
17.3608487,78.5451628,rd no.4,Dwarkapuri,Hyderabad,Telangana
17.3683881,78.5431593,street no.17,Laxmi Nagar Colony,Hyderabad,Telangana
17.4119172,78.5495919,Uppal Road,Brindavan Colony,Hyderabad,Telangana
17.3679573,78.5433882,vijayapuri colony rd,Laxmi Nagar Colony,Hyderabad,Telangana
17.5488638,78.3304615,IDA bollaram road,Shanthi Sri Nagar,Hyderabad,Telangana
17.5483008,78.3675983,SRR pride road,Bachupally,Hyderabad,Telangana
17.5482432,78.3636571,aparna paradise road,Bachupally,Hyderabad,Telangana
17.5400878,78.3629709,bachupally village road,Bachupally,Hyderabad,Telangana
17.5551793,78.3499949,bollaramm village road,Bollaram,Hyderabad,Telangana
17.5372662,78.4351287,sai baba nagar,Sivalaya Nagar Colony,Hyderabad,Telangana
17.5399983,78.4357648,Suraram Market Road,Sivalaya Nagar Colony,Hyderabad,Telangana
17.5368974,78.3920812,Anand Naidu Road,Anand Naidu Nagar,Hyderabad,Telangana
17.5365641,78.3920313,Anand Naidu Road,Anand Naidu Nagar,Hyderabad,Telangana
17.5331766,78.3868775,KNR Green Valley Road,Sai Nagar,Hyderabad,Telangana
17.5391067,78.393299,Anand Naidu Road,Anand Naidu Nagar,Hyderabad,Telangana
17.5367273,78.3928866,Anand Naidu Road,Anand Naidu Nagar,Hyderabad,Telangana
17.5333144,78.392567,Sarojini devi road,NRI Colony,Hyderabad,Telangana
17.5396352,78.3932103,Anand Naidu Road,Anand Naidu Nagar,Hyderabad,Telangana
17.5366128,78.3933375,Anand Naidu Road,Anand Naidu Nagar,Hyderabad,Telangana
17.5361652,78.3925406,Sri ranga Ln,Anand Naidu Nagar,Hyderabad,Telangana
17.5369415,78.3932918,Anand Naidu Road,Anand Naidu Nagar,Hyderabad,Telangana
17.5251889,78.3817112,KNR Green Valley Road,Rajiv Gruhakalpa Colony,Hyderabad,Telangana
17.5392122,78.3929886,Anand Naidu Road,Anand Naidu Nagar,Hyderabad,Telangana
17.5388694,78.392669,Anand Naidu Road,Anand Naidu Nagar,Hyderabad,Telangana
17.5386644,78.3928594,Anand Naidu Road,Anand Naidu Nagar,Hyderabad,Telangana
17.5376965,78.3929088,Anand Naidu Road,Anand Naidu Nagar,Hyderabad,Telangana
17.575656,78.389694,Service Road,Bowrampet,Hyderabad,Telangana
17.5559682,78.3869428,lahari green park road,Laxmi Nagar',Hyderabad,Telangana
17.5276872,78.4230552,lotus edifices road,Gajularamaram,Hyderabad,Telangana
17.5286454,78.4230478,lotus edifices road,Gajularamaram,Hyderabad,Telangana
17.5376643,78.36354,sri manvita KP reddy enclave road,Bachupally,Hyderabad,Telangana
17.2741684,78.5840498,13th Cross Road,Vintage Homes,Hyderabad,Telangana
17.2748634,78.5833985,14th Cross Road,Vintage Homes,Hyderabad,Telangana
17.2924095,78.5639745,Gurram Guda Road,Sri Sai Balaji Homes,Hyderabad,Telangana
17.2900701,78.5883433,Laxmi Nagar Colony Road,Injapur,Hyderabad,Telangana
17.2893362,78.590884,Nagasai-shivalayam Road,Injapur,Hyderabad,Telangana
17.2880721,78.5900838,Street Number 1,Injapur,Hyderabad,Telangana
17.2879934,78.5898868,Street Number 2,Injapur,Hyderabad,Telangana
17.288023,78.5896805,Street Number 3,Injapur,Hyderabad,Telangana
17.2880264,78.5892477,Street Number 5,Injapur,Hyderabad,Telangana
17.2881552,78.5886301,Street Number 8,Injapur,Hyderabad,Telangana
17.2974226,78.6109261,Surya Nagar Main Road,Munaganur,Hyderabad,Telangana
17.3067747,78.55347,Tirumala Nagar Road,Tirumala Nagar,Hyderabad,Telangana
17.2854516,78.5696102,Turka Yamjal Road,Aditya Nagar,Hyderabad,Telangana
17.2878448,78.6206068,Venture road,Munaganur,Hyderabad,Telangana
17.2751378,78.5968474,KAMMAGUDA RD,Injapur,Hyderabad,Telangana
17.2789275,78.5734986,Turka Yamjal Road,Vintage Homes,Hyderabad,Telangana
17.2881661,78.5888374,street number 7,Injapur,Hyderabad,Telangana
17.5578827,78.5051129,Little England Layout Mainroad,Turkapalli,Hyderabad,Telangana
17.5462971,78.5355557,TGSRTC Hakeempeta Bus Depit Inner Road,Singayapalli,Hyderabad,Telangana
17.4964376,78.5148219,Rudra Road,Lothkunta,Hyderabad,Telangana
17.4993413,78.5171438,Rudra Road,Saraswati Nagar,Hyderabad,Telangana
17.4128043,78.4148371,Road Number 6,Navirman Nagar,Hyderabad,Telangana
17.5173857,78.3982692,Baptist Church Street,Pragathi Nagar,Hyderabad,Telangana
17.5132971,78.3933398,Lake View Colony Road,Lake View Colony,Hyderabad,Telangana
17.513367,78.394269,Lake View Colony Road,Lake View Colony,Hyderabad,Telangana
17.522837,78.3947602,Dollar Hills Road,Pragathi Nagar,Hyderabad,Telangana
17.3960097,78.4300285,Golkonda Road,Rethibowli,Hyderabad,Telangana
17.4024512,78.4108987,Old Bombay Highway,Tolichowki,Hyderabad,Telangana
17.4055177,78.405021,Old Bombay Road,Aziz Bagh,Hyderabad,Telangana
17.4779378,78.5294621,R K Puram Flyover,Santosh Nagar,Hyderabad,Telangana
17.498896,78.3852259,Nizampet - Miyapur Road Mumbai Highway,Satyanarayanaswamy Nagar,Hyderabad,Telangana
17.506903,78.4379651,Jagathgiri Gutta,Srinivas Nagar,Hyderabad,Telangana
17.4841614,78.4139979,kukatpally road,Ramayya Nagar,Hyderabad,Telangana
17.493735,78.3755352,Srila Park Pride Road,Bhagat Singh Nagar,Hyderabad,Telangana
17.5062752,78.3949777,Road No 2,Aditya Nagar,Hyderabad,Telangana
17.4921763,78.4340959,Street Number 5,Giri Nagar,Hyderabad,Telangana
17.4458693,78.5200615,Addagutta,Subash Nagar,Hyderabad,Telangana
17.4439538,78.5171839,Tukaram Gate Main Road,Nandanar Nagar,Hyderabad,Telangana
17.4094083,78.4023851,Old Bombay Highway to Jubliee Hills Road,Shaikpet,Hyderabad,Telangana
17.4464032,78.4759599,Rasoolpura slum,Rasoolpura,Hyderabad,Telangana
17.4476453,78.4777322,Rasool Pura road,Rasoolpura,Hyderabad,Telangana
17.3715031,78.5268066,road number 3a,Durga Nagar,Hyderabad,Telangana
17.3740097,78.4868551,sultanpura rd 1,Kali Khabr,Hyderabad,Telangana
17.3740151,78.4880037,sultanpura rd 2,Kali Khabr,Hyderabad,Telangana
17.4619567,78.3643981,Kothaguda Village Road,Kothaguda,Hyderabad,Telangana
17.4453671,78.4777704,Rasool Pura road,Rasoolpura,Hyderabad,Telangana
17.4611564,78.3629236,Kothaguda Village Road,Kothaguda,Hyderabad,Telangana
17.3691877,78.3893147,Gandhamguda road,Gandhamguda,Hyderabad,Telangana
17.2822638,78.4524532,Airport Road,Jalapally,Hyderabad,Telangana
17.4661109,78.4572951,Vinayak Nagar Balanagar Road,Vinayak Nagar,Hyderabad,Telangana
17.3407485,78.4612118,Nawab Sahab Kunta Rd,Jahanuma,Hyderabad,Telangana
17.3406003,78.4617064,Nawab Sahab Kunta Rd,Jahanuma,Hyderabad,Telangana
17.5063421,78.502151,temple alwal road,Old Alwal,Hyderabad,Telangana
17.3233654,78.4879524,Barkas Cemetry lane,Maqbool Nagar,Hyderabad,Telangana
17.3125598,78.5205106,Udyog nagar main road,Udyog Nagar,Hyderabad,Telangana
17.3443896,78.5523033,Lalitha Nagar North Colony Street No 3,Bhoolaxmi Colony,Hyderabad,Telangana
17.403299,78.380562,Manikonda Village,Secretariat Employees Colony,Hyderabad,Telangana
17.4010043,78.6007125,Road Number 1,Parwathi Nagar,Hyderabad,Telangana
17.3960829,78.4643912,Red Hills Road,Red Hills,Hyderabad,Telangana
17.4327102,78.6034117,Chengicherla Road,Chengicherla,Hyderabad,Telangana
17.3582757,78.4445248,Allah Masjid road,Kishan Bagh,Hyderabad,Telangana
17.3820012,78.4760231,Jambaug 9th St,Jambagh,Hyderabad,Telangana
17.386722,78.5221554,Hanuman Temple Road,Police Colony,Hyderabad,Telangana
17.3861751,78.5218655,Hanuman Temple Road,Police Colony,Hyderabad,Telangana
17.3848725,78.5256048,Patel Nagar Road,Venkatareddy Nagar,Hyderabad,Telangana
17.4405785,78.4539264,Leela Nagar Road,Uma Nagar,Hyderabad,Telangana
17.3538943,78.5696116,Street number 9,South End Park,Hyderabad,Telangana
17.3644766,78.391025,Hydershakote village road,Hydershakote,Hyderabad,Telangana
17.4472288,78.484293,viman nagar road,Viman Nagar,Hyderabad,Telangana
17.3059773,78.5166441,Balapur - Badangpet Road,Gayatri Hills,Hyderabad,Telangana
17.5015377,78.5234799,Hislop Road,Saraswati Nagar,Hyderabad,Telangana
17.2743442,78.5763625,Turka Yamjal Road,Vintage Homes,Hyderabad,Telangana
17.4042251,78.4622455,FAPCCI Marg,Lakdi-ka-pul,Hyderabad,Telangana
17.4033033,78.4627938,FAPCCI Marg,Saifabad,Hyderabad,Telangana
17.4029995,78.4630944,FTAPCCI Marg,Saifabad,Hyderabad,Telangana
17.4125059,78.4618392,khairtabad market road,Khairatabad,Hyderabad,Telangana
17.3037145,78.4239114,Inner Ring Road Underpass,Sri Rama Nagar,Hyderabad,Telangana
17.3104061,78.436091,Inner Ring Road,Telangana NGOs Colony,Hyderabad,Telangana
17.3029817,78.4222934,Inner Ring Road Underpass,Sri Rama Nagar,Hyderabad,Telangana
17.3035518,78.4238605,Inner Ring Road Underpass,Sri Rama Nagar,Hyderabad,Telangana
17.3599752,78.4728113,Makbara Shahi,Moghalpura,Hyderabad,Telangana
17.3609929,78.4730562,Makbara Shahi,Moghalpura,Hyderabad,Telangana
17.3604883,78.4728173,Makbara Shahi,Moghalpura,Hyderabad,Telangana
17.4052304,78.5069796,Achyuta Reddy Marg,Azamabad X Roads,Hyderabad,Telangana
17.4052128,78.5070505,Achyuta Reddy Marg,Azamabad X Roads,Hyderabad,Telangana
17.3660314,78.4755042,Pathergatti Road,Patthergatti,Hyderabad,Telangana
17.3643922,78.4752194,uppuguda,Patthergatti,Hyderabad,Telangana
17.367999,78.4851689,Dabeerpura Road,Dabeerpura,Hyderabad,Telangana
17.3676355,78.4865107,Dabeerpura Road,Dabeerpura,Hyderabad,Telangana
17.3714748,78.4643385,Churi Bazaar Road,Chudi Bazaar,Hyderabad,Telangana
17.3746728,78.4718715,Churi Bazaar Road,Begum Bazaar,Hyderabad,Telangana
17.3575717,78.4492088,Zoo Park Main Road,Kundetiguda,Hyderabad,Telangana
17.3570075,78.4515174,Zoo Park Main Road,Bahadurpura,Hyderabad,Telangana
17.4132076,78.5826424,Central Main Road,Hanuman Nagar Colony,Hyderabad,Telangana
17.373961,78.5436232,kothapet village,Vijayapuri Colony,Hyderabad,Telangana
17.2816744,78.6477847,Underpass,Surya Vamshi Garden City,Hyderabad,Telangana
17.434093,78.3346136,Goldcrest School road,Gowlidoddi,Hyderabad,Telangana
17.4594282,78.5319745,Uttam Nagar Road,Chanakyapuri,Hyderabad,Telangana
17.4976888,78.4205702,Kukatpally-Jagathgiri Gutta Road,Madhavaram Colony,Hyderabad,Telangana
17.4985092,78.4224893,Kukatpally-Jagathgiri Gutta Road,Anjaih Nagar,Hyderabad,Telangana
17.441447,78.4787781,Minister's Road,Sindhi Colony,Hyderabad,Telangana
17.4342454,78.4798897,Necklace Road,Bapu Bagh Colony,Hyderabad,Telangana
17.4328907,78.4840334,Necklace Road,Jawahar Nagar Colony,Hyderabad,Telangana
17.4336863,78.4818084,Necklace Road,Krishna Nagar Colony,Hyderabad,Telangana
17.4343416,78.4795446,Necklace Road,Bapu Bagh Colony,Hyderabad,Telangana
17.4435279,78.4798184,Sardar Patel Road,Sindhi Colony,Hyderabad,Telangana
17.4435008,78.4814715,Sardar Patel Road,Sindhi Colony,Hyderabad,Telangana
17.443407,78.4792672,Sardar Patel Road,Sindhi Colony,Hyderabad,Telangana
17.4434195,78.4782895,Sardar Patel Road,Sindhi Colony,Hyderabad,Telangana
17.5611373,78.3728991,Outer Ring Road,Mallampet,Hyderabad,Telangana
17.5620002,78.3513006,Outer Ring Road,Bollaram,Hyderabad,Telangana
17.5619795,78.3451761,Outer Ring Road,Bollaram,Hyderabad,Telangana
17.5766582,78.3936312,Service Road,Bowrampet,Hyderabad,Telangana
17.4438235,78.5038625,road number 3,Nehru Nagar,Hyderabad,Telangana
17.4436559,78.5045845,road number 3,Nehru Nagar,Hyderabad,Telangana
17.4392762,78.496987,Red cross road,Patny,Hyderabad,Telangana
17.4393071,78.4972359,Red cross road,Patny,Hyderabad,Telangana
17.5109841,78.3512606,Miyapur-Janapriya West City Road,Swarnapuri Colony,Hyderabad,Telangana
17.4365396,78.4525668,Government school road,Ameerpet,Hyderabad,Telangana
17.4683535,78.386494,KPHB Road,APHB Colony,Hyderabad,Telangana
17.3996251,78.4749196,Basheer Bagh Flyover,Basheerbagh Jn,Hyderabad,Telangana
17.3996152,78.4750068,Basheer Bagh Flyover,Basheerbagh Jn,Hyderabad,Telangana
17.5136027,78.4654303,Pipe Line Road,Subash Nagar,Hyderabad,Telangana
17.5130739,78.456472,Pipe Line Road,Ayodhya Nagar,Hyderabad,Telangana
17.4409643,78.5234603,Marredpally-Tukaram Gate main road,Fateh Nagar,Hyderabad,Telangana
17.4851889,78.5271248,vivekandapuram - CDM road,Raghavendra Colony,Hyderabad,Telangana
17.4819129,78.5252153,vivekandapuram - CDM road,Usha Officers Colony,Hyderabad,Telangana
17.437113,78.4503058,DharamKaran Road,Ameerpet,Hyderabad,Telangana
17.435932,78.4503374,DharamKaran Road,Ameerpet,Hyderabad,Telangana
17.5285377,78.3607397,Sri Balaji Gulmohar Township Road,Bachupally,Hyderabad,Telangana
17.4543515,78.3204232,HCU main road (University of Hyderabad),Sudarshan Nagar Colony,Hyderabad,Telangana
17.5612605,78.3675247,Outer Ring Road,Mallampet,Hyderabad,Telangana
17.5614442,78.3675405,Outer Ring Road,Mallampet,Hyderabad,Telangana
17.5609604,78.372909,Outer Ring Road,Mallampet,Hyderabad,Telangana
17.5618165,78.351298,Outer Ring Road,Bollaram,Hyderabad,Telangana
17.5772488,78.3894042,Outer Ring Road,Bowrampet,Hyderabad,Telangana
17.5625837,78.3783826,Outer Ring Road,Laxmi Nagar',Hyderabad,Telangana
17.5773492,78.3892468,Outer Ring Road,Bowrampet,Hyderabad,Telangana
17.5624447,78.3785042,Outer Ring Road,Laxmi Nagar',Hyderabad,Telangana
17.5023016,78.3166225,Sridevi Theater Road,Jawahar Nagar Colony,Hyderabad,Telangana
17.5617968,78.3451761,Outer Ring Road,Bollaram,Hyderabad,Telangana
17.5540291,78.3016664,Outer Ring Road,Sultanpur,Hyderabad,Telangana
17.4443625,78.3878203,Madhapur Flyover Link,Vittal Rao Nagar,Hyderabad,Telangana
17.4504176,78.3796848,HITEC City Flyover,HITEC City,Hyderabad,Telangana
17.4545461,78.3834005,HITEC City Flyover,HITEC City,Hyderabad,Telangana
17.4556872,78.4499219,Sanath Nagar Main Road,Shastri Nagar,Hyderabad,Telangana
17.4529084,78.3823301,HITEC City Flyover,HITEC City,Hyderabad,Telangana
17.4529637,78.3822818,HITEC City Flyover,HITEC City,Hyderabad,Telangana
17.508902,78.3368665,Road No 12,Madhavapuri Colony,Hyderabad,Telangana
17.4496662,78.3786019,Trident Internal road,HITEC City,Hyderabad,Telangana
17.4988941,78.3175726,Ameenpur Road,Gowtami Nagar Colony,Hyderabad,Telangana
17.4234887,78.4448243,Banjara Hills Road Number 5,Nagarjuna Hills,Hyderabad,Telangana
17.4231155,78.4451071,Banjara Hills Road Number 5,Nagarjuna Hills,Hyderabad,Telangana
17.4174822,78.462381,khairtabad market road,MS Makta,Hyderabad,Telangana
17.4159975,78.4618842,khairtabad market road,Khairatabad,Hyderabad,Telangana
17.5348732,78.6341747,Outer Ring Road,Yadgarpally,Hyderabad,Telangana
17.4809998,78.34971,Nanne Estate Road,Vishal Nagar,Hyderabad,Telangana
17.4826621,78.349722,Nanne Estate Road,Vishal Nagar,Hyderabad,Telangana
17.3660653,78.4756381,mir alam mandi,Patthergatti,Hyderabad,Telangana
17.2762117,78.4736589,Srisailam Highway,Pahadi Sharif,Hyderabad,Telangana
17.2762216,78.4735862,Srisailam Highway,Pahadi Sharif,Hyderabad,Telangana
17.3613507,78.4746284,Charminar Circle,Panjeshah,Hyderabad,Telangana
17.3618848,78.4746754,Charminar Circle,Panjeshah,Hyderabad,Telangana
17.3616043,78.474845,Charminar Circle,Panjeshah,Hyderabad,Telangana
17.3687408,78.4760909,uppuguda,Patthergatti,Hyderabad,Telangana
17.3608079,78.4273869,P.V. Narasimha Rao Flyover,Rambagh Colony,Hyderabad,Telangana
17.3365059,78.4262544,P.V. Narasimha Rao Flyover,Weaker Section Colony,Hyderabad,Telangana
17.3608436,78.4273189,P.V. Narasimha Rao Flyover,Rambagh Colony,Hyderabad,Telangana
17.3415533,78.4232246,P.V. Narasimha Rao Flyover,W Mahmood Nagar,Hyderabad,Telangana
17.351906,78.4179612,P.V. Narasimha Rao Flyover,Ashok Vihar,Hyderabad,Telangana
17.3414952,78.4231822,P.V. Narasimha Rao Flyover,W Mahmood Nagar,Hyderabad,Telangana
17.3515702,78.4178615,Flyover,Ashok Vihar,Hyderabad,Telangana
17.3516759,78.4176514,Flyover,Ashok Vihar,Hyderabad,Telangana
17.3218285,78.4309417,P.V. Narasimha Rao Flyover,Adarsh Nagar,Hyderabad,Telangana
17.3276664,78.4257485,P.V. Narasimha Rao Flyover,Shivrampalli,Hyderabad,Telangana
17.3276889,78.425813,P.V. Narasimha Rao Flyover,Shivrampalli,Hyderabad,Telangana
17.3218235,78.4310019,P.V. Narasimha Rao Flyover,Adarsh Nagar,Hyderabad,Telangana
17.3971186,78.4427683,P.V. Narasimha Rao Flyover,Humayun Nagar,Hyderabad,Telangana
17.3954359,78.44122,P.V. Narasimha Rao Flyover,Humayun Nagar,Hyderabad,Telangana
17.3343848,78.4266615,P.V. Narasimha Rao Flyover,Weaker Section Colony,Hyderabad,Telangana
17.3343808,78.4265826,P.V. Narasimha Rao Flyover,Weaker Section Colony,Hyderabad,Telangana
17.3955194,78.4412238,P.V. Narasimha Rao Flyover,Humayun Nagar,Hyderabad,Telangana
17.3719267,78.4292688,P.V. Narasimha Rao Flyover,Moghal Nagar,Hyderabad,Telangana
17.3719274,78.4291883,P.V. Narasimha Rao Flyover,Moghal Nagar,Hyderabad,Telangana
17.344828,78.4169063,P.V. Narasimha Rao Flyover,Happy Homes Colony,Hyderabad,Telangana
17.3448507,78.4169605,P.V. Narasimha Rao Flyover,W Mahmood Nagar,Hyderabad,Telangana
17.3950035,78.436373,P.V. Narasimha Rao Flyover,Mehdipatnam,Hyderabad,Telangana
17.3307423,78.426256,P.V. Narasimha Rao Flyover,Weaker Section Colony,Hyderabad,Telangana
17.395089,78.4363681,P.V. Narasimha Rao Flyover,Mehdipatnam,Hyderabad,Telangana
17.3307635,78.4261808,P.V. Narasimha Rao Flyover,Weaker Section Colony,Hyderabad,Telangana
17.3808962,78.429389,P.V. Narasimha Rao Flyover,Kanaka Durga Colony,Hyderabad,Telangana
17.3197435,78.4290186,P.V. Narasimha Rao Flyover,Adarsh Nagar,Hyderabad,Telangana
17.3985261,78.4439388,P.V. Narasimha Rao Flyover,Humayun Nagar,Hyderabad,Telangana
17.3243499,78.428394,P.V. Narasimha Rao Flyover,Adarsh Nagar,Hyderabad,Telangana
17.3244125,78.4284443,P.V. Narasimha Rao Flyover,Adarsh Nagar,Hyderabad,Telangana
17.3984561,78.4439872,P.V. Narasimha Rao Flyover,Humayun Nagar,Hyderabad,Telangana
17.3204364,78.4299438,P.V. Narasimha Rao Flyover,Adarsh Nagar,Hyderabad,Telangana
17.3326485,78.4267169,P.V. Narasimha Rao Flyover,Weaker Section Colony,Hyderabad,Telangana
17.3253908,78.4272014,Flyover,Shivrampalli,Hyderabad,Telangana
17.3391856,78.4250382,P.V. Narasimha Rao Flyover,Imad Nagar,Hyderabad,Telangana
17.3391473,78.4249693,P.V. Narasimha Rao Flyover,Imad Nagar,Hyderabad,Telangana
17.325262,78.4270995,Flyover,Shivrampalli,Hyderabad,Telangana
17.332658,78.4266384,P.V. Narasimha Rao Flyover,Weaker Section Colony,Hyderabad,Telangana
17.3205008,78.4298966,P.V. Narasimha Rao Flyover,Adarsh Nagar,Hyderabad,Telangana
17.3425249,78.4202155,P.V. Narasimha Rao Flyover,W Mahmood Nagar,Hyderabad,Telangana
17.342597,78.4202411,P.V. Narasimha Rao Flyover,W Mahmood Nagar,Hyderabad,Telangana
17.3580321,78.4245462,P.V. Narasimha Rao Flyover,Upperpally,Hyderabad,Telangana
17.3579369,78.4245696,P.V. Narasimha Rao Flyover,Upperpally,Hyderabad,Telangana
17.3652294,78.428415,P.V. Narasimha Rao Flyover,Attapur,Hyderabad,Telangana
17.3652212,78.428495,P.V. Narasimha Rao Flyover,Attapur,Hyderabad,Telangana
17.394935,78.4398108,P.V. Narasimha Rao Flyover,Humayun Nagar,Hyderabad,Telangana
17.3950288,78.4398269,P.V. Narasimha Rao Flyover,Humayun Nagar,Hyderabad,Telangana
17.3582604,78.4247757,Inner Ring Road,Upperpally,Hyderabad,Telangana
17.3922917,78.4309496,P.V. Narasimha Rao Flyover,P&T Colony,Hyderabad,Telangana
17.3956066,78.432676,P.V. Narasimha Rao Flyover,Mehdipatnam,Hyderabad,Telangana
17.3955283,78.432684,P.V. Narasimha Rao Flyover,Mehdipatnam,Hyderabad,Telangana
17.3939594,78.4310718,P.V. Narasimha Rao Flyover,P&T Colony,Hyderabad,Telangana
17.3939598,78.4309917,P.V. Narasimha Rao Flyover,P&T Colony,Hyderabad,Telangana
17.3808916,78.4294701,P.V. Narasimha Rao Flyover,Kanaka Durga Colony,Hyderabad,Telangana
17.3897801,78.4302112,P.V. Narasimha Rao Flyover,Padmanabha Nagar,Hyderabad,Telangana
17.3897584,78.4302902,P.V. Narasimha Rao Flyover,Padmanabha Nagar,Hyderabad,Telangana
17.3874491,78.4295827,P.V. Narasimha Rao Flyover,Padmanabha Nagar Colony,Hyderabad,Telangana
17.3874338,78.4296628,P.V. Narasimha Rao Flyover,Padmanabha Nagar Colony,Hyderabad,Telangana
17.3826673,78.4295519,Flyover,Balaji Nagar,Hyderabad,Telangana
17.3216065,78.4322801,Inner Ring Road,Adarsh Nagar,Hyderabad,Telangana
17.3222749,78.4310265,Inner Ring Road,Adarsh Nagar,Hyderabad,Telangana
17.4391335,78.4951264,Rashtrapati Road,Patny,Hyderabad,Telangana
17.4392987,78.4950721,Rashtrapati Road,Patny,Hyderabad,Telangana
17.433668,78.493341,Rashtrapati Road,Patny,Hyderabad,Telangana
17.4348521,78.493443,Rashtrapati Road,Patny,Hyderabad,Telangana
17.4365623,78.4939851,Rashtrapati Road,Patny,Hyderabad,Telangana
17.4307718,78.4924357,Rastrapathi Road (R.P Road),Jeera,Hyderabad,Telangana
17.4295191,78.4900918,Rastrapathi Road (R.P Road),Jeera,Hyderabad,Telangana
17.4404438,78.4952065,Sarojini Devi Road,Patny,Hyderabad,Telangana
17.4405568,78.4952208,Sarojini Devi Road,Patny,Hyderabad,Telangana
17.4405166,78.4954456,rp road,Patny,Hyderabad,Telangana
17.3683781,78.4722713,High Court Road,Riqab Gunj,Hyderabad,Telangana
17.3679634,78.4683988,High Court Road,Riqab Gunj,Hyderabad,Telangana
17.3787733,78.470933,Malakunta Road,Feelkhana,Hyderabad,Telangana
17.368215,78.4686267,عدالتِ عالیہ شاہراہ,Riqab Gunj,Hyderabad,Telangana
17.3687469,78.4688594,High Court Road,Riqab Gunj,Hyderabad,Telangana
17.3682355,78.4684539,High Court Road,Riqab Gunj,Hyderabad,Telangana
17.3718851,78.479687,Salar Jung Road,Dar-Ul-Shifa,Hyderabad,Telangana
17.3686056,78.4759015,مدینہ چوراہا,Patthergatti,Hyderabad,Telangana
17.5588921,78.6269472,Outer Ring Road,Narsampally,Hyderabad,Telangana
17.5641866,78.6223641,Outer Ring Road,Narsampally,Hyderabad,Telangana
17.5433793,78.6312704,Outer Ring Road,Yadgarpally,Hyderabad,Telangana
17.2780784,78.4064101,Flyover,Sathamrai,Hyderabad,Telangana
17.4025007,78.5588658,Inner Ring Road,Uppal,Hyderabad,Telangana
17.3964529,78.5596619,Inner Ring Road,Surya Nagar,Hyderabad,Telangana
17.4014938,78.5600051,Inner Ring Road,Uppal,Hyderabad,Telangana
17.4012264,78.5606038,Hyderabad-Janagam Highway,Uppal,Hyderabad,Telangana
17.401615,78.5676706,Hyderabad-Janagam Highway,Santhi Nagar,Hyderabad,Telangana
17.4388928,78.3639298,Gachibowli - Miyapur Highway,Telecom Nagar,Hyderabad,Telangana
17.4368421,78.362321,Outer Ring Road,Telecom Nagar,Hyderabad,Telangana
17.4383352,78.3639519,Old Bombay Highway,Telecom Nagar,Hyderabad,Telangana
17.4389953,78.3635044,Old Bombay Road,Telecom Nagar,Hyderabad,Telangana
17.4799097,78.3156941,Nallagandla Road,Anand Nagar,Hyderabad,Telangana
17.4801104,78.3129957,Nallagandla Flyover,Rail Vihar,Hyderabad,Telangana
17.4798234,78.3156999,Nallagandla Road,Anand Nagar,Hyderabad,Telangana
17.4797084,78.3179996,Nallagandla Road,Anand Nagar,Hyderabad,Telangana
17.4796275,78.3180034,Nallagandla Road,Anand Nagar,Hyderabad,Telangana
17.4794608,78.319917,Nallagandla Road,Anand Nagar,Hyderabad,Telangana
17.4786868,78.3199869,Old Bombay Road,Anand Nagar,Hyderabad,Telangana
17.4781483,78.3217093,Old Mumbai Highway,Anand Nagar,Hyderabad,Telangana
17.4779629,78.320217,Old Bombay Road,Anand Nagar,Hyderabad,Telangana
17.477879,78.3202084,Old Bombay Road,Anand Nagar,Hyderabad,Telangana
17.4735674,78.3274321,Old Bombay Road,Doyens Township,Hyderabad,Telangana
17.4776084,78.3238974,Old Bombay Road,Doyens Township,Hyderabad,Telangana
17.4775441,78.3238382,Old Bombay Road,Doyens Township,Hyderabad,Telangana
17.4617788,78.3357454,HCU main road,Masjid Banda,Hyderabad,Telangana
17.4672356,78.3304618,TGSRTC Hyderabad Central University Bus Depot Inner Road,Sudarshan Nagar Colony,Hyderabad,Telangana
17.4649759,78.3334316,Old Bombay Road,Sudarshan Nagar Colony,Hyderabad,Telangana
17.4650017,78.3335299,Old Bombay Road,Sudarshan Nagar Colony,Hyderabad,Telangana
17.4735164,78.3273509,Old Bombay Road,Doyens Township,Hyderabad,Telangana
17.4682215,78.3312552,Old Bombay Road,Sudarshan Nagar Colony,Hyderabad,Telangana
17.4556934,78.3410215,Old Bombay Road,Masjid Banda,Hyderabad,Telangana
17.4585006,78.3386326,Old Bombay Road,Masjid Banda,Hyderabad,Telangana
17.4556262,78.3409384,Old Bombay Road,Masjid Banda,Hyderabad,Telangana
17.4583998,78.3385841,Old Bombay Road,Masjid Banda,Hyderabad,Telangana
17.4608602,78.3365714,Old Bombay Road,Masjid Banda,Hyderabad,Telangana
17.4609596,78.3366273,Old Bombay Road,Masjid Banda,Hyderabad,Telangana
17.4692189,78.3306591,Old Bombay Road,Sudarshan Nagar Colony,Hyderabad,Telangana
17.4693101,78.3307053,Old Bombay Road,Sudarshan Nagar Colony,Hyderabad,Telangana
17.4800077,78.3129891,Nallagandla Flyover,Rail Vihar,Hyderabad,Telangana
17.4841852,78.3120624,Nallagandla Flyover,Rail Vihar,Hyderabad,Telangana
17.4811422,78.3111488,Nallagandla Flyover,Rail Vihar,Hyderabad,Telangana
17.4811532,78.3110553,Nallagandla Flyover,Rail Vihar,Hyderabad,Telangana
17.4799079,78.3110941,Nallagandla Flyover,Rail Vihar,Hyderabad,Telangana
17.4794727,78.3101645,Nallagandla Flyover,Nallagandla,Hyderabad,Telangana
17.4792508,78.3092981,Nallagandla Flyover,Nallagandla,Hyderabad,Telangana
17.4793775,78.3101765,Nallagandla Flyover,Nallagandla,Hyderabad,Telangana
17.4795826,78.3109539,Nallagandla Flyover,Rail Vihar,Hyderabad,Telangana
17.4798432,78.3109253,Nallagandla Flyover,Rail Vihar,Hyderabad,Telangana
17.4653865,78.4489116,Balanagar Cross Road,shobna,Hyderabad,Telangana
17.4672977,78.4459728,Jeedimetla Main Road,shobna,Hyderabad,Telangana
17.4639635,78.4727613,Bowenpally Jn,Vayu Nagar,Hyderabad,Telangana
17.4654242,78.4727716,Nizamabad Road,Vayu Nagar,Hyderabad,Telangana
17.4652801,78.4728911,Nizamabad Road,Vayu Nagar,Hyderabad,Telangana
17.4669218,78.4456196,PALM Road - Balanagar Road,shobna,Hyderabad,Telangana
17.4676998,78.4447378,PALM Road - Balanagar Road,shobna,Hyderabad,Telangana
17.4632968,78.472087,Balanagar Main Road,Vayu Nagar,Hyderabad,Telangana
17.4672406,78.4461056,Jeedimetla Main Road,shobna,Hyderabad,Telangana
17.3957681,78.4309662,Golkonda Road,P&T Colony,Hyderabad,Telangana
17.3958585,78.4278453,Golkonda Road,Kakatiya Nagar,Hyderabad,Telangana
17.3958675,78.4277016,Golkonda Road,Kakatiya Nagar,Hyderabad,Telangana
17.3960161,78.4278917,Golkonda Road,Kakatiya Nagar,Hyderabad,Telangana
17.3726682,78.4053092,Chavella road,Saleh Nagar,Hyderabad,Telangana
17.3774677,78.4200713,Langar House Flyover,Langar Hauz,Hyderabad,Telangana
17.3775053,78.4200188,Langar House Flyover,Langar Hauz,Hyderabad,Telangana
17.3729499,78.4054814,Chavella road,Saleh Nagar,Hyderabad,Telangana
17.3728976,78.4056012,Chavella road,Saleh Nagar,Hyderabad,Telangana
17.3520537,78.3551803,APPA-Manchirevula-narsingI rOAD,Himayath Sagar,Hyderabad,Telangana
17.3745328,78.4184762,Langar House Flyover,Prashant Nagar,Hyderabad,Telangana
17.3807053,78.4216657,Langar House Flyover,Langar Hauz,Hyderabad,Telangana
17.380719,78.4215891,Langar House Flyover,Langar Hauz,Hyderabad,Telangana
17.3509118,78.3581602,Service Road,Himayath Sagar,Hyderabad,Telangana
17.3595376,78.3828679,Chavella road,Eastend Colony,Hyderabad,Telangana
17.3509264,78.3659571,Chavella road,Himayath Sagar,Hyderabad,Telangana
17.5117331,78.4476597,Jeedimetla Main Road,Shapur Nagar,Hyderabad,Telangana
17.5150204,78.4471778,Jeedimetla Main Road,Shapur Nagar,Hyderabad,Telangana
17.538767,78.4342235,Jeedimetla Main Road,Sivalaya Nagar Colony,Hyderabad,Telangana
17.4989104,78.4517788,Jeedimetla Main Road,Vani Nagar,Hyderabad,Telangana
17.5314853,78.437313,Jeedimetla Main Road,Rajiv Gandhi Nagar,Hyderabad,Telangana
17.5543597,78.4302287,Jeedimetla Main Road,Colony Name,Hyderabad,Telangana
17.5282637,78.3608517,Sri Balaji Gulmohar Township Road,Prajay Shelters,Hyderabad,Telangana
17.5283698,78.3609464,Block B Corridor,Bachupally,Hyderabad,Telangana
17.5279625,78.3605836,Block A Corridor,Prajay Shelters,Hyderabad,Telangana
17.5281571,78.3607569,Way to Parking,Prajay Shelters,Hyderabad,Telangana
17.5288393,78.3606069,Walking Path,Bachupally,Hyderabad,Telangana
17.5291536,78.3607454,Walking Path,Bachupally,Hyderabad,Telangana
17.5285606,78.3611163,Way to Parking,Bachupally,Hyderabad,Telangana
17.5292114,78.3576804,Maa Villas Road,Prajay Shelters,Hyderabad,Telangana
17.5284337,78.3578383,Jogging Track,Prajay Shelters,Hyderabad,Telangana
17.351935,78.5073262,Bairamalguda Road,IS Sadan Jn,Hyderabad,Telangana
17.3519876,78.5074525,Bairamalguda Road,IS Sadan Jn,Hyderabad,Telangana
17.3521551,78.5068822,Bairamalguda Road,IS Sadan Jn,Hyderabad,Telangana
17.3524051,78.5068981,Bairamalguda Main Road,IS Sadan Jn,Hyderabad,Telangana
17.3545928,78.5060636,IS Sadan Main Road,DhobiGhat Jn,Hyderabad,Telangana
17.3544108,78.5060203,IS Sadan Main Road,DhobiGhat Jn,Hyderabad,Telangana
17.3524452,78.5066173,IS Sadan Main Road,IS Sadan Jn,Hyderabad,Telangana
17.3523396,78.5066622,Bairamalguda Road,IS Sadan Jn,Hyderabad,Telangana
17.3519488,78.5069171,Santosh Nagar Main ROad,IS Sadan Jn,Hyderabad,Telangana
17.3519553,78.5068074,Santosh Nagar Main ROad,IS Sadan Jn,Hyderabad,Telangana
17.3522662,78.5063047,CRIDA Road,IS Sadan Jn,Hyderabad,Telangana
17.3522251,78.5063187,CRIDA Road,IS Sadan Jn,Hyderabad,Telangana
17.3624214,78.5040606,Sayeedabad Main Road,Kurmaguda,Hyderabad,Telangana
17.3627661,78.5039271,Sayeedabad Main Road,Kurmaguda,Hyderabad,Telangana
17.3628062,78.5037854,Sayeedabad Main Road,Kurmaguda,Hyderabad,Telangana
17.3630695,78.5037101,سعیدآباد روڈ,Kurmaguda,Hyderabad,Telangana
17.3630731,78.5038172,Sayeedabad Main Road,Kurmaguda,Hyderabad,Telangana
17.3629619,78.5037885,Sayeedabad Main Road,Kurmaguda,Hyderabad,Telangana
17.3629774,78.5040153,Sayeedabad Main Road,Kurmaguda,Hyderabad,Telangana
17.3630348,78.5038524,Sayeedabad Main Road,Kurmaguda,Hyderabad,Telangana
17.3629365,78.503987,Sayeedabad Main Road,Kurmaguda,Hyderabad,Telangana
17.363417,78.5031261,Sayeedabad Road,Kurmaguda,Hyderabad,Telangana
17.3629936,78.5038242,Sayeedabad Road,Kurmaguda,Hyderabad,Telangana
17.3630924,78.5037232,Sayeedabad Road,Kurmaguda,Hyderabad,Telangana
17.3639096,78.5019712,Sayeedabad Road,Kurmaguda,Hyderabad,Telangana
17.3640005,78.5014853,Saidabad Road,Kurmaguda,Hyderabad,Telangana
17.352512,78.5066688,IS Sadan Main Road,IS Sadan Jn,Hyderabad,Telangana
17.332685,78.5894371,Road cross,Arunodaya Nagar,Hyderabad,Telangana
17.5784572,78.5699135,Outer Ring Road,Upparapalle,Hyderabad,Telangana
17.578774,78.5683131,Outer Ring Road,Thumukunta,Hyderabad,Telangana
17.2940915,78.4503525,Airport Road,Madhuban Colony,Hyderabad,Telangana
17.4858067,78.316638,residential area,Venkata Reddy Nagar,Hyderabad,Telangana
17.508598,78.309376,2E,Kakatiya Nagar,Hyderabad,Telangana
17.4047814,78.4643151,Lakdikapul Road,Saifabad,Hyderabad,Telangana
17.3772661,78.4935858,Chadarghat Road,Azampura,Hyderabad,Telangana
17.5352866,78.3240174,Sai Ambica Road Number 9,Shanthi Sri Nagar,Hyderabad,Telangana
17.5321926,78.3214044,Road Number 17,Narendra Nagar,Hyderabad,Telangana
17.5308757,78.3212058,Road Number 8,Narendra Nagar,Hyderabad,Telangana
17.4193247,78.4945186,Castic Galli,Bholakpur,Hyderabad,Telangana
17.4116128,78.4883704,Hebron Church Road,Gandhi Nagar,Hyderabad,Telangana
17.4103036,78.5008015,Hebron Church Road,Zamistanpur,Hyderabad,Telangana
17.4166762,78.4942644,Indira Nagar Main Road,Vasanth Nagar Colony,Hyderabad,Telangana
17.3997152,78.4810727,St. Paul's School Road,Hyderguda,Hyderabad,Telangana
17.4141894,78.4928234,Swami Vivekananda Road,Bank of Baroda Colony,Hyderabad,Telangana
17.4686697,78.3690433,2nd st,Izzat Nagar,Hyderabad,Telangana
17.4168638,78.3559599,Outer Ring Road,Khajaguda,Hyderabad,Telangana
17.4005325,78.3524736,Outer Ring Road,Narsingi,Hyderabad,Telangana
17.4005046,78.3526269,Outer Ring Road,Narsingi,Hyderabad,Telangana
17.3993126,78.351976,Outer Ring Road,Narsingi,Hyderabad,Telangana
17.3993647,78.3518288,Outer Ring Road,Narsingi,Hyderabad,Telangana
17.5191994,78.3944534,People's Hospital Road,Madhura Nagar,Hyderabad,Telangana
17.4268545,78.3344454,Gopanpally - Wipro Road,Nanakramguda,Hyderabad,Telangana
17.4681232,78.3360131,Link Road 12,Sudarshan Nagar Colony,Hyderabad,Telangana
17.3998708,78.4506124,Masab Tank Flyover,Masab Tank,Hyderabad,Telangana
17.3957089,78.4318058,Golkonda Road,P&T Colony,Hyderabad,Telangana
17.3998489,78.4506619,Masab Tank Flyover,Masab Tank,Hyderabad,Telangana
17.3953506,78.4313663,P.V. Narasimha Rao Flyover,P&T Colony,Hyderabad,Telangana
17.3953146,78.4314175,P.V. Narasimha Rao Flyover,P&T Colony,Hyderabad,Telangana
17.4035411,78.4527178,Road Number 1,Masab Tank,Hyderabad,Telangana
17.4032687,78.452714,Masab Tank Road,Masab Tank,Hyderabad,Telangana
17.3995372,78.45048,Masab Tank Flyover,Masab Tank,Hyderabad,Telangana
17.399559,78.4504313,Masab Tank Flyover,Masab Tank,Hyderabad,Telangana
17.4244862,78.4483041,Punjagutta Flyover,Dwarkapuri Colony,Hyderabad,Telangana
17.4259207,78.4489617,Punjagutta Flyover,Dwarkapuri Colony,Hyderabad,Telangana
17.2880494,78.5890518,Street Number 6,Injapur,Hyderabad,Telangana
17.2869468,78.5894142,Street Number 4,Injapur,Hyderabad,Telangana
17.395099,78.4573122,Dargah Road,Mallepally,Hyderabad,Telangana
17.3859597,78.4323938,market road,Balaji Nagar,Hyderabad,Telangana
17.4933251,78.3086495,walking track,BHEL Township,Hyderabad,Telangana
17.3101594,78.4107111,manage rd,Police Quarters,Hyderabad,Telangana
17.3089506,78.4120894,MANAGE Administrative Building Road,Police Quarters,Hyderabad,Telangana
17.4624566,78.366271,Kothaguda Village Road,jubilee gardens,Hyderabad,Telangana
17.4228505,78.3572018,Outer Ring Road,Khajaguda,Hyderabad,Telangana
17.3281833,78.6000704,Vijaywada Highway,Anand Colony,Hyderabad,Telangana
17.3218994,78.6372183,Vijaywada Highway,Surya Vamshi Garden City,Hyderabad,Telangana
17.3217764,78.637263,Vijaywada Highway,Surya Vamshi Garden City,Hyderabad,Telangana
17.320122,78.6171917,Vijaywada Highway,Greenwood Colony,Hyderabad,Telangana
17.3202007,78.617208,Vijaywada Highway,Greenwood Colony,Hyderabad,Telangana
17.331001,78.5925609,Vijaywada Highway,Lecturers Colony,Hyderabad,Telangana
17.3311518,78.5925415,Vijaywada Highway,Lecturers Colony,Hyderabad,Telangana
17.3199264,78.6445925,Vijaywada Highway,Surya Vamshi Garden City,Hyderabad,Telangana
17.3283239,78.6000127,Vijaywada Highway,Anand Colony,Hyderabad,Telangana
17.3237236,78.609963,Vijaywada Highway,Sai Nagar Phase-II,Hyderabad,Telangana
17.3236517,78.6098961,Vijaywada Highway,Sai Nagar Phase-II,Hyderabad,Telangana
17.3270398,78.6048445,Vijaywada Highway,Hayathnagar,Hyderabad,Telangana
17.320764,78.6258763,Vijaywada Highway,Surya Vamshi Garden City,Hyderabad,Telangana
17.3208555,78.6258605,Vijaywada Highway,Surya Vamshi Garden City,Hyderabad,Telangana
17.3200446,78.6206046,Vijaywada Highway,Surya Vamshi Garden City,Hyderabad,Telangana
17.3201305,78.620589,Vijaywada Highway,Greenwood Colony,Hyderabad,Telangana
17.3210209,78.6399517,Vijaywada Highway,Surya Vamshi Garden City,Hyderabad,Telangana
17.3360256,78.5801735,Vijaywada Highway,Sai Nagar,Hyderabad,Telangana
17.3337912,78.5871082,Vijaywada Highway,Bhagyalatha Colony,Hyderabad,Telangana
17.3358062,78.5807535,Vijaywada Highway,Sai Nagar,Hyderabad,Telangana
17.3354121,78.5834956,Vijaywada Highway,High Court Colony,Hyderabad,Telangana
17.3339138,78.5871958,Vijaywada Highway,Bhagyalatha Colony,Hyderabad,Telangana
17.33528,78.5834483,Vijaywada Highway,Dwarakamai Nagar,Hyderabad,Telangana
17.4404371,78.4624702,Lane Number 3,Brahmanwadi,Hyderabad,Telangana
17.4158192,78.3792823,Chitrapuri villas road,Manikonda,Hyderabad,Telangana
17.3636057,78.5292431,vv nagar rd,Vivekananda Nagar,Hyderabad,Telangana
17.4353958,78.51956,Krishna Deva Raya Road,Sitaphalmandi,Hyderabad,Telangana
17.4050776,78.4962866,SFI OFFICE ROAD,RTC X Road,Hyderabad,Telangana
17.4347873,78.3295147,Digital Adventure,Gowlidoddi,Hyderabad,Telangana
17.4876819,78.3264151,Lingampally-Huda Colony Road,Santhi Nagar,Hyderabad,Telangana
17.4759167,78.4211555,Moosapet New,Habeeb Nagar,Hyderabad,Telangana
17.4491767,78.3837742,NIFT Driveway,HITEC City,Hyderabad,Telangana
17.3895112,78.4769019,Meena bazar Lane,Abids,Hyderabad,Telangana
17.4057196,78.4842898,Street No 5,Himayat Nagar,Hyderabad,Telangana
17.3679027,78.4837752,sbh road,Noorkhan Bazaar,Hyderabad,Telangana
17.3521209,78.5087103,2nd Cross Road,IS Sadan Jn,Hyderabad,Telangana
17.3427105,78.4949862,Moin Bagh Road,Habeeb Nagar,Hyderabad,Telangana
17.3478693,78.52512,road number 4,Green Park Colony,Hyderabad,Telangana
17.4219967,78.4910184,street no 11,Kavadiguda,Hyderabad,Telangana
17.3189334,78.5234553,Road Number 1,Lenin Nagar,Hyderabad,Telangana
17.3190233,78.5208028,janapriya road,Udyog Nagar,Hyderabad,Telangana
17.5412802,78.4870593,Doolapally Road,Doolapally,Hyderabad,Telangana
17.2882813,78.587244,Indira Nagar Road,Injapur,Hyderabad,Telangana
17.4266613,78.543267,street no 13,Snehapuri,Hyderabad,Telangana
17.316683,78.4839213,Barkas Market Road,Maheshwaram Lines,Hyderabad,Telangana
17.3167544,78.4842522,Barkas Market Road,Maheshwaram Lines,Hyderabad,Telangana
17.413006,78.6053592,4th Cross B Road,Medpally,Hyderabad,Telangana
17.4191161,78.5501245,street number 12,HMT Nagar,Hyderabad,Telangana
17.4445867,78.5797781,Gulmohar Gardens Annexe Road,Surya Nagar,Hyderabad,Telangana
17.4468527,78.5812437,FCI Godown Road,Ashok Nagar,Hyderabad,Telangana
17.4069905,78.5565557,Prashanthinagar Main Road,Bank Colony,Hyderabad,Telangana
17.3422929,78.4737177,Phool Bagh Chaman Road,Rajanna Bowli,Hyderabad,Telangana
17.3463992,78.5326366,Road Number 3,Bhagya Nagar Colony,Hyderabad,Telangana
17.3472687,78.5325831,Road Number 5,Bhagya Nagar Colony,Hyderabad,Telangana
17.4262268,78.5542953,Lane No 4,Nacharam,Hyderabad,Telangana
17.4877907,78.5859126,Street Number 1,Sri Vasavi Siva Nagar Colony,Hyderabad,Telangana
17.3099226,78.5345314,Road Number 2,Vishakha Nagar,Hyderabad,Telangana
17.3093764,78.5318236,Almasguda Road,Almasguda,Hyderabad,Telangana
17.3286867,78.5632273,Methodist Road,Srinivasa Puram,Hyderabad,Telangana
17.5197661,78.3983004,Baptist Church Street,Pragathi Nagar,Hyderabad,Telangana
17.5271463,78.395682,Kakathieya Hills Road,Kakatheeya Hills,Hyderabad,Telangana
17.5273999,78.4405383,TGSRTC Jeedimetla Bus Depot Inner Road,SR Naik Nagar,Hyderabad,Telangana
17.5007593,78.5947137,Road Number 7B,Dammaiguda,Hyderabad,Telangana
17.4956457,78.502623,road no 4,Ramachandraiah Nagar,Hyderabad,Telangana
17.4396561,78.4923043,Street No 8,Patny,Hyderabad,Telangana
17.4957879,78.5576925,AK Lake Front lane,Malla Reddy Colony,Hyderabad,Telangana
17.4883825,78.5605161,Road Number 3,Kapra,Hyderabad,Telangana
17.489326,78.5055253,"Ayodhya Enclave, 2nd Lane",Bhudevi Nagar,Hyderabad,Telangana
17.4927591,78.4997788,Kanajiguda,Chitamma Nagar Colony,Hyderabad,Telangana
17.4837677,78.5638375,Road Number 5,Sri Ram Naga,Hyderabad,Telangana
17.4510809,78.5055294,street number 12,Marredpally,Hyderabad,Telangana
17.4914869,78.5077341,Road no 4,Indiranagar,Hyderabad,Telangana
17.4909759,78.3591977,Hafeezpet Road,Janapriya Nagar,Hyderabad,Telangana
17.5098397,78.3381846,Block 7 Entry Road,Rtc Colony,Hyderabad,Telangana
17.4930888,78.4426069,Badi Masjid Road,Bhagat Singh Nagar,Hyderabad,Telangana
17.492869,78.4423598,Badi Masjid Road,Bhagat Singh Nagar,Hyderabad,Telangana
17.4768676,78.5424827,kakatiya nagar,kaktiya nagar,Hyderabad,Telangana
17.3535056,78.5650207,Cosmopolitan Street 6,Mansoorabad,Hyderabad,Telangana
17.4922824,78.5434788,5th cross road,O.U.T Colony,Hyderabad,Telangana
17.4827048,78.5310671,Raghavendra Colony Road,Saptagiri Colony,Hyderabad,Telangana
17.486125,78.5364364,Defence Colony Road,Hilltop Colony,Hyderabad,Telangana
17.3919919,78.4753312,Jagdish Market road,SBH Gun Foundry Jn,Hyderabad,Telangana
17.3854867,78.4777338,Troop Bazar main road,Troop Bazaar,Hyderabad,Telangana
17.4917906,78.350749,Road Number 6,Allwyn Colony,Hyderabad,Telangana
17.4907413,78.3535064,Road Number 15,Allwyn Colony,Hyderabad,Telangana
17.4914634,78.3515814,Road Number 6,Allwyn Colony,Hyderabad,Telangana
17.5168736,78.4263597,p.p nagar,Prakasam Pantulu Nagar,Hyderabad,Telangana
17.4906755,78.5380828,1st cross road,Nirmal Nagar,Hyderabad,Telangana
17.4915531,78.5382723,3rd cross road,Nirmal Nagar,Hyderabad,Telangana
17.4915029,78.5377173,3rd cross road,Nirmal Nagar,Hyderabad,Telangana
17.4796389,78.5416435,Road Number 5,Kakatiya Nagar,Hyderabad,Telangana
17.4952633,78.318846,RC Puram BHEL - Beeramguda Rd Mumbai Highway,Gowtami Nagar Colony,Hyderabad,Telangana
17.4829418,78.4796434,DAIRY FARM ROAD,Maithri Vanam,Hyderabad,Telangana
17.4772314,78.4767873,Road Number 3,HAL Colony,Hyderabad,Telangana
17.3730477,78.4972078,Kala Dera Road,Kala Daira,Hyderabad,Telangana
17.4434001,78.348443,FSQ Approach Road,Gachibowli,Hyderabad,Telangana
17.3988851,78.6110324,Road No 13,Parvathapuram,Hyderabad,Telangana
17.5262832,78.3705426,Jaya Deepika Estates,Mayuri Nagar,Hyderabad,Telangana
17.4692642,78.4160078,Sunder Road,Moosapet,Hyderabad,Telangana
17.4569493,78.408589,Borabanda Railway station road,Allapur,Hyderabad,Telangana
17.4711874,78.5635548,M J COLONY STREET NO 1,Green Hills Colony,Hyderabad,Telangana
17.4031692,78.599953,Sai Nagar Colony Road,Medpally,Hyderabad,Telangana
17.3546293,78.5205245,road number 2,Singareni Colony,Hyderabad,Telangana
17.404469,78.6070216,Sai nagar colony rd,Medpally,Hyderabad,Telangana
17.4541171,78.4217881,borabanda allahapur road,Kalyan Nagar,Hyderabad,Telangana
17.4542308,78.4223121,borabanda allahapur road,Kalyan Nagar,Hyderabad,Telangana
17.4540752,78.4175354,borabanda allahapur road,Ramarao Nagar,Hyderabad,Telangana
17.4539865,78.4157037,borabanda allahapur road,Borabanda,Hyderabad,Telangana
17.4545793,78.4224838,Moti Nagar Main road,Kalyan Nagar,Hyderabad,Telangana
17.3830839,78.5217115,Hanuman Temple Road,Azad Nagar,Hyderabad,Telangana
17.3880241,78.5141484,Residential road,Qadri Bagh,Hyderabad,Telangana
17.3712603,78.4241684,ambience Road,Hasan Nagar,Hyderabad,Telangana
17.4544184,78.4236515,Don Bosco road,Kalyan Nagar,Hyderabad,Telangana
17.3598128,78.5160177,road number 4,Saidabad,Hyderabad,Telangana
17.3612971,78.5143487,road number 4,Saidabad,Hyderabad,Telangana
17.4334178,78.4266739,Yousufguda Main Road,Krishna Nagar,Hyderabad,Telangana
17.455254,78.4247925,Borabanda Mothinagar road,Panduranga Rao Colony,Hyderabad,Telangana
17.3873217,78.516171,Residential road,Qadri Bagh,Hyderabad,Telangana
17.3725079,78.5269644,road number 4b,Bhavani Nagar,Hyderabad,Telangana
17.3703399,78.5286905,konark type institute road,Durga Nagar,Hyderabad,Telangana
17.3650839,78.5306679,vv nagar rd,Vivekananda Nagar,Hyderabad,Telangana
17.3823509,78.4392362,Sarada nagar,Sarada Nagar,Hyderabad,Telangana
17.3537969,78.5149189,road number 13,Saraswati Colony,Hyderabad,Telangana
17.3545282,78.5212027,road number 17,Singareni Colony,Hyderabad,Telangana
17.4601723,78.5420356,Lalwani Nagar Street,Ganesh Nagar,Hyderabad,Telangana
17.3639368,78.4965962,chawni rd,Chawni,Hyderabad,Telangana
17.4214766,78.4035672,Road No 4,Prashasan Nagar,Hyderabad,Telangana
17.4216391,78.4014765,Road No 10,Prashasan Nagar,Hyderabad,Telangana
17.4142047,78.410629,Road Number 6,Film Nagar,Hyderabad,Telangana
17.4207958,78.4005813,Road No 23,Prashasan Nagar,Hyderabad,Telangana
17.4028565,78.4964691,Balaji Temple,Chikkadpally,Hyderabad,Telangana
17.3356932,78.328489,Aziznagar Village Road,Yenkepalle,Hyderabad,Telangana
17.4293581,78.4353156,Sri Nagar Colony Temple Complex Road,Srinagar Colony,Hyderabad,Telangana
17.4073686,78.5176432,ECE Department Rd,DD Colony,Hyderabad,Telangana
17.4127714,78.337655,MySpace Road,Financial District,Hyderabad,Telangana
17.4008087,78.5186616,ANR Road,DD Colony,Hyderabad,Telangana
17.4286907,78.427997,road number 5,Kamalapuri Colony,Hyderabad,Telangana
17.4129901,78.4137889,Road Number 3,Film Nagar,Hyderabad,Telangana
17.4366217,78.3412084,Road Number 7,Gachibowli,Hyderabad,Telangana
17.3952283,78.4182589,Amina Masjid,Akbarpura,Hyderabad,Telangana
17.4206481,78.4893826,Street Number 10,Kavadiguda,Hyderabad,Telangana
17.4315964,78.5121834,Sridevi Theater Lane,Namala Gundu,Hyderabad,Telangana
17.5080314,78.3013774,MST Road,Beeramguda Junction,Hyderabad,Telangana
17.4699149,78.3481088,Luxor Avenue,Gouthami Colony,Hyderabad,Telangana
17.5061549,78.3097505,Ashok Nagar Main Road,Kakatiya Nagar,Hyderabad,Telangana
17.5059834,78.3097349,Ashok Nagar Main Road,Kakatiya Nagar,Hyderabad,Telangana
17.5065629,78.3063925,Road No 2,Kakatiya Nagar,Hyderabad,Telangana
17.5092585,78.3060789,Road No 4,Mallikarjuna Nagar Colony,Hyderabad,Telangana
17.3925235,78.4900387,Police Quarters Rd,Lingampally,Hyderabad,Telangana
17.4372466,78.339446,Faculty Housing Road,Gachibowli,Hyderabad,Telangana
17.4370109,78.3410388,Faculty Housing Road,Gachibowli,Hyderabad,Telangana
17.3693523,78.5639633,"Road No. 8, Sri Ganesh Nagar Colony",Abhaya Oldage Home,Hyderabad,Telangana
17.3702136,78.5634969,"Road No. 7, Sri Ganesh Nagar Colony",Sri Ganesh Nagar Colony,Hyderabad,Telangana
17.3682007,78.4854638,Farhat Nagar road,Dabeerpura,Hyderabad,Telangana
17.3531784,78.5651107,Cosmopolitan Street 5,Mansoorabad,Hyderabad,Telangana
17.5232919,78.385833,Nizampet,Rajiv Gruhakalpa Colony,Hyderabad,Telangana
17.5231467,78.3944097,Dollar Hills Road,Prashanthi Hills,Hyderabad,Telangana
17.3911796,78.3848632,Ibrahim Bagh road,Bharat Nagar,Hyderabad,Telangana
17.3925982,78.3855209,Ibrahim Bagh road,Bharat Nagar,Hyderabad,Telangana
17.3516037,78.5511644,Siri Nagar Road,LB Nagar,Hyderabad,Telangana
17.3676249,78.5307295,vv nagar rd,Durga Nagar,Hyderabad,Telangana
17.4355535,78.3745334,Hi Tech City Main Road,Telecom Nagar,Hyderabad,Telangana
17.4358147,78.3743625,Hi Tech City Main Road,Telecom Nagar,Hyderabad,Telangana
17.4363198,78.3745191,Hi Tech City Main Road,Telecom Nagar,Hyderabad,Telangana
17.4340635,78.3746633,Hi Tech City Main Road,Telecom Nagar,Hyderabad,Telangana
17.435132,78.3744185,Hi Tech City Main Road,Telecom Nagar,Hyderabad,Telangana
17.4343145,78.374497,Hi Tech City Main Road,Telecom Nagar,Hyderabad,Telangana
17.4367015,78.3745722,Hi Tech City Main Road,Telecom Nagar,Hyderabad,Telangana
17.4347932,78.3745799,Hi Tech City Main Road,Telecom Nagar,Hyderabad,Telangana
17.4376349,78.3751806,Hi Tech City Main Road,Telecom Nagar,Hyderabad,Telangana
17.4468707,78.3714236,Phoenix Avance Sez Internal road,Studiorigin - Interior Designer in Hyderabad,Hyderabad,Telangana
17.444615,78.3667987,Mindspace road,Studiorigin - Interior Designer in Hyderabad,Hyderabad,Telangana
17.440876,78.3667308,Babukhan Lane,Telecom Nagar,Hyderabad,Telangana
17.3838058,78.3677693,Alkapur Main road,Greenlands,Hyderabad,Telangana
17.3638201,78.5227588,rekha rani hospital road,Gaddiannaram,Hyderabad,Telangana
17.4610823,78.397458,allapur road,Parvatha Nagar,Hyderabad,Telangana
17.463707,78.3996784,Garuda Street,Khaitalpur,Hyderabad,Telangana
17.4700843,78.3644526,Seshadri Marg,Raghavendra Colony,Hyderabad,Telangana
17.3794946,78.5412729,Road Number 10,Satya Nagar Colony,Hyderabad,Telangana
17.3688842,78.4933545,ibrahim mansion st,Shah Colony,Hyderabad,Telangana
17.3705264,78.5743978,Road Number 4,Indraprastha,Hyderabad,Telangana
17.3709715,78.5764934,Rd No 5,Indraprastha,Hyderabad,Telangana
17.3091926,78.4126331,MANAGE road,Police Quarters,Hyderabad,Telangana
17.312352,78.4120677,NIRD rd,Police Quarters,Hyderabad,Telangana
17.3129599,78.409684,NIRD rd,Police Quarters,Hyderabad,Telangana
17.3150211,78.4061381,NIRD Rd,Police Quarters,Hyderabad,Telangana
17.3688904,78.5283076,konark type institute road,Durga Nagar,Hyderabad,Telangana
17.4445279,78.3878088,Madhapur Flyover Link,Vittal Rao Nagar,Hyderabad,Telangana
17.4202381,78.5734425,Gayathri Hills Road Number 2,Surya Hills,Hyderabad,Telangana
17.4264542,78.5536673,Street No 6,Nacharam,Hyderabad,Telangana
17.4068457,78.5579274,Road No 1,Prashanth Nagar,Hyderabad,Telangana
17.3866538,78.3642606,Bay Hills road,Greenlands,Hyderabad,Telangana
17.4072982,78.5577969,Road No 2,Bank Colony,Hyderabad,Telangana
17.3313645,78.4037675,Kismatpur Rd,Sai Krishna Colony,Hyderabad,Telangana
17.3950423,78.4434226,Royal Colony road,Humayun Nagar,Hyderabad,Telangana
17.4303833,78.5435014,13th st,Hanuman Nagar Colony,Hyderabad,Telangana
17.4298788,78.5468672,street no 4,Karthikeya Nagar,Hyderabad,Telangana
17.3681475,78.4861556,Farhat Nagar road,Dabeerpura,Hyderabad,Telangana
17.3628065,78.4844788,Dabeerpura Nala road,Patthar Kaman,Hyderabad,Telangana
17.4135224,78.4529715,Anand Nagar Entrance Road,Anand Nagar,Hyderabad,Telangana
17.4583681,78.3056493,Aditya Elegance Road,Nallagandla,Hyderabad,Telangana
17.4025987,78.5447311,stadium short cut,SS Nagar,Hyderabad,Telangana
17.4655802,78.5335943,Venkateshwara Temple Road,Dayanand Nagar,Hyderabad,Telangana
17.4675011,78.5353956,Krupa Complex Road,Sai Ram Nagar,Hyderabad,Telangana
17.4377,78.6411238,Pocharam Village Main Road,Pocharam,Hyderabad,Telangana
17.4692155,78.546318,street number 1,East Deen Dayal Nagar,Hyderabad,Telangana
17.3587374,78.4708592,Khilwat road,Khilwat,Hyderabad,Telangana
17.456117,78.5305146,5th cross road,Uttam Nagar,Hyderabad,Telangana
17.4724549,78.5677888,Street Number 1,DAE Colony,Hyderabad,Telangana
17.4667246,78.5610983,Gayatri Nagar Main Road,Gandhi Nagar,Hyderabad,Telangana
17.3044896,78.5304309,Road No 2,Sai Prabhu Homes,Hyderabad,Telangana
17.4546898,78.4147974,RK Society road,Kottur Sitaiah Nagar,Hyderabad,Telangana
17.4908043,78.3433927,3rd Street,Madinaguda,Hyderabad,Telangana
17.4974692,78.3603811,RV Brindavanam's Road,Madhava Nagar,Hyderabad,Telangana
17.513878,78.3605677,TGSRTC Miyapur - 1 Bus Depot Inner Road,CG Employees Colony,Hyderabad,Telangana
17.4314023,78.3676288,Street 23,Telecom Nagar,Hyderabad,Telangana
17.4919158,78.3564014,Bhanu Township Rd,Janapriya Nagar,Hyderabad,Telangana
17.3705292,78.5361446,fruit market ln,Chaitanyapuri,Hyderabad,Telangana
17.4017513,78.3355085,Golden Mile Extention road,Kokapet,Hyderabad,Telangana
17.3115579,78.5570796,Tirumala Nagar Road,Sagar Complex,Hyderabad,Telangana
17.3118742,78.5576788,Tirumala Nagar Road,Sagar Complex,Hyderabad,Telangana
17.312692,78.5591473,Tirumala Nagar Road,Sagar Complex,Hyderabad,Telangana
17.3134883,78.5593233,Sripuram Colony Road,sripuram,Hyderabad,Telangana
17.4719437,78.3533541,Jai Durga Road,Raja Rajeshwari Nagar,Hyderabad,Telangana
17.4711114,78.3528697,Lane Number 1,Raja Rajeshwari Nagar,Hyderabad,Telangana
17.4363482,78.4322818,Yousufguda Basti,Ganapati Complex,Hyderabad,Telangana
17.4364769,78.4326506,Yousufguda Basti,Ganapati Complex,Hyderabad,Telangana
17.4367155,78.4322189,Yousufguda Basti,Ganapati Complex,Hyderabad,Telangana
17.2814032,78.648081,Underpass,Surya Vamshi Garden City,Hyderabad,Telangana
17.2811906,78.648303,Underpass,Surya Vamshi Garden City,Hyderabad,Telangana
17.5160406,78.3982547,Baptist Church Street,Lake View Colony,Hyderabad,Telangana
17.4787131,78.3786864,13th Phase Road,Venkata Ramana Colony,Hyderabad,Telangana
17.3887645,78.4319245,Gudimalkapur Basthi road,Padmanabha Nagar Colony,Hyderabad,Telangana
17.4986592,78.4075199,Madhavi Nagar road,Navodaya Colony,Hyderabad,Telangana
17.5049275,78.4021082,w mont street,Satavahana Nagar,Hyderabad,Telangana
17.3221811,78.5371776,Meerpet Road,Hanuman Nagar,Hyderabad,Telangana
17.4245479,78.5382551,IICt internal road,Habsiguda x Roads,Hyderabad,Telangana
17.408398,78.4849054,Kuchipudi Art Academy Road,Domalguda,Hyderabad,Telangana
17.3902328,78.4990156,TGSRTC Kacheguda Bus Station Inner Road,Kacheguda,Hyderabad,Telangana
17.5073169,78.4252913,Number 10A,Srinivasa Nagar,Hyderabad,Telangana
17.4166838,78.4631739,Masjid al- Habeeb,Khairatabad,Hyderabad,Telangana
17.5114341,78.3791346,KTR Colony Number 2,Setwinabad,Hyderabad,Telangana
17.3820286,78.3630145,Hallmark Skyrena road,Greenlands,Hyderabad,Telangana
17.4211896,78.5678341,Street No 2,New Hema Nagar,Hyderabad,Telangana
17.2846896,78.630145,Nehru ORR,Munaganur,Hyderabad,Telangana
17.3584909,78.3529129,APPA-Manchirevula-Narsingi Road,Manchirevula,Hyderabad,Telangana
17.3068391,78.5861827,Bank Colony Road,Bhavani Enclave,Hyderabad,Telangana
17.5614008,78.3762689,Outer Ring Road,Laxmi Nagar',Hyderabad,Telangana
17.5151481,78.6478376,Outer Ring Road,Cheeriyal,Hyderabad,Telangana
17.5155456,78.6474076,Outer Ring Road,Cheeriyal,Hyderabad,Telangana
17.5161085,78.6473174,Outer Ring Road,Cheeriyal,Hyderabad,Telangana
17.5150648,78.6476677,Outer Ring Road,Cheeriyal,Hyderabad,Telangana
17.5160271,78.6471481,Outer Ring Road,Cheeriyal,Hyderabad,Telangana
17.515628,78.6475771,Outer Ring Road,Cheeriyal,Hyderabad,Telangana
17.5612299,78.3763357,Outer Ring Road,Laxmi Nagar',Hyderabad,Telangana
17.5618545,78.3774925,Outer Ring Road,Laxmi Nagar',Hyderabad,Telangana
17.5620095,78.3773978,Outer Ring Road,Laxmi Nagar',Hyderabad,Telangana
17.2772727,78.3817669,Outer Ring Road,Kothwalguda,Hyderabad,Telangana
17.2769235,78.3814232,Outer Ring Road,Kothwalguda,Hyderabad,Telangana
17.3941768,78.3512235,Outer Ring Road,Narsingi,Hyderabad,Telangana
17.3478047,78.3611443,Outer Ring Road,Himayath Sagar,Hyderabad,Telangana
17.3476807,78.3609975,Outer Ring Road,Himayath Sagar,Hyderabad,Telangana
17.4014704,78.3526723,Outer Ring Road,Narsingi,Hyderabad,Telangana
17.2823754,78.3829104,Outer Ring Road,Kothwalguda,Hyderabad,Telangana
17.4010388,78.3525808,Outer Ring Road,Narsingi,Hyderabad,Telangana
17.4010096,78.3527377,Outer Ring Road,Narsingi,Hyderabad,Telangana
17.4014428,78.3528306,Outer Ring Road,Narsingi,Hyderabad,Telangana
17.3495637,78.3602263,Outer Ring Road,Himayath Sagar,Hyderabad,Telangana
17.3494856,78.3600524,Outer Ring Road,Himayath Sagar,Hyderabad,Telangana
17.2823739,78.3827194,Outer Ring Road,Kothwalguda,Hyderabad,Telangana
17.3154972,78.3763807,Outer Ring Road,Hanuman Nagar,Hyderabad,Telangana
17.4030481,78.353166,Outer Ring Road,Narsingi,Hyderabad,Telangana
17.4030918,78.352998,Outer Ring Road,Narsingi,Hyderabad,Telangana
17.4074654,78.3541307,Outer Ring Road,Khajaguda,Hyderabad,Telangana
17.4051382,78.3534033,Outer Ring Road,Narsingi,Hyderabad,Telangana
17.3987659,78.3472496,Outer Ring Road,Kokapet,Hyderabad,Telangana
17.4073884,78.3296574,Outer Ring Road,Financial District,Hyderabad,Telangana
17.4069065,78.330607,Outer Ring Road,Financial District,Hyderabad,Telangana
17.4053485,78.334094,Outer Ring Road,Financial District,Hyderabad,Telangana
17.4071474,78.3301324,Outer Ring Road,Financial District,Hyderabad,Telangana
17.4075525,78.3297489,Outer Ring Road,Financial District,Hyderabad,Telangana
17.4073115,78.3302239,Outer Ring Road,Financial District,Hyderabad,Telangana
17.4050839,78.3342046,Outer Ring Road,Financial District,Hyderabad,Telangana
17.4070707,78.3306984,Outer Ring Road,Financial District,Hyderabad,Telangana
17.4259776,78.532796,Habsiguda Main Road,Tarnaka Flyover;TGSRTC Hospital,Hyderabad,Telangana
17.3224068,78.4312353,Inner Ring Road,Adarsh Nagar,Hyderabad,Telangana
17.3018972,78.4506239,Airport Road,Laxmi Guda,Hyderabad,Telangana
17.3089432,78.4497023,Airport Road,Laxmi Guda,Hyderabad,Telangana
17.2956862,78.4497956,Airport Road,Madhuban Colony,Hyderabad,Telangana
17.307567,78.450475,Airport Road,Laxmi Guda,Hyderabad,Telangana
17.2957033,78.4500585,Airport Road,Madhuban Colony,Hyderabad,Telangana
17.2960932,78.4502291,Airport Road,Madhuban Colony,Hyderabad,Telangana
17.3078795,78.4495447,Airport Road,Laxmi Guda,Hyderabad,Telangana
17.306897,78.450239,Airport Road,Laxmi Guda,Hyderabad,Telangana
17.4192115,78.4482012,Road Number 1,Naveen Nagar,Hyderabad,Telangana
17.4200174,78.4478467,Road Number 1,Dwarkapuri Colony,Hyderabad,Telangana
17.3454284,78.4157077,Rajendra nagar road,Happy Homes Colony,Hyderabad,Telangana
17.38124,78.3556228,APPA-Manchirevula-narsingI rOAD,Manchirevula,Hyderabad,Telangana
17.3834423,78.3554098,APPA-Manchirevula-narsingI rOAD,Manchirevula,Hyderabad,Telangana
17.3732021,78.4293797,Inner Ring Road,Moghal Nagar,Hyderabad,Telangana
17.3730386,78.4293117,Inner Ring Road,Moghal Nagar,Hyderabad,Telangana
17.3750649,78.4294197,Inner Ring Road,Moghal Nagar,Hyderabad,Telangana
17.3753591,78.4292797,Inner Ring Road,Moghal Nagar,Hyderabad,Telangana
17.3259234,78.4742541,Chandrayangutta Flyover,Keshavgiri,Hyderabad,Telangana
17.325969,78.4741755,Chandrayangutta Flyover,Keshavgiri,Hyderabad,Telangana
17.3267518,78.4763237,MBNR Crossroads,Keshavgiri,Hyderabad,Telangana
17.3266139,78.4765783,MBNR Crossroads,Keshavgiri,Hyderabad,Telangana
17.3266619,78.4763852,MBNR Crossroads,Keshavgiri,Hyderabad,Telangana
17.3267038,78.4765168,MBNR Crossroads,Keshavgiri,Hyderabad,Telangana
17.3414146,78.4686979,Falaknuma Road,Sriram Nagar,Hyderabad,Telangana
17.3329316,78.4696492,Falaknuma Road,Falaknuma,Hyderabad,Telangana
17.3297305,78.4712352,Falaknuma Road,Al Jubail Colony,Hyderabad,Telangana
17.3325454,78.4697041,Falaknuma Road,Falaknuma,Hyderabad,Telangana
17.3403456,78.4683687,Falaknuma Road,Sriram Nagar,Hyderabad,Telangana
17.3420414,78.4690296,Falaknuma Road,Sriram Nagar,Hyderabad,Telangana
17.3389452,78.4679517,Falaknuma Road,Char Chaman,Hyderabad,Telangana
17.3403501,78.4684653,Falaknuma Road,Sriram Nagar,Hyderabad,Telangana
17.3423083,78.4690014,Falaknuma Road,Shamsher Gunj,Hyderabad,Telangana
17.3021352,78.4755454,Srisailam Highway,Sadat Nagar,Hyderabad,Telangana
17.3006802,78.4757185,Srisailam Highway,Sadat Nagar,Hyderabad,Telangana
17.2964945,78.4759492,Srisailam Highway,Wadi-E-Omar,Hyderabad,Telangana
17.2964802,78.4760002,Srisailam Highway,Wadi-E-Omar,Hyderabad,Telangana
17.2875271,78.4729133,Srisailam Highway,Quba Colony,Hyderabad,Telangana
17.2875226,78.4729647,Srisailam Highway,Quba Colony,Hyderabad,Telangana
17.3667154,78.4615228,High Court Road,Purana Pul,Hyderabad,Telangana
17.3677547,78.4661252,High Court Road,Petlaburz,Hyderabad,Telangana
17.3453668,78.4158057,Inner Ring Road,Happy Homes Colony,Hyderabad,Telangana
17.3451601,78.4157581,Rajendra nagar road,Happy Homes Colony,Hyderabad,Telangana
17.3442798,78.4151576,Rajendra nagar road,Happy Homes Colony,Hyderabad,Telangana
17.4028363,78.4680408,AG Office Road,Ravindra Bharathi Jn,Hyderabad,Telangana
17.3895051,78.4763862,Abids Road,Abids,Hyderabad,Telangana
17.4007871,78.4704349,Sardar Vallabhai Patel Chowk,Band Lines Colony,Hyderabad,Telangana
17.4273819,78.5303083,Krishna Deva Raya Road,Tarnaka Flyover;TGSRTC Hospital,Hyderabad,Telangana
17.4303413,78.4559372,Greenlands Road,Nishat Bagh Colony,Hyderabad,Telangana
17.5583008,78.3107465,Outer Ring Road,Sultanpur,Hyderabad,Telangana
17.5594826,78.3269884,Outer Ring Road,Sultanpur,Hyderabad,Telangana
17.5619657,78.3574244,Outer Ring Road,Mallampet,Hyderabad,Telangana
17.5593102,78.3270588,Outer Ring Road,Sultanpur,Hyderabad,Telangana
17.5583091,78.313146,Outer Ring Road,Sultanpur,Hyderabad,Telangana
17.5582228,78.3125576,Outer Ring Road,Sultanpur,Hyderabad,Telangana
17.5574825,78.3165242,Outer Ring Road,Sultanpur,Hyderabad,Telangana
17.5617817,78.3574191,Outer Ring Road,Mallampet,Hyderabad,Telangana
17.5582074,78.3137045,Outer Ring Road,Sultanpur,Hyderabad,Telangana
17.5611747,78.3372461,Outer Ring Road,Bollaram,Hyderabad,Telangana
17.5579489,78.3150595,Outer Ring Road,Sultanpur,Hyderabad,Telangana
17.5581277,78.3131126,Outer Ring Road,Sultanpur,Hyderabad,Telangana
17.5584057,78.3125867,Outer Ring Road,Sultanpur,Hyderabad,Telangana
17.3839357,78.3505882,Outer Ring Road,Manchirevula,Hyderabad,Telangana
17.5580276,78.3136668,Outer Ring Road,Sultanpur,Hyderabad,Telangana
17.3838028,78.3507532,Outer Ring Road,Manchirevula,Hyderabad,Telangana
17.5573938,78.3169889,Outer Ring Road,Sultanpur,Hyderabad,Telangana
17.5575736,78.3170267,Outer Ring Road,Sultanpur,Hyderabad,Telangana
17.5617062,78.362486,Outer Ring Road,Mallampet,Hyderabad,Telangana
17.5615223,78.3624755,Outer Ring Road,Mallampet,Hyderabad,Telangana
17.3873676,78.3514725,Outer Ring Road,Narsingi,Hyderabad,Telangana
17.557596,78.3212793,Outer Ring Road,Sultanpur,Hyderabad,Telangana
17.5574634,78.3214353,Outer Ring Road,Sultanpur,Hyderabad,Telangana
17.3883448,78.3514433,Outer Ring Road,Narsingi,Hyderabad,Telangana
17.5598271,78.32697,Service Road,Sultanpur,Hyderabad,Telangana
17.5587958,78.3257959,Service Road,Sultanpur,Hyderabad,Telangana
17.5562381,78.3061801,Service Road,Sultanpur,Hyderabad,Telangana
17.5568771,78.3168606,Service Road,Sultanpur,Hyderabad,Telangana
17.5621056,78.3344936,Service Road,Bollaram,Hyderabad,Telangana
17.5610878,78.3346116,Service Road,Bollaram,Hyderabad,Telangana
17.5549727,78.3056263,Service Road,Sultanpur,Hyderabad,Telangana
17.5622445,78.3428428,Service Road,Bollaram,Hyderabad,Telangana
17.5620503,78.3739186,Service Road,Laxmi Nagar',Hyderabad,Telangana
17.560919,78.3605398,Service Road,Mallampet,Hyderabad,Telangana
17.5621542,78.3613907,Service Road,Mallampet,Hyderabad,Telangana
17.5618619,78.3655816,Service Road,Mallampet,Hyderabad,Telangana
17.5577464,78.3633789,Mallampet Road,Mallampet,Hyderabad,Telangana
17.4447322,78.4670603,Begumpet Airport Flyover,Prakash Nagar,Hyderabad,Telangana
17.4440929,78.4723268,Begumpet Airport Flyover,Prakash Nagar,Hyderabad,Telangana
17.4324591,78.4560772,Begumpet Railway Flyover,Nishat Bagh Colony,Hyderabad,Telangana
17.4418078,78.4581111,Begumpet Railway Flyover,Uma Nagar,Hyderabad,Telangana
17.4418321,78.4579974,Begumpet Railway Flyover,Uma Nagar,Hyderabad,Telangana
17.4352271,78.4556365,Greenlands Road,Kundanbagh,Hyderabad,Telangana
17.4293921,78.4551823,Greenlands Road,Nishat Bagh Colony,Hyderabad,Telangana
17.443359,78.4898807,Paradise Flyover,Patny,Hyderabad,Telangana
17.4434455,78.4831804,Paradise Flyover,Sindhi Colony,Hyderabad,Telangana
17.4433512,78.4834333,Paradise Flyover,Sindhi Colony,Hyderabad,Telangana
17.425382,78.4489112,Punjagutta Flyover,Dwarkapuri Colony,Hyderabad,Telangana
17.4314398,78.4562408,Punjagutta Flyover,Nishat Bagh Colony,Hyderabad,Telangana
17.4407994,78.5058039,Rail Nilayam Road,Nehru Nagar,Hyderabad,Telangana
17.4346211,78.5123833,Rail Nilayam Road,Namala Gundu,Hyderabad,Telangana
17.4350305,78.5124245,Rail Nilayam Road,Namala Gundu,Hyderabad,Telangana
17.4287112,78.4556339,Raj Bhavan Road,Nishat Bagh Colony,Hyderabad,Telangana
17.442821,78.5008578,Sardar Patel Flyover,Nehru Nagar,Hyderabad,Telangana
17.4428749,78.5009553,Sardar Patel Flyover,Nehru Nagar,Hyderabad,Telangana
17.4433476,78.4904676,Sardar Patel Road,Patny,Hyderabad,Telangana
17.4261701,78.4502007,Punjagutta Flyover,Dwarkapuri Colony,Hyderabad,Telangana
17.4410668,78.5055674,St Johns Road,Nehru Nagar,Hyderabad,Telangana
17.4264263,78.5319704,Tarnaka Flyover,Tarnaka Flyover;TGSRTC Hospital,Hyderabad,Telangana
17.4263748,78.531946,Tarnaka Flyover,Tarnaka Flyover;TGSRTC Hospital,Hyderabad,Telangana
17.4277726,78.5296498,Tarnaka Flyover,Tarnaka Flyover;TGSRTC Hospital,Hyderabad,Telangana
17.4276853,78.5295947,Tarnaka Flyover,Tarnaka Flyover;TGSRTC Hospital,Hyderabad,Telangana
17.4354005,78.4553308,Ameerpet Road,Kundanbagh,Hyderabad,Telangana
17.4407664,78.505561,Rail Nilayam Road,Nehru Nagar,Hyderabad,Telangana
17.4430798,78.4984757,Sardar Patel Road,Patny,Hyderabad,Telangana
17.4429112,78.4984833,Sardar Patel Road,Patny,Hyderabad,Telangana
17.4429811,78.4986548,Sardar Patel Road,Patny,Hyderabad,Telangana
17.4430105,78.4982887,Sardar Patel Road,Patny,Hyderabad,Telangana
17.4428037,78.4982746,St Marys Road,Patny,Hyderabad,Telangana
17.4416396,78.4989719,Sarojini Devi Road,Patny,Hyderabad,Telangana
17.4412573,78.4980677,Sarojini Devi Road,Patny,Hyderabad,Telangana
17.4413793,78.4989991,Sarojini Devi Road,Patny,Hyderabad,Telangana
17.3859941,78.3542544,Service Road,Narsingi,Hyderabad,Telangana
17.3860328,78.3540902,Service Road,Narsingi,Hyderabad,Telangana
17.4005813,78.3525714,Service Road,Narsingi,Hyderabad,Telangana
17.4191006,78.3548815,ADP BLVD,Khajaguda,Hyderabad,Telangana
17.3971552,78.3527284,Service Road,Narsingi,Hyderabad,Telangana
17.4198732,78.3555095,Service Road,Khajaguda,Hyderabad,Telangana
17.385813,78.3537865,Flyover,Narsingi,Hyderabad,Telangana
17.4184756,78.3585155,Khajaguda Nanakramguda road,Khajaguda,Hyderabad,Telangana
17.3856507,78.353751,Flyover,Narsingi,Hyderabad,Telangana
17.3725743,78.3488256,APPA-Manchirevula-Narsingi Road,Manchirevula,Hyderabad,Telangana
17.3701354,78.3497566,APPA-Manchirevula-Narsingi Road,Manchirevula,Hyderabad,Telangana
17.3780189,78.3492988,Service Road,Manchirevula,Hyderabad,Telangana
17.3840968,78.3503459,Service Road,Manchirevula,Hyderabad,Telangana
17.3848931,78.3528273,Service Road,Manchirevula,Hyderabad,Telangana
17.3869268,78.3475447,Service Road,Manchirevula,Hyderabad,Telangana
17.3853254,78.3506235,Service Road,Manchirevula,Hyderabad,Telangana
17.3869326,78.3474451,Service Road,Manchirevula,Hyderabad,Telangana
17.3667514,78.3557201,Service Road,Manchirevula,Hyderabad,Telangana
17.3634116,78.3526267,Service Road,Manchirevula,Hyderabad,Telangana
17.3687299,78.3536698,Service Road,Manchirevula,Hyderabad,Telangana
17.3893954,78.351265,Service Road,Narsingi,Hyderabad,Telangana
17.3951461,78.3731213,Neknampur road,Alkapur Township,Hyderabad,Telangana
17.3954665,78.3727381,Neknampur road,Alkapur Township,Hyderabad,Telangana
17.5410572,78.4882343,Doolapally Road,Doolapally,Hyderabad,Telangana
17.5602316,78.4313289,Doolapally Road,Colony Name,Hyderabad,Telangana
17.5604133,78.4328304,Doolapally Road,Colony Name,Hyderabad,Telangana
17.3939267,78.5695793,Uppal - Nagole Bypass Road,Santhi Nagar,Hyderabad,Telangana
17.3939012,78.5696737,Uppal - Nagole Bypass Road,Santhi Nagar,Hyderabad,Telangana
17.3878125,78.5677517,Uppal - Nagole Bypass Road,Jangareddy colony,Hyderabad,Telangana
17.3886264,78.5621968,Uppal - Nagole Bypass Road,Green Fields Colony,Hyderabad,Telangana
17.3886094,78.5621045,Uppal - Nagole Bypass Road,Green Fields Colony,Hyderabad,Telangana
17.3879053,78.5677434,Uppal - Nagole Bypass Road,Jangareddy colony,Hyderabad,Telangana
17.3930307,78.5646108,Uppal - Nagole Bypass Road,Surya Nagar,Hyderabad,Telangana
17.392969,78.5678827,Uppal - Nagole Bypass Road,Santhi Nagar,Hyderabad,Telangana
17.3961964,78.5721281,Uppal - Nagole Bypass Road,Santhi Nagar,Hyderabad,Telangana
17.3960579,78.5717696,Uppal - Nagole Bypass Road,Santhi Nagar,Hyderabad,Telangana
17.3959007,78.5703802,Uppal - Nagole Bypass Road,Santhi Nagar,Hyderabad,Telangana
17.3959574,78.5703356,Uppal - Nagole Bypass Road,Santhi Nagar,Hyderabad,Telangana
17.4779091,78.4151216,IDL Access Road,Habeeb Nagar,Hyderabad,Telangana
17.4590858,78.3846201,HITEC City–Kukatpally Main Road,Chanda Naik Thanda,Hyderabad,Telangana
17.4717198,78.3845076,Hitec - Kukatpally Main Road,APHB Colony,Hyderabad,Telangana
17.4652592,78.385475,Hitec - Kukatpally Main Road,Khanmet,Hyderabad,Telangana
17.4713649,78.3833997,Hitec - Kukatpally Main Road,APHB Colony,Hyderabad,Telangana
17.4713033,78.3834093,Hitec - Kukatpally Main Road,APHB Colony,Hyderabad,Telangana
17.4695039,78.3842452,Hitec - Kukatpally Main Road,Khanmet,Hyderabad,Telangana
17.4694792,78.3843562,Hitec - Kukatpally Main Road,Khanmet,Hyderabad,Telangana
17.4726166,78.4124016,IDL Access Road,Habeeb Nagar,Hyderabad,Telangana
17.4691527,78.4157875,Green Hills Road,Moosapet,Hyderabad,Telangana
17.4694173,78.4114541,Green Hills Road,Habeeb Nagar,Hyderabad,Telangana
17.4712747,78.3833207,Hitec - Kukatpally Main Road,Khanmet,Hyderabad,Telangana
17.4697802,78.4086315,Green Hills Road,Khaitalpur,Hyderabad,Telangana
17.4698299,78.4082654,Green Hills Road,Khaitalpur,Hyderabad,Telangana
17.4683677,78.3864032,KPHB Road,APHB Colony,Hyderabad,Telangana
17.5278344,78.3558014,Bachupally Road,Prajay Shelters,Hyderabad,Telangana
17.5294399,78.3563452,Bachupally Road,Prajay Shelters,Hyderabad,Telangana
17.5407465,78.364604,Medak Road,Bachupally,Hyderabad,Telangana
17.5406564,78.3643035,Medak Road,Bachupally,Hyderabad,Telangana
17.4065397,78.3761176,Lanco Hills Rd,Manikonda,Hyderabad,Telangana
17.4127063,78.395033,Old Bombay Highway,Whisper Valley Colony,Hyderabad,Telangana
17.411855,78.3950315,Manikonda road,Whisper Valley Colony,Hyderabad,Telangana
17.4091203,78.3946834,Manikonda road,Whisper Valley Colony,Hyderabad,Telangana
17.4062208,78.3912115,OU colony road,OU Staff Colony,Hyderabad,Telangana
17.4101207,78.3948382,Manikonda road,Whisper Valley Colony,Hyderabad,Telangana
17.4118638,78.3949047,Manikonda road,Whisper Valley Colony,Hyderabad,Telangana
17.489957,78.3144894,Nallagandla Road,Lingampally,Hyderabad,Telangana
17.4899129,78.3145851,Nallagandla Road,Lingampally,Hyderabad,Telangana
17.4934055,78.3158573,Nallagandla Road,Taranagar,Hyderabad,Telangana
17.4708982,78.3894323,4th Phase Road,APHB Colony,Hyderabad,Telangana
17.4712837,78.387537,4th Phase Road,APHB Colony,Hyderabad,Telangana
17.4725216,78.3875661,HITEC City–Kukatpally Main Road,APHB Colony,Hyderabad,Telangana
17.4685723,78.3946829,Khaitalpur Road,Khaitalpur,Hyderabad,Telangana
17.4692218,78.4031877,Green Hills Road,Khaitalpur,Hyderabad,Telangana
17.3935589,78.3784016,Neknampur Road,Pioneer Colony,Hyderabad,Telangana
17.3962758,78.3708666,Neknampur road,Alkapur Township,Hyderabad,Telangana
17.3942333,78.3749271,Neknampur road,Puppalguda,Hyderabad,Telangana
17.3960651,78.3712144,Neknampur road,Alkapur Township,Hyderabad,Telangana
17.3943081,78.3749757,Neknampur road,Puppalguda,Hyderabad,Telangana
17.3965146,78.3701473,Neknampur road,Alkapur Township,Hyderabad,Telangana
17.3961927,78.3708388,Neknampur road,Alkapur Township,Hyderabad,Telangana
17.3964242,78.3701347,Neknampur road,Alkapur Township,Hyderabad,Telangana
17.3894551,78.367999,Road no 25,Alkapur Township,Hyderabad,Telangana
17.3884777,78.3678334,Alkapur Main road,Greenlands,Hyderabad,Telangana
17.3891603,78.370449,Road no 25,Alkapur Township,Hyderabad,Telangana
17.3882155,78.3679449,Alkapur Main road,Greenlands,Hyderabad,Telangana
17.4258152,78.3406474,ISB Road,Nanakramguda,Hyderabad,Telangana
17.4257624,78.3404212,ISB Road,Nanakramguda,Hyderabad,Telangana
17.4256591,78.3402676,Gopanpally - Wipro Road,Nanakramguda,Hyderabad,Telangana
17.4257978,78.3403136,Gopanpally - Wipro Road,Nanakramguda,Hyderabad,Telangana
17.4587874,78.3659546,Gachibowli - Miyapur Highway,Kothaguda,Hyderabad,Telangana
17.4588713,78.3663854,Hitec City - Kondapur Main Road,Kothaguda,Hyderabad,Telangana
17.4512347,78.3813129,Cyber Towers–Madhapur Main Road,HITEC City,Hyderabad,Telangana
17.4516822,78.3814387,HITEC City–Kukatpally Main Road,HITEC City,Hyderabad,Telangana
17.4519967,78.38129,HITEC City Road,HITEC City,Hyderabad,Telangana
17.4511705,78.3809409,HITEC City Road,HITEC City,Hyderabad,Telangana
17.4513956,78.3807118,HITEC City Road,HITEC City,Hyderabad,Telangana
17.4514561,78.3806546,HITEC City Road,HITEC City,Hyderabad,Telangana
17.4517944,78.3807807,HITEC City–Kondapur Main Road,HITEC City,Hyderabad,Telangana
17.4511635,78.3804938,HITEC City Flyover,HITEC City,Hyderabad,Telangana
17.4511326,78.380576,HITEC City Flyover,HITEC City,Hyderabad,Telangana
17.2719226,78.5783202,Turka Yamjal Road,Vintage Homes,Hyderabad,Telangana
17.2557831,78.5388645,subhedar malla reddy marg,Raghu Homes,Hyderabad,Telangana
17.3909241,78.508634,Golnaka Road,Golnaka,Hyderabad,Telangana
17.3905023,78.5062099,Golnaka Road,Santhi Nagar,Hyderabad,Telangana
17.3904436,78.5062274,Golnaka Road,Santhi Nagar,Hyderabad,Telangana
17.39009,78.5056476,Golnaka Road,Santhi Nagar,Hyderabad,Telangana
17.3901891,78.5056166,Golnaka Road,Santhi Nagar,Hyderabad,Telangana
17.3912335,78.5109212,Shivam Road,Qadri Bagh,Hyderabad,Telangana
17.3912457,78.511006,Shivam Road,Qadri Bagh,Hyderabad,Telangana
17.3914919,78.5109575,Shivam Road,Qadri Bagh,Hyderabad,Telangana
17.5396289,78.4999215,Bolarum to Kompally Road,Brindavan Colony,Hyderabad,Telangana
17.4133485,78.6419221,Korremula Road,Swarnagiri Colony,Hyderabad,Telangana
17.5764771,78.5716753,Shamirpet Toll Station,Upparapalle,Hyderabad,Telangana
17.5118381,78.6396136,ECIL-Keesara Road,Cheeriyal,Hyderabad,Telangana
17.5048704,78.6261952,ECIL-Keesara Road,Cheeriyal,Hyderabad,Telangana
17.5049914,78.6260851,ECIL-Keesara Road,Cheeriyal,Hyderabad,Telangana
17.5085202,78.6312652,ECIL-Keesara Road,Cheeriyal,Hyderabad,Telangana
17.5031361,78.6245369,ECIL-Keesara Road,Cheeriyal,Hyderabad,Telangana
17.5031975,78.6244001,ECIL-Keesara Road,Cheeriyal,Hyderabad,Telangana
17.5103765,78.6349359,ECIL-Keesara Road,Cheeriyal,Hyderabad,Telangana
17.5104545,78.6349198,ECIL-Keesara Road,Cheeriyal,Hyderabad,Telangana
17.5083928,78.6313136,ECIL-Keesara Road,Cheeriyal,Hyderabad,Telangana
17.5134557,78.6438879,ECIL-Keesara Road,Cheeriyal,Hyderabad,Telangana
17.4814998,78.5883761,Chakripuram Road,Nagarjuna Nagar Colony,Hyderabad,Telangana
17.5024147,78.6240784,ECIL-Keesara Road,Cheeriyal,Hyderabad,Telangana
17.5119063,78.6393508,ECIL-Keesara Road,Cheeriyal,Hyderabad,Telangana
17.3754058,78.4805295,Mumbai Highway,Imlibun,Hyderabad,Telangana
17.3752437,78.4804926,Salarjung Bridge,Imlibun,Hyderabad,Telangana
17.3818835,78.4930839,Hyderabad Janagam Highway,Chaderghat,Hyderabad,Telangana
17.3807988,78.491443,Mumbai Highway,Chaderghat,Hyderabad,Telangana
17.3818533,78.4931701,Hyderabad Janagam Highway,Chaderghat,Hyderabad,Telangana
17.3809768,78.4920434,Hyderabad Janagam Highway,Chaderghat,Hyderabad,Telangana
17.3812979,78.4926602,Hyderabad Janagam Highway,Chaderghat,Hyderabad,Telangana
17.3813743,78.4926144,Hyderabad Janagam Highway,Chaderghat,Hyderabad,Telangana
17.3810104,78.4918055,Hyderabad Janagam Highway,Chaderghat,Hyderabad,Telangana
17.3806641,78.4880161,Mumbai Highway,Esamia Bazaar,Hyderabad,Telangana
17.3808537,78.4910268,Mumbai Highway,Chaderghat,Hyderabad,Telangana
17.3809219,78.4917159,Womens College to Esamia Bazar Road,Chaderghat,Hyderabad,Telangana
17.3812506,78.491561,Main Road,Chaderghat,Hyderabad,Telangana
17.3810998,78.4917908,Womens College to Esamia Bazar Road,Chaderghat,Hyderabad,Telangana
17.4034794,78.4636743,Lakdikapul Road,Saifabad,Hyderabad,Telangana
17.4036035,78.4635844,Lakdikapul Road,Saifabad,Hyderabad,Telangana
17.4027721,78.4622452,Lakdikapul Road,Lakdi-ka-pul,Hyderabad,Telangana
17.4068759,78.4614605,Lakdikapul Road,Lakdi-ka-pul,Hyderabad,Telangana
17.402941,78.4627173,Lakdikapul Road,Saifabad,Hyderabad,Telangana
17.4040073,78.4644139,Lakdikapul Road,Saifabad,Hyderabad,Telangana
17.4070822,78.460915,Lakdikapul Road,Lakdi-ka-pul,Hyderabad,Telangana
17.4027111,78.4619135,Mahavir Marg,Lakdi-ka-pul,Hyderabad,Telangana
17.4028208,78.4621401,Mahavir Marg,Lakdi-ka-pul,Hyderabad,Telangana
17.4026804,78.4621963,Redhills to Khairtabad Road,Lakdi-ka-pul,Hyderabad,Telangana
17.4027222,78.4623325,Redhills to Khairtabad Road,Lakdi-ka-pul,Hyderabad,Telangana
17.4197854,78.4006744,Road No 12,Prashasan Nagar,Hyderabad,Telangana
17.4212169,78.4050635,Road No 2,Nandagiri Hills,Hyderabad,Telangana
17.437289,78.3174992,Gopanpally - Wipro Road,Gowlidoddi,Hyderabad,Telangana
17.4210529,78.4011452,Road No 15,Prashasan Nagar,Hyderabad,Telangana
17.4930118,78.3283242,Manjeera Pipeline Road,Gangaram,Hyderabad,Telangana
17.4917838,78.3245361,PJR Stadium Road,Indira Nagar,Hyderabad,Telangana
17.49017,78.3277446,Church Road,Santhi Nagar,Hyderabad,Telangana
17.4897622,78.3430366,Manjeera Pipeline Road,Sri Kalki Heights,Hyderabad,Telangana
17.4859904,78.3221651,Lingampally-Huda Colony Road,Sivaji Nagar,Hyderabad,Telangana
17.4902073,78.3182092,Old Bombay Road,Taranagar,Hyderabad,Telangana
17.5066389,78.3045479,RC Puram BHEL - Beeramguda Rd Mumbai Highway,Mallikarjuna Nagar Colony,Hyderabad,Telangana
17.5079744,78.3126276,Ashok Nagar Main Road,Venkata Ramana Colony,Hyderabad,Telangana
17.493445,78.3319418,MMTS Road,Gangaram,Hyderabad,Telangana
17.4915967,78.333647,Manjeera pipe line road,HUDA Colony,Hyderabad,Telangana
17.4675059,78.3487905,Gouthami Enclave,Gouthami Colony,Hyderabad,Telangana
17.4653988,78.3479847,Gouthami Enclave,Gouthami Colony,Hyderabad,Telangana
17.4063683,78.3811102,Road to Suha Apartments,Manikonda,Hyderabad,Telangana
17.312355,78.5842781,Bank Colony Road,Venkateshwara Colony,Hyderabad,Telangana
17.3091484,78.5839886,Bank Colony Road,Papireddy Colony,Hyderabad,Telangana
17.3160588,78.5811368,Bank Colony Road,Nagireddy Colony,Hyderabad,Telangana
17.3234535,78.5653345,NGO Colony Road,Self Finance Colony,Hyderabad,Telangana
17.3294457,78.5646192,Goverment Hospital Road,CBI Colony,Hyderabad,Telangana
17.3290913,78.5689938,Goverment Hospital Road,Vanasthalipuram,Hyderabad,Telangana
17.3809843,78.5000557,Moon Lit Street,Old Malakpet,Hyderabad,Telangana
17.4202535,78.4043542,Road Number 72,Prashasan Nagar,Hyderabad,Telangana
17.4205658,78.3999055,Road No 11,Prashasan Nagar,Hyderabad,Telangana
17.4215897,78.4004579,Road No 17,Prashasan Nagar,Hyderabad,Telangana
17.4188023,78.4001739,Road No 20,Nyaya Vihar,Hyderabad,Telangana
17.4191419,78.3996384,Road No 19,Nyaya Vihar,Hyderabad,Telangana
17.3290786,78.5876186,Shivalayam Road,Bhagyalatha Colony,Hyderabad,Telangana
17.33322,78.5675351,Masjid Road,Prashanth Nagar,Hyderabad,Telangana
17.303985,78.6075957,Road No.2 Dawaraka Nagar,Munaganur,Hyderabad,Telangana
17.3628811,78.5888202,Nagole-Bandlaguda Main Road,mattuguda,Hyderabad,Telangana
17.34687,78.6163815,Nagole-Bandlaguda Main Road,Doctors Colony,Hyderabad,Telangana
17.3367524,78.6185292,Kuntloor Road,Siddi Vinayak Nagar,Hyderabad,Telangana
17.4179751,78.397597,Narne Road,Nyaya Vihar,Hyderabad,Telangana
17.4136794,78.4114427,Road Number 10,Film Nagar,Hyderabad,Telangana
17.4164953,78.4086258,Film Nagar Main Road,Film Nagar,Hyderabad,Telangana
17.4119015,78.4062467,Road No 13,Tarakrama Nagar,Hyderabad,Telangana
17.4197046,78.4082485,Road Number 71,Journalist Colony,Hyderabad,Telangana
17.4295361,78.3989639,Road No 46,Silent Valley Hills,Hyderabad,Telangana
17.4164865,78.4064569,"Road No 78, Jubilee Hills",Giani Zail Singh Nagar,Hyderabad,Telangana
17.4163088,78.395065,Narne Road,Whisper Valley Colony,Hyderabad,Telangana
17.3189974,78.5945425,Sai Nagar Colony Road,Deshmukhi Sai Nagar,Hyderabad,Telangana
17.3415241,78.62108,Road No 7,Kolan Shiva Reddy Nagar,Hyderabad,Telangana
17.3211367,78.6180445,Road No.3,Greenwood Colony,Hyderabad,Telangana
17.3215533,78.6169914,Road No.2,Greenwood Colony,Hyderabad,Telangana
17.419879,78.3996552,Road No 21,Prashasan Nagar,Hyderabad,Telangana
17.4221165,78.4008245,Road No 16,Prashasan Nagar,Hyderabad,Telangana
17.4413178,78.4873496,Prenderghast Road,Jawahar Nagar Colony,Hyderabad,Telangana
17.5212449,78.3848244,Road No 10,Rajiv Gruhakalpa Colony,Hyderabad,Telangana
17.4628494,78.5628177,Walking path,APHB Colony,Hyderabad,Telangana
17.4533019,78.5653961,walking paths,Mangapuram Colony,Hyderabad,Telangana
17.4525578,78.5660256,walking path,Mangapuram Colony,Hyderabad,Telangana
17.4524039,78.5663037,walking path,Mangapuram Colony,Hyderabad,Telangana
17.452421,78.5662243,walking path,Mangapuram Colony,Hyderabad,Telangana
17.4145252,78.4532713,Anand nagar park,Venkataramana Colony,Hyderabad,Telangana
17.4142347,78.4548918,Park,Anand Nagar,Hyderabad,Telangana
17.3991154,78.5179645,SBI Colony park footpath,DD Colony,Hyderabad,Telangana
17.4203038,78.3395442,Amazon Path way,Nanakramguda,Hyderabad,Telangana
17.4160883,78.3950914,Narne Road,Whisper Valley Colony,Hyderabad,Telangana
17.421362,78.384147,Old Bombay Road,Prashant Hills,Hyderabad,Telangana
17.4442453,78.3536774,Old Bombay Road,Gachibowli,Hyderabad,Telangana
17.4846494,78.3210504,Lingampally Underpass,Adarsh Nagar,Hyderabad,Telangana
17.4847921,78.3209839,Lingampally Underpass,Adarsh Nagar,Hyderabad,Telangana
17.4846272,78.3209724,Lingampally Underpass,Adarsh Nagar,Hyderabad,Telangana
17.4849641,78.3207816,Lingampally Underpass,Adarsh Nagar,Hyderabad,Telangana
17.4832981,78.3206613,Old Bombay Road,Adarsh Nagar,Hyderabad,Telangana
17.4797301,78.3199849,Old Bombay Road,Anand Nagar,Hyderabad,Telangana
17.4795755,78.3199756,Old Bombay Road,Anand Nagar,Hyderabad,Telangana
17.3538675,78.5716738,Street number 3,South End Park,Hyderabad,Telangana
17.439781,78.3765958,Mindspace Underpass,Vittal Rao Nagar,Hyderabad,Telangana
17.4418341,78.3726264,Mindspace road,Telecom Nagar,Hyderabad,Telangana
17.4360968,78.3743375,Hi Tech City Main Road,Telecom Nagar,Hyderabad,Telangana
17.4368571,78.3746236,Hi Tech City Main Road,Telecom Nagar,Hyderabad,Telangana
17.4387679,78.372916,Shilpa Layout road,Telecom Nagar,Hyderabad,Telangana
17.4326836,78.3781098,Dallas centre road,Madhura Nagar Colony,Hyderabad,Telangana
17.3294023,78.5699184,RAHUL LANE,Vanasthalipuram,Hyderabad,Telangana
17.4036105,78.5191483,A Lane Hostel Road,DD Colony,Hyderabad,Telangana
17.3746898,78.5258519,"Road,.no11",Bhavani Nagar,Hyderabad,Telangana
17.3730978,78.5253229,Bhavani Nagar Road,Bhavani Nagar,Hyderabad,Telangana
17.3135452,78.5510842,BN Readdy Road,siripuram,Hyderabad,Telangana
17.3268452,78.5481673,ZP Road,Devaki Enclave,Hyderabad,Telangana
17.3088624,78.5506545,Shivaji Marg,Vinayaka Hills,Hyderabad,Telangana
17.3189099,78.555487,BN Readdy Road,Venkateswara Colony,Hyderabad,Telangana
17.322935,78.5582846,BN Readdy Road,Balaji Colony,Hyderabad,Telangana
17.3224106,78.531936,Meerpet Road,NBR Colony,Hyderabad,Telangana
17.3222107,78.5347984,Meerpet Road,NBR Colony,Hyderabad,Telangana
17.320077,78.5347746,Road No 10,SIRLA hills,Hyderabad,Telangana
17.3173546,78.5425516,Road No 4,Shiva Hills,Hyderabad,Telangana
17.3161566,78.5359526,BN Readdy Road,SIRLA hills,Hyderabad,Telangana
17.3860077,78.4806253,Antariksh Lane,Troop Bazaar,Hyderabad,Telangana
17.3860459,78.4804222,Antariksh lane,Troop Bazaar,Hyderabad,Telangana
17.3868442,78.4805429,Bank Street Mata Mandir Road,Boggulakunta,Hyderabad,Telangana
17.3848073,78.4009908,Commoner Stairs,Bada Bazaar,Hyderabad,Telangana
17.4360253,78.5004388,Regimental Bazar Main Road,Patny,Hyderabad,Telangana
17.3749154,78.4628441,Jinsi Chowrha,Ghode Ki Khabr,Hyderabad,Telangana
17.4116236,78.4986683,Srinivas Nagar Colony Road,Bank of Baroda Colony,Hyderabad,Telangana
17.4158566,78.4991712,Musheerabad Main Road,Zamistanpur,Hyderabad,Telangana
17.4339818,78.3778998,Dallas centre road,Telecom Nagar,Hyderabad,Telangana
17.310694,78.5841319,Bank Colony Road,Jakkidi Ramreddy Colony,Hyderabad,Telangana
17.3392588,78.3659689,Outer Ring Road,Himayath Sagar,Hyderabad,Telangana
17.3298757,78.3716587,Outer Ring Road,HMBS Colony,Hyderabad,Telangana
17.3391371,78.366267,Outer Ring Road,Aravind Nagar,Hyderabad,Telangana
17.3393071,78.366164,Outer Ring Road,Aravind Nagar,Hyderabad,Telangana
17.3083806,78.4392457,Tample Road,Telangana NGOs Colony,Hyderabad,Telangana
17.5831815,78.4162446,Hyderabad-Narsapur Road,Gandimaisamma,Hyderabad,Telangana
17.5032809,78.6555529,Outer Ring Road,Cheeriyal,Hyderabad,Telangana
17.438356,78.3824081,Mindspace Madhapur road,Vittal Rao Nagar,Hyderabad,Telangana
17.4402458,78.3761916,Mindspace road,Vittal Rao Nagar,Hyderabad,Telangana
17.3186157,78.6537943,Vijaywada Highway,Surya Vamshi Garden City,Hyderabad,Telangana
17.3191764,78.6514764,Vijaywada Highway,Surya Vamshi Garden City,Hyderabad,Telangana
17.3184736,78.6537795,Vijaywada Highway,Surya Vamshi Garden City,Hyderabad,Telangana
17.3184999,78.653706,Vijaywada Highway,Surya Vamshi Garden City,Hyderabad,Telangana
17.3978752,78.3484438,Outer Ring Road,Kokapet,Hyderabad,Telangana
17.4005923,78.3437564,Outer Ring Road,Kokapet,Hyderabad,Telangana
17.3990387,78.3463294,Outer Ring Road,Kokapet,Hyderabad,Telangana
17.4033035,78.3377962,Outer Ring Road,Kokapet,Hyderabad,Telangana
17.4035315,78.3377608,Outer Ring Road,Kokapet,Hyderabad,Telangana
17.40464,78.3350799,Outer Ring Road,Financial District,Hyderabad,Telangana
17.3996017,78.3456556,Outer Ring Road,Kokapet,Hyderabad,Telangana
17.4004488,78.343623,Outer Ring Road,Kokapet,Hyderabad,Telangana
17.400084,78.3443351,Outer Ring Road,Kokapet,Hyderabad,Telangana
17.4002045,78.3445083,Outer Ring Road,Kokapet,Hyderabad,Telangana
17.4009631,78.3430306,Outer Ring Road,Kokapet,Hyderabad,Telangana
17.4016992,78.3415157,Outer Ring Road,Kokapet,Hyderabad,Telangana
17.401533,78.3414266,Outer Ring Road,Kokapet,Hyderabad,Telangana
17.4007961,78.3429397,Outer Ring Road,Kokapet,Hyderabad,Telangana
17.4100574,78.3225942,Outer Ring Road,Shanthi Nagar,Hyderabad,Telangana
17.4089278,78.326544,Outer Ring Road,Shanthi Nagar,Hyderabad,Telangana
17.4096035,78.3234337,Outer Ring Road,Shanthi Nagar,Hyderabad,Telangana
17.4087846,78.32638,Outer Ring Road,Shanthi Nagar,Hyderabad,Telangana
17.4079504,78.3284105,Outer Ring Road,Financial District,Hyderabad,Telangana
17.4081071,78.3285231,Outer Ring Road,Financial District,Hyderabad,Telangana
17.4126241,78.3013248,Service Road,Khanapur,Hyderabad,Telangana
17.4115493,78.3113888,Service Road,Khanapur,Hyderabad,Telangana
17.3997646,78.4498822,Chacha Nehru Park Road,Masab Tank,Hyderabad,Telangana
17.4006562,78.4508588,Chacha Nehru Park Road,Masab Tank,Hyderabad,Telangana
17.4022272,78.4517669,Chacha Nehru Park Road,Masab Tank,Hyderabad,Telangana
17.3867483,78.3506704,Service Road,Manchirevula,Hyderabad,Telangana
17.4454163,78.3593284,JV Colony main road,J V Colony,Hyderabad,Telangana
17.4173925,78.4570595,Banjara Hills Road No. 1,Irrum Manzil,Hyderabad,Telangana
17.417348,78.4544864,Judge Kushan Road,Irrum Manzil,Hyderabad,Telangana
17.3971699,78.4522199,vijaynagar colony road,Vijay Nagar Colony,Hyderabad,Telangana
17.3844807,78.4635745,Aghapura to Nampally Road,Dar Us Salaam,Hyderabad,Telangana
17.4088716,78.4621201,Sabita Sadan Road,Khairatabad,Hyderabad,Telangana
17.415085,78.4388972,Banjara Hills Road Number 11,Banjara Hills,Hyderabad,Telangana
17.4196163,78.4431521,Imam Khomenei Road,Vimal Nagar,Hyderabad,Telangana
17.4255419,78.4443615,Devarkonda Basti Road,Nagarjuna Hills,Hyderabad,Telangana
17.3927444,78.4721021,Fateh Maidan Lane,SBH Gun Foundry Jn,Hyderabad,Telangana
17.365195,78.5443152,Road Number 2,Margadarsi Colony,Hyderabad,Telangana
17.3685867,78.5512535,Ramakrishna Puram Road Number 4,Income Tax Colony,Hyderabad,Telangana
17.3643877,78.5476945,Asthalaxmi Temple Road,Vasavi Colony,Hyderabad,Telangana
17.364246,78.5455903,Road Number 4,Margadarsi Colony,Hyderabad,Telangana
17.3661963,78.5452982,Road Number 1,Margadarsi Colony,Hyderabad,Telangana
17.3686705,78.550628,Ramakrishna Puram Road Number 3,Income Tax Colony,Hyderabad,Telangana
17.3649287,78.5458946,Road Number 4C,Margadarsi Colony,Hyderabad,Telangana
17.3679138,78.55207,Ramakrishna Puram Road Number 6,Income Tax Colony,Hyderabad,Telangana
17.3693611,78.5497811,Ramakrishna Puram Road Number 1,Telephone Colony,Hyderabad,Telangana
17.3474272,78.5182395,Bairamalguda Road,Dhani Nagar,Hyderabad,Telangana
17.4360204,78.3612254,swecha road,Telecom Nagar,Hyderabad,Telangana
17.4833272,78.3206253,Old Bombay Road,Adarsh Nagar,Hyderabad,Telangana
17.4818673,78.3202838,Old Bombay Road,Gopi Nagar,Hyderabad,Telangana
17.4919007,78.3483341,Mythri Nagar Lane,Allwyn Colony,Hyderabad,Telangana
17.4909226,78.3367849,Manjira Pipeline Road,RTC Colony,Hyderabad,Telangana
17.4893609,78.3439603,Manjeera Pipeline Road,Sri Kalki Heights,Hyderabad,Telangana
17.3488974,78.5526602,Inner Ring Road,Bhoolaxmi Colony,Hyderabad,Telangana
17.3478334,78.5518208,Inner Ring Road,Bhoolaxmi Colony,Hyderabad,Telangana
17.3117424,78.5201036,Annapurna nagar rd no.1,Lokayukta Colony,Hyderabad,Telangana
17.3100479,78.5210163,sri vidya twp rd no.1,Annapurna Colony,Hyderabad,Telangana
17.310381,78.5197034,sri vidya twp rd no.1,Annapurna Colony,Hyderabad,Telangana
17.456024,78.5339542,1st Lane,R.K. Nagar,Hyderabad,Telangana
17.277059,78.6152752,Torror Road,Munaganur,Hyderabad,Telangana
17.3447195,78.529145,Bairamalguda Road,Raghavendra Nagar,Hyderabad,Telangana
17.3716962,78.5339987,Julius Road,Chaitanyapuri,Hyderabad,Telangana
17.3526897,78.4011175,Maple Town Main Road,Officer's Colony,Hyderabad,Telangana
17.3519087,78.4000186,Central Street,Officer's Colony,Hyderabad,Telangana
17.4360281,78.3605332,Sundarayya Vignana Kendram road,Telecom Nagar,Hyderabad,Telangana
17.3145216,78.549741,BN Readdy Road,Venkateshwara Colony,Hyderabad,Telangana
17.3151602,78.5444161,BN Readdy Road,Nagarjuna Hills,Hyderabad,Telangana
17.3088012,78.5335273,Almasguda Road,Almasguda,Hyderabad,Telangana
17.3092819,78.5326131,Almasguda Road,Almasguda,Hyderabad,Telangana
17.3093302,78.5321215,Almasguda Road,Almasguda,Hyderabad,Telangana
17.3117063,78.5573805,Tirumala Nagar Road,Sagar Complex,Hyderabad,Telangana
17.3124606,78.5576377,Tirumala Nagar Road,Sagar Complex,Hyderabad,Telangana
17.4946537,78.3158571,Old Bombay Road,Taranagar,Hyderabad,Telangana
17.3984892,78.4046888,Abdul Waheed Khan Marg,Samatha Colony,Hyderabad,Telangana
17.4795335,78.3199222,Old Bombay Road,Anand Nagar,Hyderabad,Telangana
17.3961484,78.427779,Golkonda Road,Kakatiya Nagar,Hyderabad,Telangana
17.4412909,78.3743212,Mindspace road,Telecom Nagar,Hyderabad,Telangana
17.4414153,78.3737369,Mindspace road,Telecom Nagar,Hyderabad,Telangana
17.4410882,78.3633261,Gachibowli - Miyapur Highway,J V Colony,Hyderabad,Telangana
17.4540108,78.3635848,Gachibowli - Miyapur Highway,Whitefields,Hyderabad,Telangana
17.4479178,78.3839172,Cyber Towers - Madhapur Main Road,HITEC City,Hyderabad,Telangana
17.4444217,78.3859259,Vittal Rao Nagar,Vittal Rao Nagar,Hyderabad,Telangana
17.4922385,78.3975062,Remedy Hospital Lane,KPHB Colony,Hyderabad,Telangana
17.4956336,78.3970061,Nizampet - JNTU Road Mumbai Highway,KPHB Colony,Hyderabad,Telangana
17.4950299,78.3992489,Nizampet - JNTU Road Mumbai Highway,KPHB Colony,Hyderabad,Telangana
17.4692019,78.4147273,Green Hills Road,Habeeb Nagar,Hyderabad,Telangana
17.4715091,78.3838347,Hitec - Kukatpally Main Road,APHB Colony,Hyderabad,Telangana
17.4422866,78.3771314,HITEC City Road,Vittal Rao Nagar,Hyderabad,Telangana
17.4992316,78.3937438,High Tension Line,Samatha Nagar,Hyderabad,Telangana
17.4993251,78.3937241,High Tension Line,Samatha Nagar,Hyderabad,Telangana
17.4993227,78.3941007,High Tension Line,Samatha Nagar,Hyderabad,Telangana
17.4992461,78.3940787,High Tension Line,Samatha Nagar,Hyderabad,Telangana
17.4438481,78.38329,Huda Techno Enclave road,Vittal Rao Nagar,Hyderabad,Telangana
17.4421237,78.3823426,Huda Techno Enclave road,Vittal Rao Nagar,Hyderabad,Telangana
17.4414388,78.3823137,Huda Techno Enclave road,Vittal Rao Nagar,Hyderabad,Telangana
17.471637,78.3871436,HITEC City–Kukatpally Main Road,APHB Colony,Hyderabad,Telangana
17.4734612,78.387783,HITEC City–Kukatpally Main Road,APHB Colony,Hyderabad,Telangana
17.47931,78.389564,Hitec - Kukatpally Main Road,Phase 5,Hyderabad,Telangana
17.4741298,78.3857793,kphb 7th phase road,APHB Colony,Hyderabad,Telangana
17.4190726,78.3383914,Road No. 1,Nanakramguda,Hyderabad,Telangana
17.4159764,78.3491095,Road No 2,Financial District,Hyderabad,Telangana
17.4229532,78.3360168,Road No 2,Nanakramguda,Hyderabad,Telangana
17.4349875,78.5013445,Regimental Bazar Main Road,Chilkalguda,Hyderabad,Telangana
17.4374818,78.3752903,Hi Tech City Main Road,Telecom Nagar,Hyderabad,Telangana
17.4366063,78.3809485,Inorbit Mall Road,Vittal Rao Nagar,Hyderabad,Telangana
17.4397298,78.3767445,Mindspace Underpass,Vittal Rao Nagar,Hyderabad,Telangana
17.4981395,78.393951,Pragathi Nagar Road,Samatha Nagar,Hyderabad,Telangana
17.499295,78.4027656,Jal Vayu Vihar Road,Bhagyanagar Colony,Hyderabad,Telangana
17.4396573,78.4576498,brahmanvadi street number 1,Uma Nagar,Hyderabad,Telangana
17.4383156,78.4605176,brahmanwadi street number 1,Kundanbagh,Hyderabad,Telangana
17.4311973,78.4134689,Road number 1B,Jubilee Hills,Hyderabad,Telangana
17.4477907,78.4494912,Balkampet road,Balkampet,Hyderabad,Telangana
17.4268302,78.3321257,Gopanpally - Wipro Road,Gowlidoddi,Hyderabad,Telangana
17.4269672,78.3347878,Gopanpally - Wipro Road,Nanakramguda,Hyderabad,Telangana
17.4297698,78.332392,My Home Vihanga Road,Gowlidoddi,Hyderabad,Telangana
17.4529692,78.3668128,Whitefields Road,Whitefields,Hyderabad,Telangana
17.3441965,78.5545931,Vijayavada Highway Flyover,Bhoolaxmi Colony,Hyderabad,Telangana
17.3457875,78.5555982,Road No 5,Bhoolaxmi Colony,Hyderabad,Telangana
17.3432093,78.5559796,Vijaywada Highway,Bhoolaxmi Colony,Hyderabad,Telangana
17.4526859,78.3829984,100 Feet Road,HITEC City,Hyderabad,Telangana
17.4374153,78.5015676,Regimental Bazar Main Road,Patny,Hyderabad,Telangana
17.4406265,78.4988311,Regimental Bazar Main Road,Patny,Hyderabad,Telangana
17.4514156,78.3965855,100 Feet Road,Guttala Begumpet,Hyderabad,Telangana
17.4515041,78.3966255,100 Feet Road,Guttala Begumpet,Hyderabad,Telangana
17.4063764,78.4626263,Lakdikapul Road,Lakdi-ka-pul,Hyderabad,Telangana
17.4211537,78.4106883,Road Number 70,Journalist Colony,Hyderabad,Telangana
17.5129592,78.5389546,Yapral-Ammuguda road,Swarnandhra Colony,Hyderabad,Telangana
17.5046989,78.5342254,Generals Road,Sai Krupa Colony,Hyderabad,Telangana
17.4962852,78.5436355,High Tension Line road,O.U.T Colony,Hyderabad,Telangana
17.4933776,78.5198732,Hislop Road,Lothkunta,Hyderabad,Telangana
17.4962408,78.5211587,Hislop Road,Saraswati Nagar,Hyderabad,Telangana
17.4790103,78.5130085,Lal Bazar,Lal Bazaar,Hyderabad,Telangana
17.4832662,78.5163673,Aswari Road,Lal Bazaar,Hyderabad,Telangana
17.5058862,78.5241684,Sainikpuri-ECIL Main Road,GV Reddy Colony,Hyderabad,Telangana
17.4983168,78.5308631,Sainikpuri-ECIL Main Road,Jai Jawahar Nagar,Hyderabad,Telangana
17.4744428,78.5185924,All Saints Road,Karkhana,Hyderabad,Telangana
17.4831814,78.5161396,Lal Bazar,Lal Bazaar,Hyderabad,Telangana
17.4835465,78.516295,Hislop Road,Lal Bazaar,Hyderabad,Telangana
17.4092195,78.4890543,Indira Park Road,Jawahar Nagar,Hyderabad,Telangana
17.4110974,78.4832167,Indira Park Road,Indira Park Jn,Hyderabad,Telangana
17.4078606,78.4930286,Indira Park Road,Jawahar Nagar,Hyderabad,Telangana
17.4156964,78.5833221,Street no. 2,East Brundavan Colony,Hyderabad,Telangana
17.4157556,78.5829942,Street No 3,East Brundavan Colony,Hyderabad,Telangana
17.4040461,78.5687883,Swaroop Nagar Road,Bharath Nagar,Hyderabad,Telangana
17.4065837,78.5694264,Swaroop Nagar Road,Bharath Nagar,Hyderabad,Telangana
17.4798399,78.5174703,Aswari Road,Lal Bazaar,Hyderabad,Telangana
17.4798395,78.5173995,Aswari Road,Lal Bazaar,Hyderabad,Telangana
17.4796053,78.5176162,Robert Road,Usha Officers Colony,Hyderabad,Telangana
17.3655817,78.5075138,usman garth link road,Akbarbagh,Hyderabad,Telangana
17.3706858,78.5016256,paltan road no 4,Officers Colony,Hyderabad,Telangana
17.3866532,78.3492033,Service Road,Manchirevula,Hyderabad,Telangana
17.4027091,78.4617865,Mahavir Marg,Lakdi-ka-pul,Hyderabad,Telangana
17.4209777,78.5847709,Boduppal Road,Boduppal,Hyderabad,Telangana
17.4241024,78.5669894,Road No 11,Ganesh Colony,Hyderabad,Telangana
17.4248675,78.5864302,Boduppal Road,Boduppal,Hyderabad,Telangana
17.3968854,78.6112362,Road No 14,Parvathapuram,Hyderabad,Telangana
17.3970848,78.6095978,Road No 10,Parvathapuram,Hyderabad,Telangana
17.424029,78.5850791,Boduppal Road,Boduppal,Hyderabad,Telangana
17.4646914,78.4561774,Vinayak Nagar Balanagar Road,Vinayak Nagar,Hyderabad,Telangana
17.4093063,78.571968,Swaroop Nagar Road,Srinivasa Colony,Hyderabad,Telangana
17.4130923,78.4927249,Thanvi Road,Gandhi Nagar,Hyderabad,Telangana
17.4324047,78.4834366,Necklace Road,Jawahar Nagar Colony,Hyderabad,Telangana
17.4343493,78.4799183,Necklace Road,Bapu Bagh Colony,Hyderabad,Telangana
17.4267548,78.4866871,Necklace Road,Jeera,Hyderabad,Telangana
17.4374688,78.4696179,Necklace Road,Prakash Nagar,Hyderabad,Telangana
17.4340615,78.4661203,Necklace Road,BS Makta,Hyderabad,Telangana
17.4306247,78.463021,Necklace Road,BS Makta,Hyderabad,Telangana
17.4286094,78.4624645,Necklace Road,BS Makta,Hyderabad,Telangana
17.4265557,78.4622251,Necklace Road,Somajiguda,Hyderabad,Telangana
17.4210557,78.4642287,Necklace Road,MS Makta,Hyderabad,Telangana
17.4152691,78.4658984,Necklace Road,Khairatabad,Hyderabad,Telangana
17.4554854,78.4101296,allapur road,Allapur,Hyderabad,Telangana
17.4621436,78.3944372,allapur road,Khaitalpur,Hyderabad,Telangana
17.4548875,78.397125,CRMP Road,Parvatha Nagar,Hyderabad,Telangana
17.4528077,78.3824086,Ayyappa Society Underpass,HITEC City,Hyderabad,Telangana
17.4529581,78.3809435,Ayyappa Society Underpass,HITEC City,Hyderabad,Telangana
17.4526854,78.3841429,Ayyappa Society Underpass,HITEC City,Hyderabad,Telangana
17.4911022,78.5491391,H. T. Line Road,O.U.T Colony,Hyderabad,Telangana
17.4846127,78.5564543,H. T. Line Road,Chandrapuri Colony,Hyderabad,Telangana
17.4969107,78.5320353,Yapral-Ammuguda road,Jai Jawahar Nagar,Hyderabad,Telangana
17.4968318,78.5320966,Yapral-Ammuguda road,Jai Jawahar Nagar,Hyderabad,Telangana
17.4966509,78.5322324,Sainikpuri-ECIL Main Road,Jai Jawahar Nagar,Hyderabad,Telangana
17.4966622,78.5322526,Sainikpuri-ECIL Main Road,Jai Jawahar Nagar,Hyderabad,Telangana
17.4971118,78.5317304,Sainikpuri-ECIL Main Road,Jai Jawahar Nagar,Hyderabad,Telangana
17.4971232,78.5317507,Sainikpuri-ECIL Main Road,Jai Jawahar Nagar,Hyderabad,Telangana
17.4968144,78.5324021,Yapral-Ammuguda road,Jai Jawahar Nagar,Hyderabad,Telangana
17.4968615,78.5323736,Yapral-Ammuguda road,Jai Jawahar Nagar,Hyderabad,Telangana
17.494677,78.5341678,Ammuguda-Kandiguda Link Road,Ammuguda,Hyderabad,Telangana
17.4949249,78.5337141,Sainikpuri-ECIL Main Road,Vivekanandapuram,Hyderabad,Telangana
17.4949532,78.5337543,Sainikpuri-ECIL Main Road,Ammuguda,Hyderabad,Telangana
17.4958483,78.5329458,Sainikpuri-ECIL Main Road,Jai Jawahar Nagar,Hyderabad,Telangana
17.5003244,78.5397724,High Tension Line road,Yapral,Hyderabad,Telangana
17.4980395,78.5419328,High Tension Line road,Ammuguda,Hyderabad,Telangana
17.3560509,78.4550543,Zoo Park Main Road,Bahadurpura,Hyderabad,Telangana
17.4101835,78.6292402,Narapally Nandanavanm,Narepally,Hyderabad,Telangana
17.3662226,78.4746348,Agarwal college road,Patthergatti,Hyderabad,Telangana
17.4375394,78.3833209,Mindspace Madhapur road,Vittal Rao Nagar,Hyderabad,Telangana
17.3746368,78.3488186,Outer Ring Road,Manchirevula,Hyderabad,Telangana
17.3726366,78.3490168,Outer Ring Road,Manchirevula,Hyderabad,Telangana
17.371165,78.3498211,Outer Ring Road,Manchirevula,Hyderabad,Telangana
17.372693,78.349201,Outer Ring Road,Manchirevula,Hyderabad,Telangana
17.5608851,78.3319104,Outer Ring Road,Bollaram,Hyderabad,Telangana
17.5612898,78.3512973,Service Road,Bollaram,Hyderabad,Telangana
17.5611978,78.3429052,Service Road,Bollaram,Hyderabad,Telangana
17.5622625,78.356376,Service Road,Mallampet,Hyderabad,Telangana
17.5623681,78.3512779,Service Road,Bollaram,Hyderabad,Telangana
17.4529078,78.4337552,Vikaspuri Colony,Banjara Nagar,Hyderabad,Telangana
17.4186889,78.4128702,Road Number 92,Journalist Colony,Hyderabad,Telangana
17.4147769,78.4497175,Banjara Hills Road Number 10,Naveen Nagar,Hyderabad,Telangana
17.4200376,78.4477313,Banjara Hills Road Number 4,Dwarkapuri Colony,Hyderabad,Telangana
17.4010216,78.4763069,Hyderguda Main Road,Basheerbagh Jn,Hyderabad,Telangana
17.3754252,78.4724701,Begum Bazar Road,Begum Bazaar,Hyderabad,Telangana
17.4171962,78.4491599,Judge Kushan Road,Naveen Nagar,Hyderabad,Telangana
17.4342203,78.3988538,Road No. 44,CBI Colony,Hyderabad,Telangana
17.4371218,78.3951484,Road No. 44,Kavuri Hills,Hyderabad,Telangana
17.4393879,78.4056423,Road number 31,Gayatri Hills,Hyderabad,Telangana
17.4658972,78.3504687,zippr road,Gouthami Colony,Hyderabad,Telangana
17.5259445,78.3714315,Jaya Deepika Estates Road No.1,Nizampet,Hyderabad,Telangana
17.4174197,78.4447668,Banjara Hills Road Number 8,Gaffar Khan Colony,Hyderabad,Telangana
17.5114593,78.6498082,Outer Ring Road,Cheeriyal,Hyderabad,Telangana
17.5091515,78.6516001,Outer Ring Road,Cheeriyal,Hyderabad,Telangana
17.5137129,78.6484284,Outer Ring Road,Cheeriyal,Hyderabad,Telangana
17.5093526,78.6516824,Outer Ring Road,Cheeriyal,Hyderabad,Telangana
17.5116899,78.6498706,Outer Ring Road,Cheeriyal,Hyderabad,Telangana
17.5137981,78.6485967,Outer Ring Road,Cheeriyal,Hyderabad,Telangana
17.5214678,78.6437595,Outer Ring Road,Cheeriyal,Hyderabad,Telangana
17.5195062,78.6451862,Outer Ring Road,Cheeriyal,Hyderabad,Telangana
17.5173208,78.6464432,Outer Ring Road,Cheeriyal,Hyderabad,Telangana
17.5196012,78.6453509,Outer Ring Road,Cheeriyal,Hyderabad,Telangana
17.5188993,78.6457854,Outer Ring Road,Cheeriyal,Hyderabad,Telangana
17.4695443,78.4275385,"Goods Shed Road, Moosapet",Sardar Patel Nagar,Hyderabad,Telangana
17.466131,78.4232089,"Goods Shed Road, Moosapet",Sardar Patel Nagar,Hyderabad,Telangana
17.5356978,78.6338487,Outer Ring Road,Yadgarpally,Hyderabad,Telangana
17.5381181,78.6326828,Outer Ring Road,Yadgarpally,Hyderabad,Telangana
17.5381024,78.6324828,Outer Ring Road,Yadgarpally,Hyderabad,Telangana
17.5589508,78.6271292,Outer Ring Road,Narsampally,Hyderabad,Telangana
17.5214072,78.6440315,Outer Ring Road,Cheeriyal,Hyderabad,Telangana
17.4544093,78.3830626,HITEC City–Kukatpally Main Road,HITEC City,Hyderabad,Telangana
17.4557325,78.3839292,HITEC City–Kukatpally Main Road,HITEC City,Hyderabad,Telangana
17.4553752,78.3836727,HITEC City Flyover,HITEC City,Hyderabad,Telangana
17.4553682,78.3837559,HITEC City Flyover,HITEC City,Hyderabad,Telangana
17.4530527,78.3911796,Ayyappa Society Main Road,Chanda Naik Thanda,Hyderabad,Telangana
17.4751221,78.3081812,Nallagandla Road,Nallagandla,Hyderabad,Telangana
17.4801209,78.3110693,Nallagandla Flyover,Rail Vihar,Hyderabad,Telangana
17.4802424,78.3110767,Nallagandla Flyover,Rail Vihar,Hyderabad,Telangana
17.4728746,78.3091831,Nallagandla Road,Nallagandla,Hyderabad,Telangana
17.4730666,78.3091801,Nallagandla Road,Nallagandla,Hyderabad,Telangana
17.4801494,78.3200394,Old Bombay Road,Anand Nagar,Hyderabad,Telangana
17.4461655,78.3657866,Mindspace road,Studiorigin - Interior Designer in Hyderabad,Hyderabad,Telangana
17.4590883,78.365527,Kothaguda Village Road,Kothaguda,Hyderabad,Telangana
17.4376403,78.3824276,Mindspace madhapur road,Vittal Rao Nagar,Hyderabad,Telangana
17.3509111,78.553292,Road No 3,RTC Colony,Hyderabad,Telangana
17.4412677,78.3658225,kuhank lane,J V Colony,Hyderabad,Telangana
17.4356131,78.4545804,Ameerpet Road,Kundanbagh,Hyderabad,Telangana
17.4231848,78.4262546,Road No. 2,BN Reddy Colony,Hyderabad,Telangana
17.4271586,78.4397105,Road No 3,Green Valley,Hyderabad,Telangana
17.3517537,78.4195929,Inner Ring Road,Ashok Vihar,Hyderabad,Telangana
17.4359689,78.5120434,Rail Nilayam Road Underpass,Chilkalguda,Hyderabad,Telangana
17.4398993,78.5247466,Marredpally-Tukaram Gate main road,Fateh Nagar,Hyderabad,Telangana
17.4265555,78.4536843,DurgaNagar Park Road,Panjagutta,Hyderabad,Telangana
17.4916073,78.3892509,Gowthami pg boys hostel road,Vasanth Nagar,Hyderabad,Telangana
17.4580848,78.3068514,1st Cross Road,Nallagandla,Hyderabad,Telangana
17.4602572,78.3765614,Hitex Road,Kondapur,Hyderabad,Telangana
17.4563734,78.3770377,Hitex Road,Kondapur,Hyderabad,Telangana
17.4564024,78.3771039,HITEC City–Kondapur Main Road,Kondapur,Hyderabad,Telangana
17.4604201,78.376437,Hitex Road,Kondapur,Hyderabad,Telangana
17.3628206,78.5992467,park road,Anjanadri Nagar,Hyderabad,Telangana
17.3713197,78.5756739,Rd No 5/2,Indraprastha,Hyderabad,Telangana
17.3708347,78.5757883,Rd No 5/2,Indraprastha,Hyderabad,Telangana
17.4604051,78.3766698,Hitex Road,Kondapur,Hyderabad,Telangana
17.5044319,78.3874315,Nizampet Road,Nagarjuna Homes,Hyderabad,Telangana
17.5026474,78.3885627,Nizampet Road,Nagarjuna Homes,Hyderabad,Telangana
17.3508479,78.3987208,Maple Town Street Villa 114 - 118,Tirumala Gardens,Hyderabad,Telangana
17.4366267,78.38553,Mindspace Madhapur road,Madhapur,Hyderabad,Telangana
17.4771134,78.3905758,Raintree Park Road,Phase 7,Hyderabad,Telangana
17.4764083,78.3912026,Raintree Park Road,Phase 7,Hyderabad,Telangana
17.4482348,78.3982869,Road no 11,Guttala Begumpet,Hyderabad,Telangana
17.4803369,78.3793308,13th Phase Road,Venkata Ramana Colony,Hyderabad,Telangana
17.4749807,78.3915023,Lodha Road,Phase 7,Hyderabad,Telangana
17.3431121,78.5405516,Bairamalguda Road,Vijaynagar Colony,Hyderabad,Telangana
17.3432465,78.5389981,Bairamalguda Road,Vijaynagar Colony,Hyderabad,Telangana
17.3426302,78.5441871,Bairamalguda Road,Bairamalguda,Hyderabad,Telangana
17.4712976,78.3881123,Road Number 6,APHB Colony,Hyderabad,Telangana
17.4502131,78.3791693,Trident Internal road,HITEC City,Hyderabad,Telangana
17.3645226,78.5430441,Vijaywada Highway,Margadarsi Colony,Hyderabad,Telangana
17.4652955,78.3687738,Nehru Road,Izzat Nagar,Hyderabad,Telangana
17.5184518,78.3982793,Baptist Church Street,Pragathi Nagar,Hyderabad,Telangana
17.5180664,78.3982763,Baptist Church Street,Pragathi Nagar,Hyderabad,Telangana
17.4143514,78.3720505,Road No. 6,Janmabhoomi Colony,Hyderabad,Telangana
17.4239769,78.340741,Paayilis road,Nanakramguda,Hyderabad,Telangana
17.4619294,78.3519149,Sriram Nagar Road,Sriram Nagar,Hyderabad,Telangana
17.4630253,78.3080884,Bake Factory Road,Nallagandla,Hyderabad,Telangana
17.4429142,78.3698625,Mindspace road,Telecom Nagar,Hyderabad,Telangana
17.4423856,78.3710975,Mindspace road,Telecom Nagar,Hyderabad,Telangana
17.4432309,78.3685923,Mindspace road,J V Colony,Hyderabad,Telangana
17.5025082,78.5140086,towards alwal,PO Golnaka,Hyderabad,Telangana
17.4267556,78.6432439,Kalo dromo street,Anna Nagar,Hyderabad,Telangana
17.4295106,78.6413112,Rua Boa Street,Anna Nagar,Hyderabad,Telangana
17.429453,78.6420353,Achchha paark sadak,Anna Nagar,Hyderabad,Telangana
17.4294934,78.6416665,Bonne rue street,Anna Nagar,Hyderabad,Telangana
17.4283485,78.6419244,Achchha paark sadak,Anna Nagar,Hyderabad,Telangana
17.4286173,78.64158,Bonne rue street,Anna Nagar,Hyderabad,Telangana
17.4285637,78.6423151,Mannci parku vidhi,Anna Nagar,Hyderabad,Telangana
17.4294279,78.642419,Mannci parku vidhi,Anna Nagar,Hyderabad,Telangana
17.4294006,78.6427884,Kalo dromo street,Anna Nagar,Hyderabad,Telangana
17.429425,78.6431534,I tori  street,Anna Nagar,Hyderabad,Telangana
17.4293959,78.6435527,Goede straat street,Anna Nagar,Hyderabad,Telangana
17.42851,78.6430616,I tori street,Anna Nagar,Hyderabad,Telangana
17.4276202,78.6433879,Goede straat street,Anna Nagar,Hyderabad,Telangana
17.4278276,78.6440776,Khoroshaya ulitsa street,Anna Nagar,Hyderabad,Telangana
17.4290868,78.6409355,Buena calle Street,Anna Nagar,Hyderabad,Telangana
17.4300324,78.6432581,Third street,Anna Nagar,Hyderabad,Telangana
17.427988,78.6427781,First Street,Anna Nagar,Hyderabad,Telangana
17.4286353,78.6412105,Rua Boa Street,Anna Nagar,Hyderabad,Telangana
17.4070334,78.4605795,Lakdikapul Road,Lakdi-ka-pul,Hyderabad,Telangana
17.4469978,78.5716241,Nacharam Road,NTR Nagar,Hyderabad,Telangana
17.4523091,78.5655034,NFC Main Road,Thirumala Nagar,Hyderabad,Telangana
17.4614387,78.3638715,park walk path,Kothaguda,Hyderabad,Telangana
17.5019732,78.3887797,Nizampet Road,Nagarjuna Homes,Hyderabad,Telangana
17.4953332,78.3171302,RC Puram BHEL - Beeramguda Rd Mumbai Highway,Taranagar,Hyderabad,Telangana
17.3065071,78.5545646,Road No 3,Tirumala Nagar,Hyderabad,Telangana
17.292778,78.5017124,RCI road,Sri Balaji Township,Hyderabad,Telangana
17.4777141,78.5108177,Military Dairy Farm Road,Army Family Quarters,Hyderabad,Telangana
17.4871937,78.4734168,Military Dairy Farm Road,Swarnadhama Nagar,Hyderabad,Telangana
17.4696507,78.4274298,"Goods Shed Road, Moosapet",Sardar Patel Nagar,Hyderabad,Telangana
17.4695319,78.4274279,"Goods Shed Road, Moosapet",Sardar Patel Nagar,Hyderabad,Telangana
17.4677795,78.4252769,"Goods Shed Road, Moosapet",Sardar Patel Nagar,Hyderabad,Telangana
17.4696205,78.4275421,Moosapet Road,Sardar Patel Nagar,Hyderabad,Telangana
17.4695612,78.4273668,"Goods Shed Road, Moosapet",Sardar Patel Nagar,Hyderabad,Telangana
17.3130453,78.5296455,Street no 14,Sai Nagar,Hyderabad,Telangana
17.3107044,78.5296077,Street No 13,Sita Homes Ph-III,Hyderabad,Telangana
17.4540924,78.4220451,borabanda allahapur road,Kalyan Nagar,Hyderabad,Telangana
17.4570148,78.4224268,Moti Nagar Main road,Panduranga Rao Colony,Hyderabad,Telangana
17.4556642,78.422533,Moti Nagar Main road,Panduranga Rao Colony,Hyderabad,Telangana
17.4559418,78.4224397,Moti Nagar Main road,Panduranga Rao Colony,Hyderabad,Telangana
17.3981068,78.5051089,Nallakunta Main Road,Nallakunta,Hyderabad,Telangana
17.4022894,78.5077111,RTC X Road,Padma Colony,Hyderabad,Telangana
17.4052609,78.5004741,RTC X Road,VST X Roads,Hyderabad,Telangana
17.3944546,78.4988877,TGSRTC Barkatpura Bus Depot  Road,Barkatpura,Hyderabad,Telangana
17.394329,78.4989765,TGSRTC Barkatpura Bus Depot  Road,Barkatpura,Hyderabad,Telangana
17.3956849,78.5026,Barkhatpura Road,Fever Hospital Jn,Hyderabad,Telangana
17.3950712,78.5015621,Barkhatpura Bridge,Ratna Nagar,Hyderabad,Telangana
17.3946751,78.4999507,Barkhatpura Road,Ratna Nagar,Hyderabad,Telangana
17.393898,78.5108068,Shivam Road,New Nallakunta,Hyderabad,Telangana
17.3938281,78.5108847,Shivam Road,New Nallakunta,Hyderabad,Telangana
17.3938866,78.5108851,Shivam Road,New Nallakunta,Hyderabad,Telangana
17.3938679,78.5109308,Tilak Nagar Road,New Nallakunta,Hyderabad,Telangana
17.3938671,78.5108455,Tilak Nagar Main Road,New Nallakunta,Hyderabad,Telangana
17.3815248,78.5696344,Nagole Jaipur Colony Main Road,Weaker Section Colony,Hyderabad,Telangana
17.4976981,78.4072885,Gajularamaram Road,AS Raju Nagar,Hyderabad,Telangana
17.4997786,78.4086808,Gajularamaram Road,Navodaya Colony,Hyderabad,Telangana
17.4976801,78.4071713,Gajularamaram Road,AS Raju Nagar,Hyderabad,Telangana
17.4994275,78.4084078,Gajularamaram Road,Navodaya Colony,Hyderabad,Telangana
17.5249752,78.4231216,gajularamaram road,Gajularamaram,Hyderabad,Telangana
17.522181,78.4288501,Gajularamaram Road,Prakasam Pantulu Nagar,Hyderabad,Telangana
17.515132,78.4411427,Gajularamaram Road,Srinivas Nagar,Hyderabad,Telangana
17.4937258,78.4017264,Nizampet - JNTU Road Mumbai Highway,Kukatpally,Hyderabad,Telangana
17.493436,78.4023572,Nizampet - JNTU Road Mumbai Highway,Kukatpally,Hyderabad,Telangana
17.4938679,78.4017994,Nizampet - JNTU Road Mumbai Highway,Kukatpally,Hyderabad,Telangana
17.4932063,78.4032252,Nizampet - JNTU Road Mumbai Highway,Kukatpally,Hyderabad,Telangana
17.4931299,78.4041484,NTR Nagar Road,Kukatpally,Hyderabad,Telangana
17.4931712,78.4042736,NTR Nagar Road,Kukatpally,Hyderabad,Telangana
17.4627606,78.3854085,Hitec - Kukatpally Main Road,Khanmet,Hyderabad,Telangana
17.4559128,78.4251067,Borabanda Mothinagar road,Panduranga Rao Colony,Hyderabad,Telangana
17.4543354,78.4236608,Don Bosco road,Kalyan Nagar,Hyderabad,Telangana
17.4559126,78.4252384,PR Nagar road,Panduranga Rao Colony,Hyderabad,Telangana
17.4588586,78.4268622,PR Nagar road,Panduranga Rao Colony,Hyderabad,Telangana
17.4427383,78.3857339,Police Quarters road,Vittal Rao Nagar,Hyderabad,Telangana
17.4127266,78.4783439,Lower Tank Bund Road,Kattamaisamma Junction,Hyderabad,Telangana
17.4160714,78.4808716,Lower Tank Bund Road,Kattamaisamma Junction,Hyderabad,Telangana
17.3779302,78.5435045,church lane,Satya Nagar Colony,Hyderabad,Telangana
17.3774485,78.5436426,gouds colony road  no 4,Satya Nagar Colony,Hyderabad,Telangana
17.422458,78.4863348,Lower Tank Bund Road,Children's Park Jn,Hyderabad,Telangana
17.4225901,78.4867472,Lower Tank Bund Road,Children's Park Jn,Hyderabad,Telangana
17.4508581,78.422801,sriram nagar road,Moti Nagar,Hyderabad,Telangana
17.4364215,78.4321257,Yousufguda Basti,Ganapati Complex,Hyderabad,Telangana
17.4374593,78.4274051,Street Number 4,Yousufguda,Hyderabad,Telangana
17.437766,78.4274406,Street Number 4,Yousufguda,Hyderabad,Telangana
17.4458732,78.4272807,AG Colony Road No.1,AG Colony,Hyderabad,Telangana
17.4446452,78.4320216,GTS Colony Road,Vengal Rao Nagar,Hyderabad,Telangana
17.4446802,78.4320247,GTS Colony Road,Vengal Rao Nagar,Hyderabad,Telangana
17.4738618,78.3935569,KPHB 6th Phase Road,Phase 7,Hyderabad,Telangana
17.367128,78.5283936,vv nagar rd,Lalitha Nagar,Hyderabad,Telangana
17.4805609,78.6237032,Rampally X Roads,Rampally,Hyderabad,Telangana
17.4957877,78.6126509,ECIL-Keesara Road,Nagaram,Hyderabad,Telangana
17.4831285,78.5946173,Vijyapura Colony,Nagaram,Hyderabad,Telangana
17.4568066,78.4093044,borabanda allahapur road,Allapur,Hyderabad,Telangana
17.4560937,78.4080688,allapur road,Allapur,Hyderabad,Telangana
17.4586433,78.4023914,allapur road,Vivekananda,Hyderabad,Telangana
17.437446,78.482044,Minister's Road,Krishna Nagar Colony,Hyderabad,Telangana
17.4413973,78.4786823,Minister's Road,Sindhi Colony,Hyderabad,Telangana
17.4310245,78.4209508,road no 2,Venkatagiri,Hyderabad,Telangana
17.3668957,78.5306336,vv nagar rd,Vivekananda Nagar,Hyderabad,Telangana
17.366926,78.5304196,vv nagar rd,Vivekananda Nagar,Hyderabad,Telangana
17.3666405,78.5034771,usman garth link road,Akbarbagh,Hyderabad,Telangana
17.4429102,78.4533009,Parallel rail road,Balkampet,Hyderabad,Telangana
17.4385759,78.3783121,Mindspace Junction Flyover,Vittal Rao Nagar,Hyderabad,Telangana
17.4385089,78.3782624,Mindspace Junction Flyover,Vittal Rao Nagar,Hyderabad,Telangana
17.4471518,78.3644546,Mindspace road,Studiorigin - Interior Designer in Hyderabad,Hyderabad,Telangana
17.486446,78.391215,JNTU Malaysian Twp Flyover,Phase 3,Hyderabad,Telangana
17.4866058,78.3913096,JNTU Malaysian Twp Flyover,Phase 3,Hyderabad,Telangana
17.421155,78.3404574,"Walkway, JOC",Nanakramguda,Hyderabad,Telangana
17.4273002,78.3289775,Gopanpally - Wipro Road,Gowlidoddi,Hyderabad,Telangana
17.3994406,78.4161805,Tolichowki Road,Neeraj Colony,Hyderabad,Telangana
17.3892357,78.4546822,Asif Nagar road,Mallepally,Hyderabad,Telangana
17.3952156,78.5041851,Tilak Nagar Main Road,Fever Hospital Jn,Hyderabad,Telangana
17.3898099,78.4991342,Kachiguda Station Road,Kacheguda,Hyderabad,Telangana
17.3787386,78.4837998,MGBS Road,Imlibun,Hyderabad,Telangana
17.402335,78.3795647,Road Number 16,Secretariat Employees Colony,Hyderabad,Telangana
17.5033839,78.3179745,Ameenpur Road,Jawahar Nagar Colony,Hyderabad,Telangana
17.5002013,78.3176036,Ameenpur Road,Jawahar Nagar Colony,Hyderabad,Telangana
17.3751075,78.4925745,صحیفہ مسجد روڈ,Azampura,Hyderabad,Telangana
17.4075365,78.518232,ECE Department Rd,DD Colony,Hyderabad,Telangana
17.3828012,78.4384823,Colony road,ASR Nagar,Hyderabad,Telangana
17.4257101,78.4381688,Banjara Hills Road Number 6,Green Valley,Hyderabad,Telangana
17.4887477,78.5443072,3rd Avenue,Sainikpuri,Hyderabad,Telangana
17.4693046,78.3766371,Hitex Road,Khanmet,Hyderabad,Telangana
17.4692357,78.3766923,Hitex Road,Khanmet,Hyderabad,Telangana
17.4696151,78.3749015,Hitex Road,Izzat Nagar,Hyderabad,Telangana
17.4211023,78.5606461,Chilkanagar Main Road,Chilka Nagar,Hyderabad,Telangana
17.4950384,78.3419515,Allwyn - Gangaram Road Mumbai Highway,Madinaguda,Hyderabad,Telangana
17.494151,78.3497054,Allwyn - Gangaram Road Mumbai Highway,Allwyn Colony,Hyderabad,Telangana
17.4909112,78.3534344,Gachibowli - Miyapur Road,Allwyn Colony,Hyderabad,Telangana
17.4466483,78.3704317,Phoenix Avance Sez Internal road,Studiorigin - Interior Designer in Hyderabad,Hyderabad,Telangana
17.4472028,78.3717046,Phoenix Avance Sez Internal road,Studiorigin - Interior Designer in Hyderabad,Hyderabad,Telangana
17.4211478,78.5658939,Road No 4,New Hema Nagar,Hyderabad,Telangana
17.4219229,78.5675755,Road No 8,Ganesh Colony,Hyderabad,Telangana
17.4137271,78.5584516,Road No 11,Raghavendra Nagar Colony,Hyderabad,Telangana
17.4258789,78.5679799,Road No 6A,Ganesh Colony,Hyderabad,Telangana
17.4274988,78.5695472,Road No 8,Ganesh Colony,Hyderabad,Telangana
17.426076,78.5691978,Road No 7,Ganesh Colony,Hyderabad,Telangana
17.4266748,78.5703343,Road No 1,Ganesh Colony,Hyderabad,Telangana
17.4279222,78.5688425,Road No 11,Ganesh Colony,Hyderabad,Telangana
17.4277867,78.5691829,Road No 10,Ganesh Colony,Hyderabad,Telangana
17.4277381,78.5695357,Road No 9,Ganesh Colony,Hyderabad,Telangana
17.4261105,78.5682549,Road No 6,Ganesh Colony,Hyderabad,Telangana
17.4259441,78.5685593,Road No 5,Ganesh Colony,Hyderabad,Telangana
17.4258405,78.5689053,Road No 4,Ganesh Colony,Hyderabad,Telangana
17.4265119,78.5694989,Road No3,Ganesh Colony,Hyderabad,Telangana
17.4207009,78.5676117,Street no 2,New Hema Nagar,Hyderabad,Telangana
17.4212044,78.547647,road number 4A,HMT Nagar,Hyderabad,Telangana
17.4896761,78.3316887,MMTS Road,HUDA Colony,Hyderabad,Telangana
17.5036704,78.3204554,Suraksha Enclave Main Road,Jawahar Nagar Colony,Hyderabad,Telangana
17.5156603,78.3191007,Ameenpur Road,Sri Ramanagar Colony,Hyderabad,Telangana
17.5026794,78.3138721,Jyothi Nagar Main Road,Jawahar Nagar Colony,Hyderabad,Telangana
17.4978271,78.3149489,RC Puram BHEL - Beeramguda Rd Mumbai Highway,Gowtami Nagar Colony,Hyderabad,Telangana
17.5036412,78.3157438,Jyothi Nagar Main Road,Jawahar Nagar Colony,Hyderabad,Telangana
17.4231065,78.5138721,Emerald Block road,Skandagiri,Hyderabad,Telangana
17.4232049,78.5140749,Emerald Block road,Skandagiri,Hyderabad,Telangana
17.50006,78.3893488,Nizampet Road,Vasantha Nagar,Hyderabad,Telangana
17.4987158,78.3895604,Nizampet Road,Vasantha Nagar,Hyderabad,Telangana
17.498689,78.3899363,Nizampet Road,Vasantha Nagar,Hyderabad,Telangana
17.4902396,78.3926027,JNTU Road,Phase 3,Hyderabad,Telangana
17.4960442,78.3955867,JNTU Road,KPHB Colony,Hyderabad,Telangana
17.4983508,78.3896376,Service Road,Vasantha Nagar,Hyderabad,Telangana
17.4988433,78.3861488,Service Road,Vasantha Nagar,Hyderabad,Telangana
17.4977384,78.388218,12th Road,Satyanarayanaswamy Nagar,Hyderabad,Telangana
17.498324,78.3883512,12th Road,Vasantha Nagar,Hyderabad,Telangana
17.4989796,78.3870161,Nizampet - Miyapur Road Mumbai Highway,Vasantha Nagar,Hyderabad,Telangana
17.4391872,78.4977132,Paranjyothi Street,Patny,Hyderabad,Telangana
17.4390754,78.4984856,Paranjyothi Street,Patny,Hyderabad,Telangana
17.505808,78.3277877,Aparna Hillpark Road,Sri Satya Enclave,Hyderabad,Telangana
17.4243112,78.4951102,Jain Temple Road,PS Colony,Hyderabad,Telangana
17.3852763,78.5572498,HMDA LAYOUT ROAD,Mamatha Nagar,Hyderabad,Telangana
17.5013875,78.3522692,Raghavendra Apartments Road,Prasanth Nagar,Hyderabad,Telangana
17.4432172,78.4773973,Patigadda Road,Rasoolpura,Hyderabad,Telangana
17.354042,78.5687975,Street number 14/3,South End Park,Hyderabad,Telangana
17.354861,78.5700372,Street number 9,South End Park,Hyderabad,Telangana
17.3556083,78.5685315,Street number 14,South End Park,Hyderabad,Telangana
17.3554712,78.5688515,Street number 13,South End Park,Hyderabad,Telangana
17.356773,78.3702794,PBEL City Road,Shiva Sai Phase-II,Hyderabad,Telangana
17.3537538,78.3697361,PBEL City Road,Vikas Nagar,Hyderabad,Telangana
17.4793892,78.5324707,R K Puram Flyover,Gandhi Nagar,Hyderabad,Telangana
17.4342684,78.501086,Secunderabad Railway Station Road,Chilkalguda,Hyderabad,Telangana
17.4329081,78.5213739,RRB Road,Sitaphalmandi,Hyderabad,Telangana
17.3994521,78.4161447,Tolichowki Flyover,Neeraj Colony,Hyderabad,Telangana
17.3968549,78.4235113,Old Bombay Highway,Salarjung Colony,Hyderabad,Telangana
17.3997525,78.4158612,Tolichowki Flyover,Neeraj Colony,Hyderabad,Telangana
17.3998123,78.4158338,Tolichowki Road,Neeraj Colony,Hyderabad,Telangana
17.5494667,78.4222553,Suraram Village Road,Tirumala Enclave,Hyderabad,Telangana
17.4247207,78.5433843,Street 11,Snehapuri,Hyderabad,Telangana
17.4250861,78.543946,Appartments road,Snehapuri,Hyderabad,Telangana
17.4575619,78.3736605,HITEC City–Kondapur Main Road,Kondapur,Hyderabad,Telangana
17.4313828,78.3882375,Inorbit Mall Road,CBI Colony,Hyderabad,Telangana
17.4346153,78.3884065,Durgam Cheruvu Road,Madhapur,Hyderabad,Telangana
17.457819,78.359394,Masjid Banda Road,Kothaguda,Hyderabad,Telangana
17.4578208,78.3592012,Masjid Banda Road,Kothaguda,Hyderabad,Telangana
17.3970992,78.4969784,Bagh Lingampally Main Road,Bagh Lingampally,Hyderabad,Telangana
17.3975985,78.4974194,Bagh Lingampally Main Road,Bagh Lingampally,Hyderabad,Telangana
17.4179921,78.3444804,Road No 2,Nanakramguda,Hyderabad,Telangana
17.4217778,78.3444184,Paayilis road,Nanakramguda,Hyderabad,Telangana
17.418739,78.3463894,Wave rock road,Nanakramguda,Hyderabad,Telangana
17.4171735,78.3458751,Road No 2,Financial District,Hyderabad,Telangana
17.5076044,78.4999564,Alwal Road,Old Alwal,Hyderabad,Telangana
17.5085922,78.50373,towards alwal,Srinagar Colony,Hyderabad,Telangana
17.5073982,78.5042006,towards alwal,Vasavi Nagar,Hyderabad,Telangana
17.4358115,78.335526,Road Number 5,Gowlidoddi,Hyderabad,Telangana
17.4553973,78.3437381,walkers way,Gouthami Colony,Hyderabad,Telangana
17.3048211,78.5138216,Scidmore Park,Sai Balaji Homes Phase-I,Hyderabad,Telangana
17.4017349,78.5978438,prashant nagar colony road,Sankar Nagar,Hyderabad,Telangana
17.4286358,78.5097624,sairam lane,Walker Town,Hyderabad,Telangana
17.4177729,78.628239,Scidmore Park,Narepally,Hyderabad,Telangana
17.5667211,78.5226484,Kompally to Devaryamjal & Thumkunta Road,Turkapalli,Hyderabad,Telangana
17.5388156,78.4906697,Nizamabad Road,Brindavan Colony,Hyderabad,Telangana
17.5087545,78.5037694,Alwal Road,Srinagar Colony,Hyderabad,Telangana
17.4363944,78.3947591,kavuri hills road,Kavuri Hills,Hyderabad,Telangana
17.3954431,78.489913,Narayanguda Main Road,Narayanguda,Hyderabad,Telangana
17.4036751,78.4956629,Chikkadapally Road,Chikkadpally,Hyderabad,Telangana
17.4455477,78.6371292,Pocharam Village Main Road,Pocharam,Hyderabad,Telangana
17.4450708,78.6414881,Pocharam Village Main Road,Pocharam,Hyderabad,Telangana
17.4278359,78.407159,Road number 56,Nandagiri Hills,Hyderabad,Telangana
17.4426087,78.3990448,road no 72,Kavuri Hills,Hyderabad,Telangana
17.4505709,78.4045088,Madhapur - Borabanda Road,Guttala Begumpet,Hyderabad,Telangana
17.3117475,78.5203554,Annapurna nagar rd no.1,Annapurna Colony,Hyderabad,Telangana
17.3117207,78.5207166,Annapurna nagar rd no.1,Annapurna Colony,Hyderabad,Telangana
17.3116612,78.5212053,Annapurna nagar rd no.1,Annapurna Colony,Hyderabad,Telangana
17.3116152,78.5217197,Annapurna nagar rd no.1,Annapurna Colony,Hyderabad,Telangana
17.4698619,78.5466377,street number 4,East Deen Dayal Nagar,Hyderabad,Telangana
17.2904549,78.534769,Ratna enclave road,Ratna Enclave,Hyderabad,Telangana
17.4695576,78.546094,Street number 3,East Deen Dayal Nagar,Hyderabad,Telangana
17.4703244,78.5433742,street number 2,West Deen Dayal Nagar,Hyderabad,Telangana
17.4704069,78.5456777,street number 5,East Deen Dayal Nagar,Hyderabad,Telangana
17.4718307,78.5439518,street number 6,West Deen Dayal Nagar,Hyderabad,Telangana
17.4009346,78.4062117,street road,Aziz Bagh,Hyderabad,Telangana
17.4743419,78.5449512,street number 8,kaktiya nagar,Hyderabad,Telangana
17.5214023,78.3979264,Road Number 5,Pragathi Nagar,Hyderabad,Telangana
17.3950416,78.4864444,King Koti Road,Ramkote,Hyderabad,Telangana
17.5186149,78.3583822,Bollaram Road,Prajay Shelters,Hyderabad,Telangana
17.4214659,78.4854658,Lower Tank Bund Road,Children's Park Jn,Hyderabad,Telangana
17.429815,78.42518,Yousufguda Main Road,Krishna Nagar,Hyderabad,Telangana
17.4432043,78.5065025,E Maredpally Road,Nehru Nagar,Hyderabad,Telangana
17.4462177,78.5077359,E Maredpally Road,Nehru Nagar,Hyderabad,Telangana
17.3292842,78.5213592,RCI road,Mithila Nagar,Hyderabad,Telangana
17.3775492,78.490784,Chaderghat Road,Azampura,Hyderabad,Telangana
17.4273594,78.4866993,Necklace Road,Jeera,Hyderabad,Telangana
17.4357959,78.3609297,swecha road,Telecom Nagar,Hyderabad,Telangana
17.440465,78.3609228,Gachibowli Flyover,J V Colony,Hyderabad,Telangana
17.4011181,78.4704555,Hill Fort Road,Band Lines Colony,Hyderabad,Telangana
17.491096,78.6091799,Rampally X Roads,Nagaram,Hyderabad,Telangana
17.4429978,78.3859432,Vittal Rao Nagar,Vittal Rao Nagar,Hyderabad,Telangana
17.4453096,78.390645,Bollineni Homes Road,Ayyappa Society Colony,Hyderabad,Telangana
17.4445803,78.3889013,Bollineni Homes Road,Vittal Rao Nagar,Hyderabad,Telangana
17.4449403,78.3897598,Bollineni Homes Road,Vittal Rao Nagar,Hyderabad,Telangana
17.453316,78.3877332,Jai Hind Gandhi Road,Chanda Naik Thanda,Hyderabad,Telangana
17.4754969,78.3873751,kphb 7th phase road,APHB Colony,Hyderabad,Telangana
17.480217,78.4743959,KALINGA ENCLAVE,Nandamuri Nagar,Hyderabad,Telangana
17.4203296,78.3763989,Khajaguda Nanakramguda road,Madhura Nagar Colony,Hyderabad,Telangana
17.4182786,78.3647357,Khajaguda Nanakramguda road,Khajaguda,Hyderabad,Telangana
17.3705377,78.4418801,Karvan Road,Karwan Sahu,Hyderabad,Telangana
17.3704849,78.4418137,Karvan Road,Karwan Sahu,Hyderabad,Telangana
17.3732168,78.439138,Karvan Road,Karwan Sahu,Hyderabad,Telangana
17.3700967,78.4423882,Karvan Road,Karwan Sahu,Hyderabad,Telangana
17.4366802,78.3961709,Road No. 44,Kavuri Hills,Hyderabad,Telangana
17.428823,78.4058601,Road number 56,Jubilee Hills,Hyderabad,Telangana
17.4307041,78.403758,Road number 56,Jubilee Hills,Hyderabad,Telangana
17.445293,78.3880486,Madhapur Flyover Link,Vittal Rao Nagar,Hyderabad,Telangana
17.4404402,78.3843547,Vittal rao nagar road,Vittal Rao Nagar,Hyderabad,Telangana
17.4449182,78.3966823,Road no 11,Madhapur,Hyderabad,Telangana
17.4378583,78.3947416,kavuri hills road,Kavuri Hills,Hyderabad,Telangana
17.4513238,78.3647049,Anjaiah Lane Number 3,Studiorigin - Interior Designer in Hyderabad,Hyderabad,Telangana
17.4514364,78.3641791,Anjaiah Lane Number 3,Studiorigin - Interior Designer in Hyderabad,Hyderabad,Telangana
17.4372923,78.3941218,kavuri hills road,Kavuri Hills,Hyderabad,Telangana
17.4479482,78.3903713,Road Number 8,Ayyappa Society Colony,Hyderabad,Telangana
17.4396025,78.4897013,Park Lane,Jawahar Nagar Colony,Hyderabad,Telangana
17.4390943,78.4892953,Park Lane,Jawahar Nagar Colony,Hyderabad,Telangana
17.3279783,78.3730326,Outer Ring Road,HMBS Colony,Hyderabad,Telangana
17.3278846,78.3728653,Outer Ring Road,HMBS Colony,Hyderabad,Telangana
17.3257089,78.3741775,Outer Ring Road,HMBS Colony,Hyderabad,Telangana
17.3239603,78.3751068,Outer Ring Road,HMBS Colony,Hyderabad,Telangana
17.4363513,78.3617152,svk path,Telecom Nagar,Hyderabad,Telangana
17.4377327,78.36279,cgg road,Telecom Nagar,Hyderabad,Telangana
17.55415,78.3015523,Outer Ring Road,Sultanpur,Hyderabad,Telangana
17.5574529,78.3176655,Outer Ring Road,Sultanpur,Hyderabad,Telangana
17.5571878,78.3152086,Service Road,Sultanpur,Hyderabad,Telangana
17.5576599,78.3126511,Service Road,Sultanpur,Hyderabad,Telangana
17.5672245,78.5543587,Hyderabad - Karimnagar Highway,Thumukunta,Hyderabad,Telangana
17.5705577,78.5591431,Hyderabad - Karimnagar Highway,Thumukunta,Hyderabad,Telangana
17.570479,78.5591778,Hyderabad - Karimnagar Highway,Thumukunta,Hyderabad,Telangana
17.5671412,78.5544303,Hyderabad - Karimnagar Highway,Thumukunta,Hyderabad,Telangana
17.5658508,78.5530045,Hyderabad - Karimnagar Highway,Thumukunta,Hyderabad,Telangana
17.5737095,78.5640857,Hyderabad - Karimnagar Highway,Thumukunta,Hyderabad,Telangana
17.5736954,78.5663304,Hyderabad - Karimnagar Highway,Thumukunta,Hyderabad,Telangana
17.57379,78.5654455,Hyderabad - Karimnagar Highway,Thumukunta,Hyderabad,Telangana
17.5580514,78.542125,Hyderabad - Karimnagar Highway,Ace Olive Garden,Hyderabad,Telangana
17.5580061,78.5421519,Hyderabad - Karimnagar Highway,Ace Olive Garden,Hyderabad,Telangana
17.5640718,78.5513394,Hyderabad - Karimnagar Highway,Ace Olive Garden,Hyderabad,Telangana
17.5641482,78.551247,Hyderabad - Karimnagar Highway,Ace Olive Garden,Hyderabad,Telangana
17.5644148,78.5515593,Hyderabad - Karimnagar Highway,Ace Olive Garden,Hyderabad,Telangana
17.5611847,78.5468422,Hyderabad - Karimnagar Highway,Ace Olive Garden,Hyderabad,Telangana
17.5610941,78.5469086,Hyderabad - Karimnagar Highway,Ace Olive Garden,Hyderabad,Telangana
17.4964982,78.3674932,Nizampet - Miyapur Road Mumbai Highway,Madhava Nagar,Hyderabad,Telangana
17.4916758,78.3705431,Water Works Road,Bhagat Singh Nagar,Hyderabad,Telangana
17.4966125,78.372946,Metro Water Works Road,Bhagat Singh Nagar,Hyderabad,Telangana
17.4087161,78.4005021,Old Bombay Highway,Shaikpet,Hyderabad,Telangana
17.3983149,78.4656116,FTAPCCI Marg,Red Hills,Hyderabad,Telangana
17.3684778,78.5289931,Vijaywada Highway,Durga Nagar,Hyderabad,Telangana
17.420356,78.3476318,Waverock Food Street,Nanakramguda,Hyderabad,Telangana
17.4774589,78.5755079,Kushaiguda Road,Sai Nagar,Hyderabad,Telangana
17.4370999,78.3682569,Road No. 2,Telecom Nagar,Hyderabad,Telangana
17.4642849,78.3757526,Hitex Road,Khanmet,Hyderabad,Telangana
17.4042348,78.4898552,Ashok Nagar Street,Ashok Nagar,Hyderabad,Telangana
17.4268852,78.3768363,Bio-Diversity Park Level 2 Flyover,Madhura Nagar Colony,Hyderabad,Telangana
17.430601,78.3750064,Bio-Diversity Park Level 2 Flyover,Telecom Nagar,Hyderabad,Telangana
17.4288653,78.3747824,Bio-Diversity Park Level 2 Flyover,Madhura Nagar Colony,Hyderabad,Telangana
17.487976,78.3875014,KPHB 6th Phase Road,Phase 6,Hyderabad,Telangana
17.4918022,78.3847808,KPHB 6th Phase Road,Vasanth Nagar,Hyderabad,Telangana
17.3685464,78.3741862,Lane 4,Shiva Sai Nagar,Hyderabad,Telangana
17.3687595,78.3745848,Lane 3,Shiva Sai Nagar,Hyderabad,Telangana
17.4511506,78.3706559,N Heights road,Whitefields,Hyderabad,Telangana
17.4250619,78.3789435,Bio-Diversity Park Level 2 Flyover,Madhura Nagar Colony,Hyderabad,Telangana
17.4322135,78.3748594,Bio-Diversity Park Level 2 Flyover,Telecom Nagar,Hyderabad,Telangana
17.4091066,78.3947797,Manikonda road,Whisper Valley Colony,Hyderabad,Telangana
17.4093282,78.3947361,Manikonda road,Whisper Valley Colony,Hyderabad,Telangana
17.4079198,78.3933272,Manikonda road,OU Staff Colony,Hyderabad,Telangana
17.4089673,78.3947596,Manikonda road,Whisper Valley Colony,Hyderabad,Telangana
17.4034108,78.3886174,Huda Colony Main Road,Tana shah Nagar,Hyderabad,Telangana
17.4029758,78.4003307,Pupplaguda - Shaikpet Rd,Shaikpet,Hyderabad,Telangana
17.4728523,78.3117858,Cyberzon Entry road,Nallagandla,Hyderabad,Telangana
17.3891282,78.3712386,Road no 25,Neknampur,Hyderabad,Telangana
17.4956524,78.4545445,12th Street,Vani Nagar,Hyderabad,Telangana
17.4321942,78.5523211,ESI hospital,Ram Reddy Colony,Hyderabad,Telangana
17.377317,78.4430066,Karwan road,Tappa Chabutara,Hyderabad,Telangana
17.4195175,78.5922074,Street no 3,Sri Lakshmi Nagar Colony,Hyderabad,Telangana
17.4076978,78.3306635,Service Road,Financial District,Hyderabad,Telangana
17.3933552,78.4753094,Fateh Sultan Road,SBH Gun Foundry Jn,Hyderabad,Telangana
17.4022863,78.3821586,Puppalaguda - Narsingi Road,Secretariat Employees Colony,Hyderabad,Telangana
17.4014886,78.3855478,Puppalaguda - Narsingi Road,Srinagar Colony,Hyderabad,Telangana
17.4020309,78.3889668,Puppalaguda - Dargha RD,Tana shah Nagar,Hyderabad,Telangana
17.2956034,78.3621276,Shamshabad,Kothwalguda,Hyderabad,Telangana
17.4007072,78.3531737,Service Road,Narsingi,Hyderabad,Telangana
17.4004166,78.3530621,Service Road,Narsingi,Hyderabad,Telangana
17.4110446,78.3547898,Outer Ring Road,Khajaguda,Hyderabad,Telangana
17.4138056,78.355156,Outer Ring Road,Khajaguda,Hyderabad,Telangana
17.4134007,78.3550738,Outer Ring Road,Khajaguda,Hyderabad,Telangana
17.4122974,78.3550475,Outer Ring Road,Khajaguda,Hyderabad,Telangana
17.4133245,78.355255,Outer Ring Road,Khajaguda,Hyderabad,Telangana
17.4143615,78.3554541,Outer Ring Road,Khajaguda,Hyderabad,Telangana
17.4146715,78.355339,Outer Ring Road,Khajaguda,Hyderabad,Telangana
17.4117,78.3547271,Outer Ring Road,Khajaguda,Hyderabad,Telangana
17.4062696,78.3536132,Outer Ring Road,Narsingi,Hyderabad,Telangana
17.408621,78.3543415,Outer Ring Road,Khajaguda,Hyderabad,Telangana
17.4098007,78.3543428,Outer Ring Road,Khajaguda,Hyderabad,Telangana
17.4071688,78.3537834,Outer Ring Road,Khajaguda,Hyderabad,Telangana
17.4071168,78.3540581,Outer Ring Road,Khajaguda,Hyderabad,Telangana
17.4086622,78.354102,Outer Ring Road,Khajaguda,Hyderabad,Telangana
17.4077856,78.3541972,Outer Ring Road,Khajaguda,Hyderabad,Telangana
17.4057246,78.3537471,Outer Ring Road,Narsingi,Hyderabad,Telangana
17.4097658,78.354536,Outer Ring Road,Khajaguda,Hyderabad,Telangana
17.4078377,78.3539225,Outer Ring Road,Khajaguda,Hyderabad,Telangana
17.4075175,78.3538559,Outer Ring Road,Khajaguda,Hyderabad,Telangana
17.4629395,78.4412195,Bharata nagar slum,Shivaji Nagar,Hyderabad,Telangana
17.561693,78.3782121,Service Road,Laxmi Nagar',Hyderabad,Telangana
17.4909452,78.3926843,JNTU Road,KPHB Colony,Hyderabad,Telangana
17.5605129,78.3750283,Service Road,Laxmi Nagar',Hyderabad,Telangana
17.3331347,78.569421,Vanasthalipuram Main Road,Vanasthalipuram,Hyderabad,Telangana
17.3310982,78.5676145,Rhythu Bazar Road,Vanasthalipuram,Hyderabad,Telangana
17.3420677,78.5554789,Chintalkunta Underpass,Bhoolaxmi Colony,Hyderabad,Telangana
17.3416637,78.5584963,Chintalkunta Underpass,Agamaiah Nagar,Hyderabad,Telangana
17.342183,78.5569847,Chintalkunta Underpass,Agamaiah Nagar,Hyderabad,Telangana
17.5376294,78.4872595,jayabheri park road,Doolapally,Hyderabad,Telangana
17.3710849,78.5247548,Bhavani Nagar Road,Durga Nagar,Hyderabad,Telangana
17.2875248,78.6193672,Sri Vishwamitra 2 and 3,Munaganur,Hyderabad,Telangana
17.2889766,78.6202879,Venture road,Munaganur,Hyderabad,Telangana
17.2890459,78.6203946,venture road,Munaganur,Hyderabad,Telangana
17.2891864,78.6207053,walk,Munaganur,Hyderabad,Telangana
17.2888779,78.6210937,Venture road,Munaganur,Hyderabad,Telangana
17.2876537,78.6180163,Venture road,Munaganur,Hyderabad,Telangana
17.2883431,78.617643,Venture road,Munaganur,Hyderabad,Telangana
17.2877155,78.6173296,walk,Munaganur,Hyderabad,Telangana
17.287217,78.6177334,Venture road,Munaganur,Hyderabad,Telangana
17.2870813,78.6183868,Venture road,Munaganur,Hyderabad,Telangana
17.2875394,78.6185913,Venture road,Munaganur,Hyderabad,Telangana
17.2880428,78.6177338,walk,Munaganur,Hyderabad,Telangana
17.2879781,78.618078,walk,Munaganur,Hyderabad,Telangana
17.2876325,78.6182352,Venture road,Munaganur,Hyderabad,Telangana
17.3247692,78.6052365,Old Hayatnagar Road,Pochamma Basthi,Hyderabad,Telangana
17.3335615,78.5746964,Vanasthalipuram Road,Raithu Bazar,Hyderabad,Telangana
17.4021202,78.3394957,Service Road,Kokapet,Hyderabad,Telangana
17.4011074,78.3415609,Service Road,Kokapet,Hyderabad,Telangana
17.3990656,78.3455757,Service Road,Kokapet,Hyderabad,Telangana
17.4345988,78.5009577,Secunderabad Railway Station Road,Chilkalguda,Hyderabad,Telangana
17.3548502,78.400887,Glendale School - Maple Town Villas Road,Officer's Colony,Hyderabad,Telangana
17.3569621,78.3946799,Padmasri Hills road number 3,Padmasree Hills,Hyderabad,Telangana
17.4844165,78.3652654,Calvary Temple road,Aditya Nagar,Hyderabad,Telangana
17.4160044,78.5464257,NMDC internal road,Vikrampuri,Hyderabad,Telangana
17.5041882,78.3882039,Prime Heights Road,Nagarjuna Homes,Hyderabad,Telangana
17.5084094,78.3854613,Nizampet Road,Brindavan Colony,Hyderabad,Telangana
17.4355809,78.3612471,Sundarayya street,Telecom Nagar,Hyderabad,Telangana
17.3415694,78.3932157,Road to Asian Sports Center,Prashanth Nagar,Hyderabad,Telangana
17.3786982,78.4835897,TGSRTC MGBS  Bus Station Road,Imlibun,Hyderabad,Telangana
17.4726498,78.3973311,Appartment Road,Phase 7,Hyderabad,Telangana
17.3848804,78.4861284,Koti Women's College Road,Sultan Bazar,Hyderabad,Telangana
17.384785,78.4879044,Main Road,Sultan Bazar,Hyderabad,Telangana
17.4689496,78.4402312,Balanagar - Moosapet Y Junction Road,Bhavani Nagar,Hyderabad,Telangana
17.4726956,78.4293487,Balanagar - Moosapet Y Junction Road,Sriram Nagar,Hyderabad,Telangana
17.367274,78.5085909,Akbar Bagh Road,Akbarbagh,Hyderabad,Telangana
17.527498,78.6393233,Outer Ring Road,Cheeriyal,Hyderabad,Telangana
17.5433616,78.631074,Outer Ring Road,Yadgarpally,Hyderabad,Telangana
17.4169289,78.6411543,Road-2,Swarnagiri Colony,Hyderabad,Telangana
17.4174221,78.6299341,Narapally Peerzadiguda Main Road,Narepally,Hyderabad,Telangana
17.5417418,78.3879214,Medak Road,Simhapuri Colony,Hyderabad,Telangana
17.5659313,78.4168406,Medak Road,Gandimaisamma,Hyderabad,Telangana
17.5656579,78.4161241,Medak Road,Gandimaisamma,Hyderabad,Telangana
17.5563042,78.4095067,Medak Road,Bowrampet,Hyderabad,Telangana
17.4112398,78.6303919,Narapally Peerzadiguda Main Road,Narepally,Hyderabad,Telangana
17.5656156,78.552916,Hyderabad - Karimnagar Highway,Thumukunta,Hyderabad,Telangana
17.4511387,78.3993964,Borabanda - Madhapur Road,Guttala Begumpet,Hyderabad,Telangana
17.370819,78.5764446,Rd No 5/4,Indraprastha,Hyderabad,Telangana
17.3709268,78.5751627,Rd No 5/1,Indraprastha,Hyderabad,Telangana
17.3706863,78.5773541,Rd No 5E,Indraprastha,Hyderabad,Telangana
17.3707932,78.5774308,Rd No 5E,Indraprastha,Hyderabad,Telangana
17.3712022,78.5752823,Rd No 5,Indraprastha,Hyderabad,Telangana
17.3720094,78.5763957,Fathullaguda Main Road,Anand Nagar,Hyderabad,Telangana
17.3716092,78.5769093,Rd No 5G,Indraprastha,Hyderabad,Telangana
17.3719533,78.5769403,Rd No 5H,Anand Nagar,Hyderabad,Telangana
17.3717374,78.5774086,Rd No 8,SIRI VIJAYA ENCLAVE,Hyderabad,Telangana
17.3697389,78.5773509,Rd No 7,Indraprastha,Hyderabad,Telangana
17.3690158,78.5769307,Rd No 5C,Indraprastha,Hyderabad,Telangana
17.3700815,78.5758559,Rd No 2,Indraprastha,Hyderabad,Telangana
17.3701713,78.5754893,Rd No 1,Indraprastha,Hyderabad,Telangana
17.3696518,78.5772188,Rd No 5D,Indraprastha,Hyderabad,Telangana
17.3151907,78.3734513,ECO PARK ROAD,HMBS Colony,Hyderabad,Telangana
17.46208,78.3081591,Nallagandla Road,Nallagandla,Hyderabad,Telangana
17.454201,78.308171,Nallagandla Road,Nallagandla,Hyderabad,Telangana
17.3066816,78.6096534,Road No.2 Dawaraka Nagar,Munaganur,Hyderabad,Telangana
17.3011946,78.6086105,Torror Road,Munaganur,Hyderabad,Telangana
17.3051575,78.6483061,Pedhumberpet Road,Surya Vamshi Garden City,Hyderabad,Telangana
17.305031,78.6093421,Road No.2 Dawaraka Nagar,Munaganur,Hyderabad,Telangana
17.4952611,78.3208954,RC Puram BHEL - Beeramguda Rd Mumbai Highway,Gowtami Nagar Colony,Hyderabad,Telangana
17.4373125,78.3161957,Gopanpally - Wipro Road,Gowlidoddi,Hyderabad,Telangana
17.4273742,78.3290095,Gopanpally - Wipro Road,Gowlidoddi,Hyderabad,Telangana
17.5117237,78.3140723,Road Number 3,Treassury Township,Hyderabad,Telangana
17.5169995,78.3216807,Sai Nivas Road,Ameenapur,Hyderabad,Telangana
17.4262242,78.3777429,Old Bombay Road,Madhura Nagar Colony,Hyderabad,Telangana
17.4301635,78.3785289,Dallas centre road,Madhura Nagar Colony,Hyderabad,Telangana
17.42786,78.3786711,Dallas centre road,Madhura Nagar Colony,Hyderabad,Telangana
17.432725,78.3779894,Dallas centre road,Madhura Nagar Colony,Hyderabad,Telangana
17.4601448,78.3523325,3rd Cross,Sriram Nagar,Hyderabad,Telangana
17.4610483,78.3468605,CMC Enclave Number 5,Gouthami Colony,Hyderabad,Telangana
17.4606708,78.3335153,HCU main road (University of Hyderabad),Sudarshan Nagar Colony,Hyderabad,Telangana
17.455201,78.4297643,Resident Parking Access Road,Banjara Nagar,Hyderabad,Telangana
17.4551504,78.4299984,Resident Parking Access Rd,Banjara Nagar,Hyderabad,Telangana
17.4551051,78.4302091,Resident Parking Access Rd,Banjara Nagar,Hyderabad,Telangana
17.4550499,78.4303922,Resident Parking Access Rd,Banjara Nagar,Hyderabad,Telangana
17.4543923,78.430302,Resident Parking Access Rd,Banjara Nagar,Hyderabad,Telangana
17.4545219,78.4297088,Resident Parking Access Rd,Banjara Nagar,Hyderabad,Telangana
17.4544502,78.4300394,Resident Parking Access Rd,Banjara Nagar,Hyderabad,Telangana
17.4630888,78.3484496,Masjid Banda Road,Gouthami Colony,Hyderabad,Telangana
17.4812352,78.3411255,Spring Valley Road Number 1,Vishal Nagar,Hyderabad,Telangana
17.3957518,78.3323136,Pavani Boulevard Rd,Kokapet,Hyderabad,Telangana
17.3958163,78.332141,Pavani Boulevard Rd,Kokapet,Hyderabad,Telangana
17.3963683,78.3318799,Pavani Boulevard Rd,Kokapet,Hyderabad,Telangana
17.3960311,78.3319481,Pavani Boulevard Rd,Kokapet,Hyderabad,Telangana
17.4370099,78.3386253,Road number 6,Gowlidoddi,Hyderabad,Telangana
17.3462963,78.3871514,GKPS PALACIO,Prashanth Nagar,Hyderabad,Telangana
17.4808002,78.374587,Road Number 3C,Venkata Ramana Colony,Hyderabad,Telangana
17.3629132,78.5991285,Rag,Anjanadri Nagar,Hyderabad,Telangana
17.4976376,78.366568,Kalapuram Basti,Madhava Nagar,Hyderabad,Telangana
17.4972444,78.3627531,Kalapuram Basti,Madhava Nagar,Hyderabad,Telangana
17.4967947,78.3689691,Kalapuram Basti,Madhava Nagar,Hyderabad,Telangana
17.5102068,78.4068592,Yellammabanda Road,Gandhi Statue;Yellamma Banda,Hyderabad,Telangana
17.5537261,78.6015337,Street Road,Narsampally,Hyderabad,Telangana
17.5181816,78.4160342,Road No 5,Mahadevpur Colony,Hyderabad,Telangana
17.4253182,78.332425,Donald Trump Avenue,Nanakramguda,Hyderabad,Telangana
17.3997169,78.3396221,Golden Mile Road,Kokapet,Hyderabad,Telangana
17.334877,78.4095157,TGSRTC Rajendranagar Bus Depot Inner Road,Bansilal Nagar,Hyderabad,Telangana
17.3670232,78.3742385,Lane 3,Shiva Sai Phase-II,Hyderabad,Telangana
17.5051889,78.3993655,medak road,HMT Hills,Hyderabad,Telangana
17.5064007,78.3998832,medak road,HMT Hills,Hyderabad,Telangana
17.5066114,78.4001289,medak road,HMT Hills,Hyderabad,Telangana
17.531074,78.3692037,Nizampet Road,Bachupally,Hyderabad,Telangana
17.539025,78.3638059,Nizampet Road,Bachupally,Hyderabad,Telangana
17.4747608,78.5404338,E Kakatiya Nagar Road,kaktiya nagar,Hyderabad,Telangana
17.4738326,78.5409942,kakatiya nagar,kaktiya nagar,Hyderabad,Telangana
17.5211607,78.3771073,Nizampet slum,Nizampet,Hyderabad,Telangana
17.5209489,78.3771141,Nizampet slum,Nizampet,Hyderabad,Telangana
17.4783389,78.5235015,vivekandapuram - CDM road,Venkateshwara Colony,Hyderabad,Telangana
17.5352885,78.3577742,Bachupally Road,Bachupally,Hyderabad,Telangana
17.5011424,78.4087147,Gajularamaram Road,Navodaya Colony,Hyderabad,Telangana
17.5021477,78.4083356,Gajularamaram Road,Navodaya Colony,Hyderabad,Telangana
17.4995101,78.4140483,Jagathgiri Gutta Road,Saptagiri Colony,Hyderabad,Telangana
17.4980947,78.4102652,Jagathgiri Gutta Road,eenadu colony,Hyderabad,Telangana
17.2920902,78.646129,ORR Service Road,Surya Vamshi Garden City,Hyderabad,Telangana
17.4952202,78.5222805,magazine road,Saraswati Nagar,Hyderabad,Telangana
17.3174665,78.5209356,Badangpet Road,Udyog Nagar,Hyderabad,Telangana
17.3221283,78.5331819,Meerpet Road,NBR Colony,Hyderabad,Telangana
17.5815974,78.4182181,Hyderabad-Narsapur Road,Gandimaisamma,Hyderabad,Telangana
17.432771,78.3795832,Knowledge city road,Madhura Nagar Colony,Hyderabad,Telangana
17.4140158,78.3830991,Lig towers,Janmabhoomi Colony,Hyderabad,Telangana
17.5371245,78.4861248,Jayabheri Park Road,Doolapally,Hyderabad,Telangana
17.5103523,78.372623,Road Number 28B,Mayuri Nagar,Hyderabad,Telangana
17.5198463,78.3433595,Road Number 7,Vani Enclave,Hyderabad,Telangana
17.4093327,78.5354468,quaters,Ravindra Nagar,Hyderabad,Telangana
17.4664988,78.5334863,Venkateshwara Temple Road,Sai Ram Nagar,Hyderabad,Telangana
17.467516,78.5324935,Lane Number 2,Sai Ram Nagar,Hyderabad,Telangana
17.4660106,78.532887,Lane Number 2,Dayanand Nagar,Hyderabad,Telangana
17.434103,78.3968957,Road Number 45,CBI Colony,Hyderabad,Telangana
17.4591416,78.532483,Uttam Nagar Road,Chanakyapuri,Hyderabad,Telangana
17.4594966,78.5320045,Uttam Nagar Road,Chanakyapuri,Hyderabad,Telangana
17.4599014,78.5325046,5th cross road,Chanakyapuri,Hyderabad,Telangana
17.4589064,78.5345517,Uttam Nagar Road,Chanakyapuri,Hyderabad,Telangana
17.5266491,78.4173921,Local 11,Gajularamaram,Hyderabad,Telangana
17.5235864,78.4206518,Local 8,Gajularamaram,Hyderabad,Telangana
17.5239028,78.418694,Local 11,Gajularamaram,Hyderabad,Telangana
17.5216812,78.4188125,Local 11,Mahadevpur Colony,Hyderabad,Telangana
17.525787,78.4185694,Local 11,Gajularamaram,Hyderabad,Telangana
17.2779908,78.5374581,Subhedar Malla Reddy Marg,Mahendra Enclave,Hyderabad,Telangana
17.2767715,78.5377486,Subhedar Malla Reddy Marg,Mahendra Enclave,Hyderabad,Telangana
17.2751697,78.5385587,Subhedar Malla Reddy Marg,Nadergul,Hyderabad,Telangana
17.4135208,78.4107367,Road No 6,Film Nagar,Hyderabad,Telangana
17.413706,78.414071,Road Number 3,Film Nagar,Hyderabad,Telangana
17.3121286,78.4990864,Balapur Village Road,Raghuhomes Colony,Hyderabad,Telangana
17.3764873,78.4868256,jabir bin salam rd,Kali Khabr,Hyderabad,Telangana
17.4299051,78.425913,Srinagar Colony Main Road,Krishna Nagar,Hyderabad,Telangana
17.4299746,78.4327562,Sri Nagar Colony Main Road,Srinagar Colony,Hyderabad,Telangana
17.4300036,78.4432805,Sri Nagar Colony Main Road,Yellareddyguda,Hyderabad,Telangana
17.4164345,78.4360327,Banjara Hills Road Number 10,Banjara Hills,Hyderabad,Telangana
17.4158455,78.4440266,Banjara Hills Road Number 10,Gaffar Khan Colony,Hyderabad,Telangana
17.423023,78.4263106,Road No 2,BN Reddy Colony,Hyderabad,Telangana
17.3695351,78.4900815,Farhat Nagar road,Dabeerpura,Hyderabad,Telangana
17.3695589,78.4899722,Farhat Nagar road,Dabeerpura,Hyderabad,Telangana
17.5216124,78.3584587,Vikas Road,Prajay Shelters,Hyderabad,Telangana
17.2868519,78.5912764,Nagasai-shivalayam Road,Injapur,Hyderabad,Telangana
17.3051641,78.5253243,Badangpet Road,Sai Homes Colony,Hyderabad,Telangana
17.2871701,78.5357671,Subhedar Malla Reddy Marg,Janapriya Nivas,Hyderabad,Telangana
17.4204062,78.3391888,Amazon Path way,Nanakramguda,Hyderabad,Telangana
17.4165078,78.3470805,Road No 2,Financial District,Hyderabad,Telangana
17.4177491,78.3447371,Road No 2,Financial District,Hyderabad,Telangana
17.364774,78.4845428,Dabeerpura Nala road,Maidan,Hyderabad,Telangana
17.362342,78.4802952,Yakutpura station road,Panjeshah,Hyderabad,Telangana
17.2741294,78.5837229,14th Cross Road,Vintage Homes,Hyderabad,Telangana
17.5146542,78.4979508,colony main rd,Ambedkar Nagar,Hyderabad,Telangana
17.5101255,78.497068,colony main rd,Railway Colony,Hyderabad,Telangana
17.513795,78.4912873,HT Road,HMT Officers Colony,Hyderabad,Telangana
17.5134989,78.4955824,citizens colony 1,Railway Colony,Hyderabad,Telangana
17.5125994,78.4971284,HT Road,Railway Colony,Hyderabad,Telangana
17.4180323,78.363829,Khajaguda Nanakramguda road,Khajaguda,Hyderabad,Telangana
17.5755568,78.4323369,Satyam Street,Gandimaisamma,Hyderabad,Telangana
17.4792777,78.4302904,Aziz Kirana Store Road,Sriram Nagar,Hyderabad,Telangana
17.3550114,78.5697234,Street number 10,South End Park,Hyderabad,Telangana
17.4358429,78.3298004,Digital Adventure,Gowlidoddi,Hyderabad,Telangana
17.568402,78.4254938,Jeedimetla Main Road,Gandimaisamma,Hyderabad,Telangana
17.5723142,78.4241782,Jeedimetla Main Road,Gandimaisamma,Hyderabad,Telangana
17.5751798,78.4232595,Jeedimetla Main Road,Gandimaisamma,Hyderabad,Telangana
17.5722432,78.4241379,Jeedimetla Main Road,Gandimaisamma,Hyderabad,Telangana
17.5682365,78.4313608,Satyam Street,Gandimaisamma,Hyderabad,Telangana
17.4025279,78.4402782,First Lancer Road,Ahmed Nagar,Hyderabad,Telangana
17.4003162,78.4062414,Street Number 1,Aruna Colony,Hyderabad,Telangana
17.5073527,78.4235791,Number 9A,Srinivasa Nagar,Hyderabad,Telangana
17.4700902,78.3503117,Hitension Marg,Raja Rajeshwari Nagar,Hyderabad,Telangana
17.4701523,78.3503134,Hitension Marg,Raja Rajeshwari Nagar,Hyderabad,Telangana
17.4651903,78.3480265,Gouthami Enclave,Gouthami Colony,Hyderabad,Telangana
17.4729042,78.3492381,Gouthami Enclave,Raja Rajeshwari Nagar,Hyderabad,Telangana
17.4682214,78.3534289,Phillu Street,Raja Rajeshwari Nagar,Hyderabad,Telangana
17.4611216,78.3383362,Masjid Banda Main Road,Masjid Banda,Hyderabad,Telangana
17.4611665,78.338299,Masjid Banda Main Road,Masjid Banda,Hyderabad,Telangana
17.4679311,78.3344565,Masibanda Link,Sudarshan Nagar Colony,Hyderabad,Telangana
17.4684811,78.3322959,Masibanda Link,Sudarshan Nagar Colony,Hyderabad,Telangana
17.4695824,78.476793,Hashmatpet Road,Dubai Gate,Hyderabad,Telangana
17.4695424,78.4767659,Hashmatpet Road,Dubai Gate,Hyderabad,Telangana
17.491852,78.420449,High Tension Road,Prakash Nagar,Hyderabad,Telangana
17.4927668,78.4204278,High Tension Road,Prakash Nagar,Hyderabad,Telangana
17.4871238,78.4207303,High Tension Road,Prakash Nagar,Hyderabad,Telangana
17.4894902,78.4206162,High Tension Road,Prakash Nagar,Hyderabad,Telangana
17.4910537,78.4205278,High Tension Road,Prakash Nagar,Hyderabad,Telangana
17.4935201,78.4104646,Vivekananda Nagar Road,Vivekananda Nagar,Hyderabad,Telangana
17.4971842,78.4140404,Vivekananda Nagar Road,Saptagiri Colony,Hyderabad,Telangana
17.2888164,78.6193228,Sri Vishwamitra 2 and 3,Munaganur,Hyderabad,Telangana
17.4002318,78.3433165,Service Road,Kokapet,Hyderabad,Telangana
17.399872,78.3440283,Service Road,Kokapet,Hyderabad,Telangana
17.5570118,78.343434,Hare Krishna Marg,Bollaram,Hyderabad,Telangana
17.4241672,78.5738425,Gayathri Hills Road Number 2,Sai Divya Colony,Hyderabad,Telangana
17.4166679,78.559147,Road No 1,Jaya Raghavendra Nagar,Hyderabad,Telangana
17.4173484,78.5587481,Road No 1,Jaya Raghavendra Nagar,Hyderabad,Telangana
17.5536241,78.3498211,bollaramm village road,Bollaram,Hyderabad,Telangana
17.4396205,78.4507809,DharamKaran Road,Ameerpet,Hyderabad,Telangana
17.44195,78.4498755,DharamKaran Road,Ameerpet,Hyderabad,Telangana
17.4376218,78.4503556,DharamKaran Road,Ameerpet,Hyderabad,Telangana
17.4432249,78.4525047,ShamKaran Road,Balkampet,Hyderabad,Telangana
17.4564568,78.4421672,Sanath Nagar Main Road,Shivaji Nagar,Hyderabad,Telangana
17.415792,78.404364,Road No 79,Giani Zail Singh Nagar,Hyderabad,Telangana
17.5003536,78.5397954,High Tension Line road,Yapral,Hyderabad,Telangana
17.4927973,78.385025,Vasanth Nagar Main Road,Vasanth Nagar,Hyderabad,Telangana
17.4791652,78.3789782,13th Phase Road,Venkata Ramana Colony,Hyderabad,Telangana
17.5107578,78.5256976,Hislop Road,Vivekananda Colony,Hyderabad,Telangana
17.3903376,78.5818168,Uppal - Nagole Bypass Road,Gayatri Nagar,Hyderabad,Telangana
17.473623,78.4268499,TGSRTC Prasanth Nagar Bus Station Inner Road,Sriram Nagar,Hyderabad,Telangana
17.5170265,78.5223984,Rajendra Singhji Road,Lakadwala Colony,Hyderabad,Telangana
17.390959,78.5794518,Uppal - Nagole Bypass Road,Gayatri Nagar,Hyderabad,Telangana
17.3908394,78.5789233,Uppal - Nagole Bypass Road,Mallikarjuna Hills,Hyderabad,Telangana
17.3906683,78.5778467,Uppal - Nagole Bypass Road,Mallikarjuna Hills,Hyderabad,Telangana
17.3909489,78.5788925,Uppal - Nagole Bypass Road,Mallikarjuna Hills,Hyderabad,Telangana
17.3907687,78.5778099,Uppal - Nagole Bypass Road,Mallikarjuna Hills,Hyderabad,Telangana
17.495666,78.5777788,Road Number 3,Saket,Hyderabad,Telangana
17.4962795,78.5771347,Street Number 1,Saket,Hyderabad,Telangana
17.4962826,78.577167,Street Number 1,Saket,Hyderabad,Telangana
17.4956382,78.5777814,Road Number 3,Saket,Hyderabad,Telangana
17.4946148,78.5771928,Street Number 1,Saket,Hyderabad,Telangana
17.4895306,78.5650774,Yellareddyguda Road,Arun Nagar,Hyderabad,Telangana
17.4519851,78.4886728,Sikh Village Road,Dattawadi,Hyderabad,Telangana
17.451385,78.4883866,Sikh Village Road,Pratap Colony,Hyderabad,Telangana
17.4513405,78.4884202,Sikh Village Road,Pratap Colony,Hyderabad,Telangana
17.403842,78.3697353,Street No 4,Manikonda,Hyderabad,Telangana
17.5045851,78.5256849,Hislop Road,GV Reddy Colony,Hyderabad,Telangana
17.5060548,78.5261182,Hislop Road,GV Reddy Colony,Hyderabad,Telangana
17.5032878,78.5264678,Sainikpuri-ECIL Main Road,Sai Krupa Colony,Hyderabad,Telangana
17.5452455,78.4342637,Malla Reddy Hospital Road,Dayanand Nagar,Hyderabad,Telangana
17.4823774,78.5803418,Shiva Sai Nagar,Shiva Sai Nagar,Hyderabad,Telangana
17.50079,78.5286322,Sainikpuri-ECIL Main Road,Jai Jawahar Nagar,Hyderabad,Telangana
17.503989,78.5254055,Hislop Road,GV Reddy Colony,Hyderabad,Telangana
17.4366226,78.374448,Hi Tech City Main Road,Telecom Nagar,Hyderabad,Telangana
17.4394465,78.3671935,Shilpa Layout Flyover,Telecom Nagar,Hyderabad,Telangana
17.4426251,78.4713257,Prakash Nagar Street 6-8,Prakash Nagar,Hyderabad,Telangana
17.4387185,78.4691389,mosque road,Prakash Nagar,Hyderabad,Telangana
17.4405484,78.4846854,Prenderghast Road,Jawahar Nagar Colony,Hyderabad,Telangana
17.4404611,78.4813483,Prenderghast Road,Sindhi Colony,Hyderabad,Telangana
17.4405588,78.4798801,Prenderghast Road,Bapu Bagh Colony,Hyderabad,Telangana
17.4405037,78.479851,Prenderghast Road,Bapu Bagh Colony,Hyderabad,Telangana
17.4111602,78.370116,Lanco Hills Rd,Janmabhoomi Colony,Hyderabad,Telangana
17.4110961,78.3700293,Lanco Hills Rd,Janmabhoomi Colony,Hyderabad,Telangana
17.4079365,78.3737981,Lanco Hills Rd,Manikonda,Hyderabad,Telangana
17.4068388,78.3748178,Manikonda to Lanco Hills,Manikonda,Hyderabad,Telangana
17.4068211,78.3753679,Lanco Hills Rd,Manikonda,Hyderabad,Telangana
17.4734312,78.4279042,Moosapet Y Junction - Balanagar Road,Sriram Nagar,Hyderabad,Telangana
17.4748954,78.4251853,Moosapet Y Junction - Balanagar Road,Sriram Nagar,Hyderabad,Telangana
17.4733304,78.4278511,Balanagar - Moosapet Y Junction Road,Sriram Nagar,Hyderabad,Telangana
17.4744211,78.4258842,Balanagar - Moosapet Y Junction Road,Sriram Nagar,Hyderabad,Telangana
17.4464725,78.4774448,Rasoolpura slum,Rasoolpura,Hyderabad,Telangana
17.4463122,78.4778951,Rasool Pura road,Rasoolpura,Hyderabad,Telangana
17.4401107,78.4767151,Patigadda Road,Bapu Bagh Colony,Hyderabad,Telangana
17.4386863,78.4761016,Patigadda Road,Bapu Bagh Colony,Hyderabad,Telangana
17.5453746,78.4341153,Malla Reddy Hospital Road,Venkatarama Colony,Hyderabad,Telangana
17.5454453,78.4336771,Malla Reddy Hospital Road,Venkatarama Colony,Hyderabad,Telangana
17.545281,78.434096,Malla Reddy Hospital Road,Venkatarama Colony,Hyderabad,Telangana
17.5453365,78.4342846,Malla Reddy Hospital Road,Dayanand Nagar,Hyderabad,Telangana
17.5457717,78.4321891,Malla Reddy Hospital Road,Venkatarama Colony,Hyderabad,Telangana
17.3931864,78.589285,Sri Gayatri Residency Road,Gayatri Nagar,Hyderabad,Telangana
17.4177628,78.4471959,Banjara Hills Road Number 8,Gaffar Khan Colony,Hyderabad,Telangana
17.4842997,78.5804706,Shiva Sai Nagar,Shiva Sai Nagar,Hyderabad,Telangana
17.5065819,78.3960846,Pragathi Nagar Road,HMT Hills,Hyderabad,Telangana
17.5070089,78.3961329,Pragathi Nagar Road,Aditya Nagar,Hyderabad,Telangana
17.5098514,78.3966803,Pragathi Nagar Road,Aditya Nagar,Hyderabad,Telangana
17.4255497,78.5528989,Siddha Road,Nacharam,Hyderabad,Telangana
17.4270354,78.5529868,Street No 2,Nacharam,Hyderabad,Telangana
17.4166832,78.5574798,Kalyanpuri Colony Road,Jaya Raghavendra Nagar,Hyderabad,Telangana
17.4599023,78.4223588,Moti Nagar Main road,Panduranga Rao Colony,Hyderabad,Telangana
17.3661083,78.4218658,Janapriya Utopia road,Radha Krishna Nagar,Hyderabad,Telangana
17.3659233,78.4217091,Janapriya Utopia road,Radha Krishna Nagar,Hyderabad,Telangana
17.3488435,78.5448044,Saroor Nagar Mini Tank Bund Road,Bahadurguda,Hyderabad,Telangana
17.4587041,78.5381672,E Anandbagh Main Road,R.K. Nagar,Hyderabad,Telangana
17.4592765,78.5360906,Malkajgiri Road,Chanakyapuri,Hyderabad,Telangana
17.4560904,78.5508483,E Anandbagh Main Road,ZTC Jn,Hyderabad,Telangana
17.4582097,78.5422985,E Anandbagh Main Road,Anand Bagh,Hyderabad,Telangana
17.4103036,78.5731524,Ayyappa Temple Road,Srinivasa Colony,Hyderabad,Telangana
17.4095398,78.5729989,Ayyappa Temple Road,Srinivasa Colony,Hyderabad,Telangana
17.4006836,78.5823549,Peerzadiguda Main Road,Hanuman Nagar,Hyderabad,Telangana
17.400967,78.5819379,Peerzadiguda Main Road,Hanuman Nagar,Hyderabad,Telangana
17.5071961,78.3743037,High Tension Line Road,Nadigada Thada,Hyderabad,Telangana
17.5076763,78.3702562,High Tension Line Road,Nadigada Thada,Hyderabad,Telangana
17.5072739,78.3743201,High Tension Line Road,Nadigada Thada,Hyderabad,Telangana
17.4980687,78.3489898,JP Nagar Road,Mythrinagar,Hyderabad,Telangana
17.4827998,78.3497258,Nanne Estate Road,Vishal Nagar,Hyderabad,Telangana
17.4995623,78.4757572,Quthubullapur Main Road,Ramaraju Nagar,Hyderabad,Telangana
17.502428,78.4836748,Suchitra Road,Ramaraju Nagar,Hyderabad,Telangana
17.5024642,78.4837403,Suchitra Road,Ramaraju Nagar,Hyderabad,Telangana
17.5103522,78.3344686,Road No 12,Rtc Colony,Hyderabad,Telangana
17.4858263,78.3689927,Srila Park Pride Road,Aditya Nagar,Hyderabad,Telangana
17.4880541,78.3711263,Srila Park Pride Road,Venkata Ramana Colony,Hyderabad,Telangana
17.4858144,78.3677403,Water Works Road,Aditya Nagar,Hyderabad,Telangana
17.484327,78.3718583,Srila Park Link Road,Venkata Ramana Colony,Hyderabad,Telangana
17.3898771,78.5382045,Sharada Nagar Main Road,Sri Nagar,Hyderabad,Telangana
17.387384,78.544453,Sharada Nagar Main Road,TV Colony,Hyderabad,Telangana
17.5005189,78.3533853,RV Avaneendra internal road,Prasanth Nagar,Hyderabad,Telangana
17.500085,78.3533904,RV Avaneendra internal road,Prasanth Nagar,Hyderabad,Telangana
17.5005721,78.3543574,RV Avaneendra internal road,Miyapur,Hyderabad,Telangana
17.5153337,78.3381496,Road Number 22,Rtc Colony,Hyderabad,Telangana
17.509229,78.3344411,Road No 12,Madhavapuri Colony,Hyderabad,Telangana
17.3581675,78.4912109,Yakutpura Road,Murtaza Nagar,Hyderabad,Telangana
17.3575572,78.4910536,Yakutpura Road,Murtaza Nagar,Hyderabad,Telangana
17.5173933,78.3745575,Vignan School Main Road,Nizampet,Hyderabad,Telangana
17.4046656,78.5891084,TGSRTC Uppal Bus Depot Inner Road,Boudha Nagar,Hyderabad,Telangana
17.4045493,78.5895173,TGSRTC Uppal Bus Depot Inner Road,Boudha Nagar,Hyderabad,Telangana
17.4014308,78.5865582,Chennareddy Enclave Road,Hanuman Nagar,Hyderabad,Telangana
17.399512,78.5904456,Chennareddy Enclave Road,Sai Nagar,Hyderabad,Telangana
17.3669109,78.4917117,Chanchalguda Road,Shah Colony,Hyderabad,Telangana
17.4621264,78.491257,Staff Road,Wahab Nagar,Hyderabad,Telangana
17.4620952,78.4912492,Staff Road,Wahab Nagar,Hyderabad,Telangana
17.4624867,78.4911402,Sikh Village Road,Wahab Nagar,Hyderabad,Telangana
17.4620087,78.4909914,Sikh Village Road,Wahab Nagar,Hyderabad,Telangana
17.4620163,78.4909382,Sikh Village Road,Wahab Nagar,Hyderabad,Telangana
17.4827019,78.5521845,Netaji Nagar Cross Road,Vijayapuri,Hyderabad,Telangana
17.4827234,78.5521295,Netaji Nagar Cross Road,Vijayapuri,Hyderabad,Telangana
17.3946078,78.3932876,Qutub shahi tomb rd,Jaihind Nagar Colony,Hyderabad,Telangana
17.3944948,78.3940606,Qutub shahi tomb rd,Jaihind Nagar Colony,Hyderabad,Telangana
17.4002398,78.3821663,Golden temple road,Secretariat Employees Colony,Hyderabad,Telangana
17.4000128,78.3836019,Golden temple road,Srinagar Colony,Hyderabad,Telangana
17.3965737,78.382891,Road Number 1,Bharat Nagar,Hyderabad,Telangana
17.4001265,78.3829001,Golden temple road,Srinagar Colony,Hyderabad,Telangana
17.4008621,78.3776618,Golden temple road,Secretariat Employees Colony,Hyderabad,Telangana
17.4005047,78.3802167,Golden temple road,Secretariat Employees Colony,Hyderabad,Telangana
17.398225,78.3831665,Road Number 1,Srinagar Colony,Hyderabad,Telangana
17.3999793,78.3832855,Golden temple road,Srinagar Colony,Hyderabad,Telangana
17.4006854,78.3845356,Golden temple road,Srinagar Colony,Hyderabad,Telangana
17.3999357,78.3839932,Golden temple road,Srinagar Colony,Hyderabad,Telangana
17.3962683,78.5624111,Surya Nagar Colony Road,Laxma Reddy Colony,Hyderabad,Telangana
17.4961088,78.3401735,Deepthisree Nagar road,Sri Durga Colony,Hyderabad,Telangana
17.4956141,78.3400434,Deepthisree Nagar road,Sri Durga Colony,Hyderabad,Telangana
17.3501969,78.5473339,Dmart Lb nagar,Bahadurguda,Hyderabad,Telangana
17.4396453,78.5720501,Sv Nagar,KL Reddy Nagar,Hyderabad,Telangana
17.4901932,78.3440442,3rd Street,Sri Kalki Heights,Hyderabad,Telangana
17.4709465,78.3314201,Alind Colony Main Road,Sudarshan Nagar Colony,Hyderabad,Telangana
17.4501915,78.533746,Malkajgiri Road,Fateh Nagar,Hyderabad,Telangana
17.4524187,78.533981,Malkajgiri Road,Maruti Nagar,Hyderabad,Telangana
17.4569049,78.5362806,Malkajgiri Road,R.K. Nagar,Hyderabad,Telangana
17.4464204,78.5751852,FCI Godown Road,Surya Nagar,Hyderabad,Telangana
17.4464857,78.5752395,FCI Godown Road,Surya Nagar,Hyderabad,Telangana
17.4469351,78.5748483,Nacharam road,Surya Nagar,Hyderabad,Telangana
17.4468886,78.5749308,Nacharam road,Surya Nagar,Hyderabad,Telangana
17.4499989,78.5356958,Malkajgiri Road,Malkajgiri,Hyderabad,Telangana
17.4461114,78.5341738,Malkajgiri Road,Satya Reddy Colony,Hyderabad,Telangana
17.4420294,78.5315869,Malkajgiri Road,Lalaguda,Hyderabad,Telangana
17.4500896,78.5354099,Malkajgiri Road,Malkajgiri,Hyderabad,Telangana
17.4853326,78.5986074,Nagaram Road,Nagaram,Hyderabad,Telangana
17.4859083,78.5992921,Nagaram Road,Nagaram,Hyderabad,Telangana
17.4854177,78.5985061,Nagaram Road,Nagaram,Hyderabad,Telangana
17.4963686,78.6129263,ECIL-Keesara Road,Nagaram,Hyderabad,Telangana
17.3983002,78.4991949,Street Number 27,Bagh Lingampally,Hyderabad,Telangana
17.3632366,78.4846772,Dabeerpura Nala road,Patthar Kaman,Hyderabad,Telangana
17.3676546,78.485281,Badh ka jhaad road,Dabeerpura,Hyderabad,Telangana
17.4454844,78.6321122,Pocharam Village Main Road,Pocharam,Hyderabad,Telangana
17.4454395,78.632034,Pocharam Village Main Road,Pocharam,Hyderabad,Telangana
17.4929671,78.3216974,Road Number 7,Indira Nagar,Hyderabad,Telangana
17.4517631,78.5785356,Sainikpuri-ECIL Main Road,Nehru Nagar,Hyderabad,Telangana
17.4837351,78.3737502,Road Number 5B,Venkata Ramana Colony,Hyderabad,Telangana
17.4881865,78.374511,Road Number 21,Venkata Ramana Colony,Hyderabad,Telangana
17.4833447,78.362135,Hafeezpet Railway Station Road,Hafeezpet,Hyderabad,Telangana
17.3397578,78.5037284,TGSRTC Midhani Bus Station Inner Road,Riyasat Nagar,Hyderabad,Telangana
17.3401226,78.5031068,TGSRTC Midhani Bus Station Inner Road,Riyasat Nagar,Hyderabad,Telangana
17.4013671,78.5724791,Uppal - Nagole Bypass Road,Santhi Nagar,Hyderabad,Telangana
17.3694055,78.5062027,Paltan Road,Anand Nagar Colony,Hyderabad,Telangana
17.4675224,78.3759535,Hitex Road,Izzat Nagar,Hyderabad,Telangana
17.4688993,78.3765632,Hitex Road,Khanmet,Hyderabad,Telangana
17.4698949,78.3687085,Green Hamlet Road,Izzat Nagar,Hyderabad,Telangana
17.4318746,78.5084697,Chilkalaguda Road,Chilkalguda,Hyderabad,Telangana
17.4318105,78.5084332,Chilkalaguda Road,Chilkalguda,Hyderabad,Telangana
17.4158987,78.4990121,Musheerabad Main Road,Zamistanpur,Hyderabad,Telangana
17.4266018,78.5031522,Boyiguda Road,Padma Rao Nagar,Hyderabad,Telangana
17.4166233,78.4984444,A1 Hotel Road,Musheerabad,Hyderabad,Telangana
17.4087378,78.5642959,Chilkanagar Main Road,Dharmapuri Colony,Hyderabad,Telangana
17.4065543,78.5639318,Chilkanagar Main Road,Dharmapuri Colony,Hyderabad,Telangana
17.3963357,78.5721766,Uppal - Nagole Bypass Road,Santhi Nagar,Hyderabad,Telangana
17.4437154,78.5477049,Maula Ali Flyover,Ambedkar Nagar,Hyderabad,Telangana
17.4617743,78.5594926,Moula Ali Road,Moula Ali,Hyderabad,Telangana
17.4291918,78.5335321,Maula Ali Road,Tarnaka Flyover;TGSRTC Hospital,Hyderabad,Telangana
17.4332151,78.538392,Lalaguda Flyover,Santhi Nagar,Hyderabad,Telangana
17.4349197,78.5412422,Maula Ali Road,Santhi Nagar,Hyderabad,Telangana
17.4349774,78.5412155,Maula Ali Road,Santhi Nagar,Hyderabad,Telangana
17.4445665,78.4433224,sai baba temple road,SR Nagar,Hyderabad,Telangana
17.415051,78.5904431,Vinayaka Nagar Colony Street-2,East Hanuman Nagar,Hyderabad,Telangana
17.4150876,78.59007,Sri Vinayaka Nagar Colony Street-1,East Hanuman Nagar,Hyderabad,Telangana
17.4149248,78.5909369,Vinayaka Nagar Colony Street-3,East Hanuman Nagar,Hyderabad,Telangana
17.3579093,78.4739301,Charminar Road,Moghalpura,Hyderabad,Telangana
17.3528601,78.4729479,Charminar Road,Shah Ali Banda,Hyderabad,Telangana
17.3471174,78.4711172,Falaknuma Road,Engine Bowli,Hyderabad,Telangana
17.486312,78.4968718,Kanajiguda,Khanojiguda,Hyderabad,Telangana
17.4937305,78.5054231,road no 4,Indiranagar,Hyderabad,Telangana
17.4932735,78.5072374,road no 4,Indiranagar,Hyderabad,Telangana
17.4032661,78.4573166,AC Guards Rd,Lakdi-ka-pul,Hyderabad,Telangana
17.4390107,78.5444435,Maula Ali Road,Indira Nagar,Hyderabad,Telangana
17.3986786,78.4501336,NMDC Road,Masab Tank,Hyderabad,Telangana
17.4714907,78.383742,Hitec - Kukatpally Main Road,APHB Colony,Hyderabad,Telangana
17.4759438,78.3803744,Hafizpet Hitec Link Road,Venkata Ramana Colony,Hyderabad,Telangana
17.4215908,78.582656,9th Cross Road,Boduppal,Hyderabad,Telangana
17.3761177,78.4332136,Golconda Rd,Moghal Nagar,Hyderabad,Telangana
17.3761162,78.4335566,Golconda Rd,Moghal Nagar,Hyderabad,Telangana
17.4008006,78.3780977,Golden temple road,Secretariat Employees Colony,Hyderabad,Telangana
17.4005169,78.3797462,Golden temple road,Secretariat Employees Colony,Hyderabad,Telangana
17.4654832,78.5621355,Gayatri Nagar Main Road,Green Hills Colony,Hyderabad,Telangana
17.4627373,78.560907,A.P.H.B Colony Main Road,Moula Ali,Hyderabad,Telangana
17.4627612,78.5609485,A.P.H.B Colony Main Road,Moula Ali,Hyderabad,Telangana
17.4680507,78.5659247,Moula-ali - SP Nagar - ECIL Road,Green Hills Colony,Hyderabad,Telangana
17.4621213,78.5596777,Moula Ali Road,Moula Ali,Hyderabad,Telangana
17.473398,78.5588843,Tank Road,Anupuram,Hyderabad,Telangana
17.4142821,78.5912454,Sri Vinayaka Nagar Colony Street-4,East Hanuman Nagar,Hyderabad,Telangana
17.4088938,78.4756883,Lower Tank Bund Road,Liberty Jn,Hyderabad,Telangana
17.4096468,78.488382,Indira Park Road,Aravinda Nagar,Hyderabad,Telangana
17.4094573,78.4883249,Indira Park Road,Aravinda Nagar,Hyderabad,Telangana
17.413196,78.5855408,Boduppal Road,Hanuman Nagar Colony,Hyderabad,Telangana
17.5126242,78.4495792,Pipe Line Road,Shapur Nagar,Hyderabad,Telangana
17.4559476,78.5704432,Road Number 5,Mangapuram Colony,Hyderabad,Telangana
17.5172388,78.4627435,dattapeetam st,Subash Nagar,Hyderabad,Telangana
17.5180008,78.4629546,dattapeetam st,Subash Nagar,Hyderabad,Telangana
17.5154403,78.4565917,Road Number 18,Subash Nagar,Hyderabad,Telangana
17.4062831,78.4933494,Street Number 9,Jawahar Nagar,Hyderabad,Telangana
17.4070182,78.4936059,Street Number 9,Jawahar Nagar,Hyderabad,Telangana
17.4373922,78.4418775,Yousufguda main road,Madhura Nagar,Hyderabad,Telangana
17.4371111,78.4326378,Street Number 4,Ganapati Complex,Hyderabad,Telangana
17.4366728,78.4390555,Yousufguda Main Road,Madhura Nagar,Hyderabad,Telangana
17.4363635,78.4357198,Yousufguda Main road,Padala Ramareddy Colony,Hyderabad,Telangana
17.3984814,78.4718342,KK Estate Lane,Fateh Maidan,Hyderabad,Telangana
17.4684351,78.5398943,street number 1,Safilguda,Hyderabad,Telangana
17.4706178,78.5413983,street number 1,West Deen Dayal Nagar,Hyderabad,Telangana
17.3473755,78.550143,Vijayavada Highway Flyover,LB Nagar,Hyderabad,Telangana
17.3449129,78.5535149,Vijayavada Highway Flyover,Bhoolaxmi Colony,Hyderabad,Telangana
17.3501865,78.4654449,Fateh Darwaza Road,Misri Gunj,Hyderabad,Telangana
17.3144851,78.5107432,RCI road,Subhodaya Nagar,Hyderabad,Telangana
17.3293051,78.5212591,rci road,Mithila Nagar,Hyderabad,Telangana
17.3572764,78.5285121,Saroor Nagar Mini Tank Bund Road,P&T Colony,Hyderabad,Telangana
17.3585811,78.5255969,Saroor Nagar Mini Tank Bund Road,P&T Colony,Hyderabad,Telangana
17.4368278,78.4483181,Balkampet road,Ameerpet,Hyderabad,Telangana
17.4371512,78.4483132,Balkampet road,Ameerpet,Hyderabad,Telangana
17.527129,78.522744,Hyderabad - Karimnagar Highway,Risala Bazaar,Hyderabad,Telangana
17.5208364,78.5217923,Hyderabad - Karimnagar Highway,Lakadwala Colony,Hyderabad,Telangana
17.416301,78.5225781,Adikmet Road,Manikeshwari Nagar,Hyderabad,Telangana
17.4112791,78.5191962,Adikmet Flyover,Lalitha Nagar,Hyderabad,Telangana
17.4029239,78.461012,Mahavir Marg,Lakdi-ka-pul,Hyderabad,Telangana
17.4030006,78.4594586,Mahavir Marg,Lakdi-ka-pul,Hyderabad,Telangana
17.4029252,78.4590171,Mahavir Marg,Lakdi-ka-pul,Hyderabad,Telangana
17.4030741,78.4599908,Mahavir Marg,Lakdi-ka-pul,Hyderabad,Telangana
17.4058668,78.4631184,Lakdikapul Road,Saifabad,Hyderabad,Telangana
17.4051021,78.4638211,Lakdikapul Road,Saifabad,Hyderabad,Telangana
17.4563591,78.4840772,Srinagar-Kanyakumari Highway,Tar Bund,Hyderabad,Telangana
17.4561564,78.480943,Srinagar-Kanyakumari Highway,Tar Bund,Hyderabad,Telangana
17.4329419,78.490758,Distillery Road,Jeera,Hyderabad,Telangana
17.4324334,78.4904789,Distillery Road,Jeera,Hyderabad,Telangana
17.4351937,78.4957242,Market road,Patny,Hyderabad,Telangana
17.4491106,78.4967509,picket rd,Picket,Hyderabad,Telangana
17.4492432,78.4967543,picket rd,Picket,Hyderabad,Telangana
17.4710036,78.5089849,Hashmatpet Road,SBH Colony,Hyderabad,Telangana
17.4711954,78.5099833,All Saints Road,Karkhana,Hyderabad,Telangana
17.4790418,78.5113383,Lal Bazar,Army Family Quarters,Hyderabad,Telangana
17.5026582,78.5134013,towards alwal,PO Golnaka,Hyderabad,Telangana
17.506161,78.50458,towards alwal,Vasavi Nagar,Hyderabad,Telangana
17.5062751,78.5045782,towards alwal,Vasavi Nagar,Hyderabad,Telangana
17.3563572,78.4541057,Zoo Park Main Road,Bahadurpura,Hyderabad,Telangana
17.356309,78.4540845,Zoo Park Main Road,Bahadurpura,Hyderabad,Telangana
17.3942126,78.3943267,Qutub shahi tomb rd,Gulshan Colony,Hyderabad,Telangana
17.5481696,78.4831001,Aparna Water Tank,Doolapally,Hyderabad,Telangana
17.4699594,78.5403752,street number 1,Santoshi Mata Colony,Hyderabad,Telangana
17.5105122,78.3847004,Nizampet Road,Setwinabad,Hyderabad,Telangana
17.5006999,78.3892413,Nizampet Road,Vasantha Nagar,Hyderabad,Telangana
17.5026532,78.3886364,Nizampet Road,Nagarjuna Homes,Hyderabad,Telangana
17.5029546,78.3884706,Nizampet Road,Nagarjuna Homes,Hyderabad,Telangana
17.5032764,78.3882804,Nizampet Road,Nagarjuna Homes,Hyderabad,Telangana
17.5041979,78.3876534,Nizampet Road,Nagarjuna Homes,Hyderabad,Telangana
17.5072963,78.3859304,Nizampet Road,Brindavan Colony,Hyderabad,Telangana
17.5093954,78.3851187,Nizampet Road,Setwinabad,Hyderabad,Telangana
17.5199959,78.3781605,Nizampet Road,Nizampet,Hyderabad,Telangana
17.498169,78.4590826,Sai nagar Road No.3,Venkateswara Nagar,Hyderabad,Telangana
17.4983998,78.4591913,Sai nagar Road No.4,Venkateswara Nagar,Hyderabad,Telangana
17.498269,78.4595834,Sai nagar,Venkateswara Nagar,Hyderabad,Telangana
17.4405733,78.5242604,Marredpally-Tukaram Gate main road,Fateh Nagar,Hyderabad,Telangana
17.341804,78.5461713,Bairamalguda Flyover,Bairamalguda,Hyderabad,Telangana
17.5055925,78.3618084,Miyapur-Janapriya West City Road,Jayaprakash Narayan Nagar,Hyderabad,Telangana
17.3981353,78.5633632,Surya Nagar Colony,Laxma Reddy Colony,Hyderabad,Telangana
17.4971794,78.3617263,Bollaram Road,Madhava Nagar,Hyderabad,Telangana
17.4966902,78.3615652,Bollaram Road,Madhava Nagar,Hyderabad,Telangana
17.4967308,78.3619341,Miyapur - Allwyn Cross Road Mumbai Highway,Madhava Nagar,Hyderabad,Telangana
17.495288,78.3561495,Miyapur - Allwyn Cross Road Mumbai Highway,Miyapur,Hyderabad,Telangana
17.4869103,78.3499708,Nanne Estate Road,Vishal Nagar,Hyderabad,Telangana
17.3957556,78.5025409,Barkhatpura Road,Fever Hospital Jn,Hyderabad,Telangana
17.4935217,78.3520807,Sonata Lane,Allwyn Colony,Hyderabad,Telangana
17.4907713,78.3542881,Prajay City Main Road,Janapriya Nagar,Hyderabad,Telangana
17.4914935,78.3562468,Bhanu Township Rd,Janapriya Nagar,Hyderabad,Telangana
17.4921557,78.3553481,Ganesh Temple Road,Janapriya Nagar,Hyderabad,Telangana
17.4930565,78.3488092,Venkateswara Temple Road,Allwyn Colony,Hyderabad,Telangana
17.4936966,78.348294,Mythri Nagar Lane,Mythrinagar,Hyderabad,Telangana
17.4919637,78.3491465,Venkateswara Temple Road,Allwyn Colony,Hyderabad,Telangana
17.4273194,78.4061978,Road Number 45,Nandagiri Hills,Hyderabad,Telangana
17.4293082,78.4068709,Road number 54,Jubilee Hills,Hyderabad,Telangana
17.4282051,78.4048372,Road Number 45,Nandagiri Hills,Hyderabad,Telangana
17.4307556,78.4015838,Road Number 45,CBI Colony,Hyderabad,Telangana
17.4269279,78.4065441,Durgam Cheruvu Bridge,Nandagiri Hills,Hyderabad,Telangana
17.4328847,78.3858546,Inorbit Mall Road,Madhapur,Hyderabad,Telangana
17.4311195,78.3972556,Durgam Cheruvu Bridge,CBI Colony,Hyderabad,Telangana
17.4317038,78.3873855,Durgam Cheruvu Bridge,Kavuri Hills,Hyderabad,Telangana
17.4269729,78.4066003,Durgam Cheruvu Bridge,Nandagiri Hills,Hyderabad,Telangana
17.4310557,78.3972411,Durgam Cheruvu Bridge,CBI Colony,Hyderabad,Telangana
17.4250161,78.4090035,Road Number 45,Nandagiri Hills,Hyderabad,Telangana
17.4272342,78.4061016,Road Number 45,Nandagiri Hills,Hyderabad,Telangana
17.4326826,78.3862984,Durgam Cheruvu Bridge,Madhapur,Hyderabad,Telangana
17.4360592,78.3818308,Mindspace Junction Flyover,Vittal Rao Nagar,Hyderabad,Telangana
17.4359791,78.381782,Mindspace Junction Flyover,Vittal Rao Nagar,Hyderabad,Telangana
17.4367304,78.3810608,Inorbit Mall Road,Vittal Rao Nagar,Hyderabad,Telangana
17.4858373,78.3496467,Nanne Estate Road,Vishal Nagar,Hyderabad,Telangana
17.4931427,78.3470387,Venkateswara Temple Road,Mythrinagar,Hyderabad,Telangana
17.3596792,78.4574115,Dargah Road,Devi Bagh,Hyderabad,Telangana
17.4225765,78.3816595,Khajaguda Nanakramguda road,Madhura Nagar Colony,Hyderabad,Telangana
17.4223952,78.3811916,Khajaguda Nanakramguda road,Madhura Nagar Colony,Hyderabad,Telangana
17.4222857,78.3827179,Old Bombay Highway,Prashant Hills,Hyderabad,Telangana
17.4224076,78.382453,Old Bombay Highway,Prashant Hills,Hyderabad,Telangana
17.4226923,78.3819259,Old Bombay Highway,Prashant Hills,Hyderabad,Telangana
17.4225167,78.3822384,Old Bombay Highway,Prashant Hills,Hyderabad,Telangana
17.4661853,78.4475498,Babu Jagjivan Ram Flyover,shobna,Hyderabad,Telangana
17.4660647,78.4475086,Babu Jagjivan Ram Flyover,shobna,Hyderabad,Telangana
17.3654027,78.48931,Bada Qabrastaan,Nagar Bowli,Hyderabad,Telangana
17.3670705,78.4916845,Chanchalguda Road,Shah Colony,Hyderabad,Telangana
17.430674,78.5527259,Nacharam Road,Ram Reddy Colony,Hyderabad,Telangana
17.4259328,78.54913,Nacharam Road,Karthikeya Nagar,Hyderabad,Telangana
17.5118016,78.3970657,Pragathi Nagar Road,Lake View Colony,Hyderabad,Telangana
17.4352356,78.364194,Road Number 7,Telecom Nagar,Hyderabad,Telangana
17.4345401,78.3651617,Road Number 7,Telecom Nagar,Hyderabad,Telangana
17.5354362,78.3924675,Kothapalli Jayashankar road,Anand Naidu Nagar,Hyderabad,Telangana
17.5027521,78.392503,Bhagyanagar Hills Road,Samatha Nagar,Hyderabad,Telangana
17.502868,78.395078,Bhagyanagar Hills Road,HMT Hills,Hyderabad,Telangana
17.4274552,78.4028719,The Pavilion Drive-In,Silent Valley Hills,Hyderabad,Telangana
17.4345227,78.3945178,Durgam Cheruvu - Mindspace Road,CBI Colony,Hyderabad,Telangana
17.4346042,78.3942482,Durgam Cheruvu - Madhapur Road,Kavuri Hills,Hyderabad,Telangana
17.3474433,78.5382801,Temple Road,Lingojiguda,Hyderabad,Telangana
17.4292641,78.5114546,Created residential road,Namala Gundu,Hyderabad,Telangana
17.4919988,78.3931756,JNTU Malaysian Twp Flyover,KPHB Colony,Hyderabad,Telangana
17.492022,78.3933023,JNTU Malaysian Twp Flyover,KPHB Colony,Hyderabad,Telangana
17.4809068,78.3895205,JNTU Malaysian Twp Flyover,Phase 5,Hyderabad,Telangana
17.4286239,78.4357335,Sri Nagar Colony Temple Complex Road,Srinagar Colony,Hyderabad,Telangana
17.4294646,78.4362741,Sri Nagar Colony Temple Complex Road,Srinagar Colony,Hyderabad,Telangana
17.3925767,78.4650741,Dargah Road,Nampally,Hyderabad,Telangana
17.3945463,78.4606351,Dargah Road,Bazaar Ghat,Hyderabad,Telangana
17.3905361,78.4688565,Nampally to Mallepally Road,Nampally,Hyderabad,Telangana
17.5275699,78.4401859,TGSRTC Jeedimetla Bus Depot Inner Road,SR Naik Nagar,Hyderabad,Telangana
17.5413457,78.4336162,Suraram Village Road,Venkatarama Colony,Hyderabad,Telangana
17.5413873,78.4336164,Suraram Village Road,Venkatarama Colony,Hyderabad,Telangana
17.4636638,78.4556501,Balanagar Main Road,shobna,Hyderabad,Telangana
17.463598,78.455675,Balanagar Main Road,shobna,Hyderabad,Telangana
17.4635716,78.4554292,Balanagar Main Road,shobna,Hyderabad,Telangana
17.4350598,78.513599,Krishna Deva Raya Road,Namala Gundu,Hyderabad,Telangana
17.4369213,78.5112403,Rail Nilayam Road,Chilkalguda,Hyderabad,Telangana
17.4072391,78.4944089,Sub road of jawahar nagar,Jawahar Nagar,Hyderabad,Telangana
17.4846079,78.3210274,Old Bombay Road,Adarsh Nagar,Hyderabad,Telangana
17.4845622,78.3210528,Old Bombay Road,Adarsh Nagar,Hyderabad,Telangana
17.4347168,78.3684207,Gachibowli Flyover,Telecom Nagar,Hyderabad,Telangana
17.4405445,78.3610059,Gachibowli Flyover,J V Colony,Hyderabad,Telangana
17.4734366,78.3132546,ACZ Central Park Trail,Gulmohar Park Colony,Hyderabad,Telangana
17.5383252,78.4307558,APJ Abdul kalam,Sivalaya Nagar Colony,Hyderabad,Telangana
17.2974992,78.4714627,ASC road,Mustafa Hills,Hyderabad,Telangana
17.3999041,78.4098225,Aditya Nagar Colony Sub,Tolichowki,Hyderabad,Telangana
17.4711008,78.3044084,Akshaj Avenue 1st Street,Nallagandla,Hyderabad,Telangana
17.3959258,78.4113344,Al-Kareem,Hans Nagar Colony,Hyderabad,Telangana
17.5145519,78.5259339,Hislop Road,Lakadwala Colony,Hyderabad,Telangana
17.4732585,78.4420482,Balaji,Bhavani Nagar,Hyderabad,Telangana
17.4835195,78.4174594,15 Feet Wide,Sangeet Nagar,Hyderabad,Telangana
17.3015871,78.4989719,360,Orchid Residency (Pride India),Hyderabad,Telangana
17.3458166,78.5665382,VB Entrance road,Chintalkunta,Hyderabad,Telangana
17.3344669,78.5451652,Bhoomi Reddy,Narayana Reddy Nagar,Hyderabad,Telangana
17.4069382,78.4448459,Buckingham Driveway,Bhola Nagar,Hyderabad,Telangana
17.3993592,78.534445,CDTS Hostel,Sai Chitra Nagar,Hyderabad,Telangana
17.4025869,78.459962,Central Water Commission,Lakdi-ka-pul,Hyderabad,Telangana
17.3904758,78.4873179,Chowdary Bagh,Ramkote,Hyderabad,Telangana
17.4236705,78.4277785,Cinemax Foot Over,BN Reddy Colony,Hyderabad,Telangana
17.4493819,78.3679632,Cross Street 1,Studiorigin - Interior Designer in Hyderabad,Hyderabad,Telangana
17.5737105,78.5644683,Hyderabad - Karimnagar Highway,Thumukunta,Hyderabad,Telangana
17.5737081,78.5646872,Hyderabad - Karimnagar Highway,Thumukunta,Hyderabad,Telangana
17.5737987,78.5642242,Hyderabad - Karimnagar Highway,Thumukunta,Hyderabad,Telangana
17.5737966,78.5646877,Hyderabad - Karimnagar Highway,Thumukunta,Hyderabad,Telangana
17.3773652,78.4971923,Dhobigalli,Old Malakpet,Hyderabad,Telangana
17.3647979,78.4256181,Dwarakami,Radha Krishna Nagar,Hyderabad,Telangana
17.4410473,78.3554027,GPRA Masjid,Gachibowli,Hyderabad,Telangana
17.4009081,78.5513773,Game Point,Survey Colony,Hyderabad,Telangana
17.4541885,78.3656388,Gayathri Residency Access,Whitefields,Hyderabad,Telangana
17.5177656,78.3198976,Gopal Reddy,Sri Ramanagar Colony,Hyderabad,Telangana
17.3782973,78.4753856,Goshamahal Government High School,Feelkhana,Hyderabad,Telangana
17.3517357,78.5045261,Grand Festival Palace,Banu Nagar,Hyderabad,Telangana
17.4893962,78.3223127,Guru Balaji Apartments,Sivaji Nagar,Hyderabad,Telangana
17.4262402,78.3349749,HMWSSB,Nanakramguda,Hyderabad,Telangana
17.331682,78.5901508,Ion,Arunodaya Nagar,Hyderabad,Telangana
17.4301434,78.3979863,Jubilee Hills Number 47 A,CBI Colony,Hyderabad,Telangana
17.3560878,78.3765928,Kali Mandir,Vikas Nagar,Hyderabad,Telangana
17.4401668,78.4577817,brahmanvadi street number 1,Uma Nagar,Hyderabad,Telangana
17.5275539,78.3170743,Koganti Nanandam Homes,Narendra Nagar,Hyderabad,Telangana
17.5274065,78.3174552,Koganti Nanandam Homes,Narendra Nagar,Hyderabad,Telangana
17.5274651,78.3174468,Koganti Nanandam Homes,Narendra Nagar,Hyderabad,Telangana
17.389806,78.3658463,Kollapudi,Narsingi,Hyderabad,Telangana
17.500856,78.3546702,La Gardenia Driveway,Miyapur,Hyderabad,Telangana
17.5294998,78.3158873,Lakshmi Nivas,Narendra Nagar,Hyderabad,Telangana
17.4040996,78.4388753,Lancer Number 1,Ahmed Nagar,Hyderabad,Telangana
17.391653,78.4495187,Madina,Indira Nagar,Hyderabad,Telangana
17.3283642,78.4176746,Mady,Premavathipet,Hyderabad,Telangana
17.39641,78.4465043,Mandir,Venkatadri Colony,Hyderabad,Telangana
17.4474637,78.396494,Masid e Alamgir,Guttala Begumpet,Hyderabad,Telangana
17.3597202,78.4597946,Masjid E Abbasiya,Osmanbagh,Hyderabad,Telangana
17.3550083,78.4240692,Masjid E Mohammedia,Khayyam Nagar,Hyderabad,Telangana
17.4001177,78.4034226,Masjid E Osman Ghani,Samatha Colony,Hyderabad,Telangana
17.3878544,78.4597017,Masjid e Noor,Habeeb Nagar,Hyderabad,Telangana
17.412719,78.4993284,Moshe,Zamistanpur,Hyderabad,Telangana
17.438326,78.3710089,NASR School Driveway,Telecom Nagar,Hyderabad,Telangana
17.4610198,78.348097,Palm Number 2,Gouthami Colony,Hyderabad,Telangana
17.4611575,78.347628,Palm Number 3,Gouthami Colony,Hyderabad,Telangana
17.3764584,78.4661882,Panchsheel,Shah Inayat Gunj,Hyderabad,Telangana
17.4654011,78.3437477,Pavani Residency,Masjid Banda,Hyderabad,Telangana
17.4631628,78.3467841,Pearl Village Number 1,Gouthami Colony,Hyderabad,Telangana
17.4617333,78.3455459,Pearl Village Number 7,Gouthami Colony,Hyderabad,Telangana
17.4444374,78.4743788,Police Road1,Prakash Nagar,Hyderabad,Telangana
17.3517414,78.5276714,Necklace Road,Green Park Colony,Hyderabad,Telangana
17.4437344,78.3820962,Raheja,Vittal Rao Nagar,Hyderabad,Telangana
17.3974021,78.4071328,Rahmath,Aruna Colony,Hyderabad,Telangana
17.4433293,78.382021,Ram Cyber View,Vittal Rao Nagar,Hyderabad,Telangana
17.4186301,78.3509382,Right 1,Nanakramguda,Hyderabad,Telangana
17.4181417,78.3515493,Right 3,Financial District,Hyderabad,Telangana
17.3939119,78.3766061,Royal Heights,Fair Fields Colony,Hyderabad,Telangana
17.432045,78.4499503,Royal Pavilion Apartments,Nagarjuna Hills,Hyderabad,Telangana
17.4984566,78.3210883,Rss,Gowtami Nagar Colony,Hyderabad,Telangana
17.5177827,78.3206634,Sai Nilayam,Ameenapur,Hyderabad,Telangana
17.3641335,78.4637944,Saify,Ghansi Bazaar,Hyderabad,Telangana
17.3947825,78.5364718,Sharada Nagar Main Road,Indira Nagar,Hyderabad,Telangana
17.5000944,78.3805227,Sion Fellowship Church,Hydernagar,Hyderabad,Telangana
17.4127584,78.4541619,Sowbhagya,Anand Nagar,Hyderabad,Telangana
17.3929261,78.4809885,Sreeram,King Koti,Hyderabad,Telangana
17.4128539,78.4102463,Sri Abhayanjaneya Temple,Film Nagar,Hyderabad,Telangana
17.522247,78.4305131,Sri Balaji Enclave,Roda Mestry Nagar,Hyderabad,Telangana
17.3434043,78.5627679,Sri Raja Rajeshwari,Chintalkunta,Hyderabad,Telangana
17.5124251,78.3876779,Srinivasam Apartments,Srinivasa Nagar,Hyderabad,Telangana
17.3632984,78.6012318,Surya Meadows Number 3,Anjanadri Nagar,Hyderabad,Telangana
17.3906073,78.3156642,Treasure Island Gokarting Track,Gandipet,Hyderabad,Telangana
17.4919303,78.3006477,Bhel Road,BHEL Township,Hyderabad,Telangana
17.3899204,78.4831347,Wesley Church,Boggulakunta,Hyderabad,Telangana
17.5199779,78.3852035,Number 10-C,Srinivasa Nagar,Hyderabad,Telangana
17.5074629,78.4244814,Number 10A,Srinivasa Nagar,Hyderabad,Telangana
17.3225311,78.4788357,Srisailam Highway,Chandrayangutta,Hyderabad,Telangana
17.3186621,78.4798345,Srisailam Highway,Maheshwaram Lines,Hyderabad,Telangana
17.3495312,78.4092056,Number 7 /1,Happy Homes Colony,Hyderabad,Telangana
17.4199805,78.4063452,Number 71E,Journalist Colony,Hyderabad,Telangana
17.4172965,78.4040447,Number 78A road,Prashasan Nagar,Hyderabad,Telangana
17.3667686,78.4147496,Number 8A,Sirimalle Nagar,Hyderabad,Telangana
17.4173022,78.4146382,Number 96,Film Nagar,Hyderabad,Telangana
17.4960734,78.3869622,Number 5-1-1,Satyanarayanaswamy Nagar,Hyderabad,Telangana
17.5171166,78.3168701,Number 4F,Sri Ramanagar Colony,Hyderabad,Telangana
17.4401092,78.4630456,"Number 4, Ward 149 Begumpet",Brahmanwadi,Hyderabad,Telangana
17.4478839,78.4645014,Number 3 (near Begumpet),Motilal Nehru Nagar,Hyderabad,Telangana
17.312153,78.4647093,Number 11B,Jahangirabad,Hyderabad,Telangana
17.5069478,78.4264941,Number 20A,Maqdum Nagar,Hyderabad,Telangana
17.3667411,78.5526263,Road Number 2,Alkapuri,Hyderabad,Telangana
17.3659457,78.5467294,Road Number 2,Vasavi Colony,Hyderabad,Telangana
17.366386,78.548482,Road Number 2,Vasavi Colony,Hyderabad,Telangana
17.3264581,78.5166858,"Number 7, Dhatu Nagar",Midhani Quarters,Hyderabad,Telangana
17.3482928,78.5569218,Road Nso 8,Central Bank Colony,Hyderabad,Telangana
17.4724571,78.5412614,street number 5,kaktiya nagar,Hyderabad,Telangana
17.5038541,78.5711027,Krystal Minds,Bank Colony,Hyderabad,Telangana
17.4431931,78.582216,Sri Sai Nilayam,Chandrapuri Colony,Hyderabad,Telangana
17.4599478,78.5609572,Kasturibai,APHB Colony,Hyderabad,Telangana
17.4800661,78.4771289,KALINGA ENCLAVE,Maithri Vanam,Hyderabad,Telangana
17.4793057,78.4805276,RAJA RAJESHWARI,HAL Colony,Hyderabad,Telangana
17.4799056,78.4796719,KALINGA ENCLAVE,HAL Colony,Hyderabad,Telangana
17.4813624,78.5671303,Street 8N Lane 1,Bhavani Nagar,Hyderabad,Telangana
17.4838295,78.5797301,Shiva Sai Nagar,Shiva Sai Nagar,Hyderabad,Telangana
17.4453756,78.5370107,Tirumala Gardens,Satya Reddy Colony,Hyderabad,Telangana
17.4820129,78.56488,Varun Enclave,Bhavani Nagar,Hyderabad,Telangana
17.4644013,78.5583127,Zamans,Moula Ali,Hyderabad,Telangana
17.4528097,78.5677857,Road Number 2,Mangapuram Colony,Hyderabad,Telangana
17.497668,78.5015645,Number 9/R1,Subhodaya Nagar,Hyderabad,Telangana
17.5162584,78.4995589,Number 4/5,Ambedkar Nagar,Hyderabad,Telangana
17.5159114,78.4994531,Number 4/4,Ambedkar Nagar,Hyderabad,Telangana
17.4957833,78.5576032,AK Lake Front lane,Malla Reddy Colony,Hyderabad,Telangana
17.4961197,78.5579681,AK Lake Front lane,Malla Reddy Colony,Hyderabad,Telangana
17.358854,78.5475891,green hills colony,NTR Nagar,Hyderabad,Telangana
17.4637376,78.4526029,Babu Jagjivan Ram Flyover,shobna,Hyderabad,Telangana
17.4638728,78.4526305,Babu Jagjivan Ram Flyover,shobna,Hyderabad,Telangana
17.3619069,78.5991827,Raghavendra nagar road 3,Anjanadri Nagar,Hyderabad,Telangana
17.4366022,78.4327653,Yousufguda Main Road,Ganapati Complex,Hyderabad,Telangana
17.435306,78.4349665,street no 1,Padala Ramareddy Colony,Hyderabad,Telangana
17.4340293,78.4364816,street no 1,Padala Ramareddy Colony,Hyderabad,Telangana
17.3765302,78.4811454,Mumbai Highway,Imlibun,Hyderabad,Telangana
17.4818558,78.5799317,Shiva Sai Nagar,Shiva Sai Nagar,Hyderabad,Telangana
17.482417,78.5794024,Shiva Sai Nagar,Shiva Sai Nagar,Hyderabad,Telangana
17.4955764,78.3870814,Vasanth Nagar Main Road,Vasanth Nagar,Hyderabad,Telangana
17.4976768,78.3877112,Vasanth Nagar Main Road,Satyanarayanaswamy Nagar,Hyderabad,Telangana
17.4957559,78.387193,Vasanth Nagar Main Road,Vasanth Nagar,Hyderabad,Telangana
17.4976654,78.3877734,Vasanth Nagar Main Road,Satyanarayanaswamy Nagar,Hyderabad,Telangana
17.496591,78.3875044,Vasanth Nagar Main Road,Satyanarayanaswamy Nagar,Hyderabad,Telangana
17.473725,78.3736389,Hafeezpet to KPHB Road,Izzat Nagar,Hyderabad,Telangana
17.4698014,78.4056245,Green Hills Road,Khaitalpur,Hyderabad,Telangana
17.4428815,78.4883383,P & T Quarters Complex Road,Jawahar Nagar Colony,Hyderabad,Telangana
17.4427392,78.4885096,P & T Quarters Complex (interior road),Jawahar Nagar Colony,Hyderabad,Telangana
17.4338058,78.4269015,Yousufguda Main Road,Krishna Nagar,Hyderabad,Telangana
17.4357156,78.4277731,Yousufguda Main Road,Yousufguda,Hyderabad,Telangana
17.4362541,78.4296222,Yousufguda Main Road,Prashant Nagar,Hyderabad,Telangana
17.4360103,78.4315882,Yousufguda Main Road,Prashant Nagar,Hyderabad,Telangana
17.5112537,78.5156363,Alwal Road Underpass,Vivekananda Colony,Hyderabad,Telangana
17.5106936,78.517002,Alwal Road,Vivekananda Colony,Hyderabad,Telangana
17.4084202,78.4085492,RB Internal Road,Deen Dayal Nagar,Hyderabad,Telangana
17.4255179,78.553508,Street No 6,Nacharam,Hyderabad,Telangana
17.5030244,78.4782764,Nizamabad Road,Ramaraju Nagar,Hyderabad,Telangana
17.4109105,78.6376516,Narapally Korremula Road,Swarnagiri Colony,Hyderabad,Telangana
17.3733497,78.5577953,LB Nagar - Uppal Road,Ananda Nagar,Hyderabad,Telangana
17.3754756,78.5579575,LB Nagar - Uppal Road,Samathapur,Hyderabad,Telangana
17.3773652,78.5580983,LB Nagar - Uppal Road,Nagole,Hyderabad,Telangana
17.4228193,78.3513028,Sumadhura Acropolis Entry,Nanakramguda,Hyderabad,Telangana
17.4837657,78.5467548,Sainikpuri Road,Vayupuri,Hyderabad,Telangana
17.4836764,78.5468216,Sainikpuri Road,Vayupuri,Hyderabad,Telangana
17.4795992,78.5637872,Kapra Main Road,Bhavani Nagar,Hyderabad,Telangana
17.4831232,78.5651494,Kapra Main Road,Sri Ram Naga,Hyderabad,Telangana
17.4774951,78.5629392,Dr A.S.Rao Nagar Road,Anupuram,Hyderabad,Telangana
17.4802447,78.5622968,H. T. Line Road,Prashanti Nagar,Hyderabad,Telangana
17.4808314,78.5616998,H. T. Line Road,Prashanti Nagar,Hyderabad,Telangana
17.4930024,78.609069,10 feet wide street,Nagaram,Hyderabad,Telangana
17.4231726,78.5514333,abc,HMT Nagar,Hyderabad,Telangana
17.423896,78.5547005,Siddha Road,Nacharam,Hyderabad,Telangana
17.5301636,78.3858475,KNR Green Valley Road,Sai Nagar,Hyderabad,Telangana
17.4198655,78.3368317,ISB Road,Nanakramguda,Hyderabad,Telangana
17.4230514,78.4112427,Road Number 45,Journalist Colony,Hyderabad,Telangana
17.4231056,78.4113168,Road Number 45,Journalist Colony,Hyderabad,Telangana
17.4227508,78.4111824,Road No 1,Journalist Colony,Hyderabad,Telangana
17.4223473,78.4110546,Road No 1,Journalist Colony,Hyderabad,Telangana
17.4233466,78.4257974,Road No. 2,BN Reddy Colony,Hyderabad,Telangana
17.4189704,78.4120085,Film Nagar Main Road,Journalist Colony,Hyderabad,Telangana
17.4815928,78.3425923,Spring Valley Road,Vishal Nagar,Hyderabad,Telangana
17.4288303,78.3747337,Hi Tech City Main Road,Madhura Nagar Colony,Hyderabad,Telangana
17.4289392,78.3749873,Hi Tech City Main Road,Madhura Nagar Colony,Hyderabad,Telangana
17.4290818,78.3746625,Hi Tech City Main Road,Madhura Nagar Colony,Hyderabad,Telangana
17.4292422,78.3747597,Hi Tech City Main Road,Madhura Nagar Colony,Hyderabad,Telangana
17.4289273,78.3745468,Hi Tech City Main Road,Madhura Nagar Colony,Hyderabad,Telangana
17.4391968,78.3632309,Old Bombay Road,Telecom Nagar,Hyderabad,Telangana
17.4388458,78.3632589,Old Bombay Road,Telecom Nagar,Hyderabad,Telangana
17.4385249,78.363598,Gachibowl Circle,Telecom Nagar,Hyderabad,Telangana
17.4390184,78.3636989,Gachibowli - Miyapur Highway,Telecom Nagar,Hyderabad,Telangana
17.4736921,78.5699895,Sainikpuri-ECIL Main Road,DAE Colony,Hyderabad,Telangana
17.4383379,78.3636267,Outer Ring Road,Telecom Nagar,Hyderabad,Telangana
17.464717,78.5751453,ECIL Guest House road,DAE Colony,Hyderabad,Telangana
17.4733383,78.3698971,Hafeezpet to KPHB Road,Marthanda Nagar,Hyderabad,Telangana
17.4714658,78.3867403,Hitec - Kukatpally Main Road,APHB Colony,Hyderabad,Telangana
17.3450332,78.553416,Vijaywada Highway,Bhoolaxmi Colony,Hyderabad,Telangana
17.3452774,78.5356194,Road Number 1,Bhagya Nagar Colony,Hyderabad,Telangana
17.4715562,78.3864568,Hitec - Kukatpally Main Road,APHB Colony,Hyderabad,Telangana
17.4918618,78.3748985,KPHB 9th Phase Road,Bhagat Singh Nagar,Hyderabad,Telangana
17.4917904,78.3748299,KPHB 9th Phase Road,Bhagat Singh Nagar,Hyderabad,Telangana
17.4659995,78.3530504,Phillu Street,Sriram Nagar,Hyderabad,Telangana
17.3578154,78.5572826,LB Nagar - Uppal Road,Nagarjuna Nagar,Hyderabad,Telangana
17.354465,78.5562791,LB Nagar - Uppal Road,Sivaganga Colony,Hyderabad,Telangana
17.3514902,78.5548576,LB Nagar - Uppal Road,RTC Colony,Hyderabad,Telangana
17.3559295,78.5564801,LB Nagar - Uppal Road,Nagarjuna Nagar,Hyderabad,Telangana
17.3577517,78.5199428,road number 2,Singareni Colony,Hyderabad,Telangana
17.3933753,78.4474727,rr road,Venkatadri Colony,Hyderabad,Telangana
17.35099,78.4178358,Inner Ring Road,Ashok Vihar,Hyderabad,Telangana
17.3541684,78.4220335,Hyderguda road,Upperpally,Hyderabad,Telangana
17.3583315,78.4249532,Inner Ring Road,Upperpally,Hyderabad,Telangana
17.3543874,78.4204084,Inner Ring Road,Upperpally,Hyderabad,Telangana
17.3705801,78.4291533,Inner Ring Road,Attapur,Hyderabad,Telangana
17.4112167,78.398083,Shaikpet Flyover,Whisper Valley Colony,Hyderabad,Telangana
17.4633777,78.3854682,Hitec - Kukatpally Main Road,Khanmet,Hyderabad,Telangana
17.362216,78.427691,Inner Ring Road,Rambagh Colony,Hyderabad,Telangana
17.4162054,78.4123199,Apollo Hospital Road,Film Nagar,Hyderabad,Telangana
17.5187008,78.3711588,GRIET College Rd,Mayuri Nagar,Hyderabad,Telangana
17.5109321,78.4478056,Jeedimetla Main Road,Shapur Nagar,Hyderabad,Telangana
17.4409403,78.3898877,Durgam Cheruvu Road,Madhapur,Hyderabad,Telangana
17.4575345,78.4782245,Srinagar-Kanyakumari Highway,Bhavani Nagar,Hyderabad,Telangana
17.5028975,78.3948787,Bhagyanagar Hills Road,Samatha Nagar,Hyderabad,Telangana
17.5026453,78.389542,Bhagyanagar Hills Road,Nagarjuna Homes,Hyderabad,Telangana
17.5123404,78.3840049,Nizampet Road,Nizampet,Hyderabad,Telangana
17.5166174,78.381848,Nizampet Road,Nizampet,Hyderabad,Telangana
17.5168621,78.3815535,Nizampet Road,Nizampet,Hyderabad,Telangana
17.51706,78.3811765,Nizampet Road,Nizampet,Hyderabad,Telangana
17.5218515,78.3924488,Friends Sreet,Madhura Nagar,Hyderabad,Telangana
17.5209663,78.3923391,Friends Sreet,Madhura Nagar,Hyderabad,Telangana
17.413709,78.4274254,Road No. 12,Venkateswara Colony,Hyderabad,Telangana
17.4125656,78.4299679,Road No 12,Bhavani Nagar,Hyderabad,Telangana
17.3997778,78.5400538,pragathinagar,Pragati Nagar,Hyderabad,Telangana
17.400101,78.4959616,Street Number 12,Chikkadpally,Hyderabad,Telangana
17.3972669,78.4922247,Narayanaguda Road,Narayanguda,Hyderabad,Telangana
17.4087516,78.4971965,Narayanaguda Road,RTC X Road,Hyderabad,Telangana
17.4067758,78.4965082,Chikkadapally Road,RTC X Road,Hyderabad,Telangana
17.4066463,78.3917738,OU colony road,OU Staff Colony,Hyderabad,Telangana
17.4833466,78.3804962,13th Phase Road,Venkata Ramana Colony,Hyderabad,Telangana
17.4739628,78.2980754,Nallagandla-Tellapur Road,Nallagandla,Hyderabad,Telangana
17.4808273,78.5622904,Gandhi Nagar Road,Prashanti Nagar,Hyderabad,Telangana
17.5030514,78.4209175,road no 26,Anjaih Nagar,Hyderabad,Telangana
17.5032141,78.421077,anjaiah nagar road,Anjaih Nagar,Hyderabad,Telangana
17.4000131,78.4946948,Chikkadapally Road,Chikkadpally,Hyderabad,Telangana
17.4818905,78.4514605,idpl colony,Idpl,Hyderabad,Telangana
17.4725178,78.5699061,TGSRTC ECIL Bus Station Inner Road,DAE Colony,Hyderabad,Telangana
17.475498,78.4238589,Balanagar - Moosapet Y Junction Road,Prashanti Nagar,Hyderabad,Telangana
17.4297365,78.3245788,Gopanpally - Wipro Road,Gowlidoddi,Hyderabad,Telangana
17.418433,78.3713302,Khajaguda Nanakramguda road,Janmabhoomi Colony,Hyderabad,Telangana
17.3565156,78.4543812,Flyover,Bahadurpura,Hyderabad,Telangana
17.3563658,78.4542129,Flyover,Bahadurpura,Hyderabad,Telangana
17.463932,78.3787942,Ghousia Masjid Line,Khanmet,Hyderabad,Telangana
17.3624301,78.4280058,Inner Ring Road,Rambagh Colony,Hyderabad,Telangana
17.4728834,78.3670973,Hafeezpet to KPHB Road,Marthanda Nagar,Hyderabad,Telangana
17.4727293,78.3671822,Hafeezpet to KPHB Road,Marthanda Nagar,Hyderabad,Telangana
17.5044373,78.3256823,Aparna Hillpark Road,Sri Satya Enclave,Hyderabad,Telangana
17.430746,78.5350271,Maula Ali Road,Lalaguda North,Hyderabad,Telangana
17.3506568,78.4724884,Falaknuma Road,Syed Ali Chabutra,Hyderabad,Telangana
17.3994133,78.5377615,entry,Nehru Nagar,Hyderabad,Telangana
17.3878355,78.5587638,Metro Service Road,Green Fields Colony,Hyderabad,Telangana
17.4661783,78.438551,Dr. Feroz Lane,Bhavani Nagar,Hyderabad,Telangana
17.4670529,78.438766,SVCIE Phase 3 Road,Bhavani Nagar,Hyderabad,Telangana
17.4675279,78.4389146,SVCIE Phase 3 Road,Bhavani Nagar,Hyderabad,Telangana
17.5195846,78.3842661,Road Number 10,Nizampet,Hyderabad,Telangana
17.5192692,78.3845972,Road No. 10T,Nizampet,Hyderabad,Telangana
17.5198529,78.3831995,Road No 7a,Nizampet,Hyderabad,Telangana
17.5200543,78.3824431,Road No 5a,Nizampet,Hyderabad,Telangana
17.4426636,78.4398439,Block A,Madhura Nagar,Hyderabad,Telangana
17.4422962,78.4404177,Block A,Madhura Nagar,Hyderabad,Telangana
17.4423544,78.4396694,Vengal Rao Nagar Road,Madhura Nagar,Hyderabad,Telangana
17.4422508,78.440747,Vengal Rao Nagar Road,Madhura Nagar,Hyderabad,Telangana
17.420905,78.5168828,Namalagundu Road,Indira Nagar,Hyderabad,Telangana
17.4573631,78.3065268,1st Cross Road,Nallagandla,Hyderabad,Telangana
17.4570815,78.5463897,E Anandbagh Main Road,Anantha Saraswati Nagar,Hyderabad,Telangana
17.4574238,78.5451544,E Anandbagh Main Road,Anantha Saraswati Nagar,Hyderabad,Telangana
17.4286415,78.3264607,Gopanpally - Wipro Road,Gowlidoddi,Hyderabad,Telangana
17.4212231,78.3920647,Road Number 52,BN Reddy Colony,Hyderabad,Telangana
17.4258582,78.3976055,Road Number 52,Silent Valley Hills,Hyderabad,Telangana
17.4248821,78.3947772,Road Number 52,BN Reddy Colony,Hyderabad,Telangana
17.3874087,78.4398089,alpati nagar,Gudimalkapur,Hyderabad,Telangana
17.3859734,78.4334127,market road,Balaji Nagar,Hyderabad,Telangana
17.4754697,78.3907746,Indis One City,Phase 7,Hyderabad,Telangana
17.5049434,78.515507,Hyderabad - Karimnagar Highway,GV Reddy Colony,Hyderabad,Telangana
17.4180672,78.3889781,Shaikpet Flyover,Raidurg,Hyderabad,Telangana
17.4133832,78.3946967,Shaikpet Flyover,Whisper Valley Colony,Hyderabad,Telangana
17.4066025,78.4038571,Shaikpet Flyover,Shaikpet,Hyderabad,Telangana
17.4041266,78.4073448,Old Bombay Highway,Aziz Bagh,Hyderabad,Telangana
17.4044419,78.4072763,Old Bombay Road,Aziz Bagh,Hyderabad,Telangana
17.4195705,78.3867199,Old Bombay Road,Prashant Hills,Hyderabad,Telangana
17.4206898,78.5005141,Musheerabad Main Road,Musheerabad,Hyderabad,Telangana
17.4206378,78.5006935,Boyiguda Road,Musheerabad,Hyderabad,Telangana
17.3722729,78.5088762,Vijaywada Highway,Andhra Colony,Hyderabad,Telangana
17.5001212,78.5085617,M R Krishna Road,alwal,Hyderabad,Telangana
17.4773207,78.3784141,Hafizpet Hitec Link Road,Venkata Ramana Colony,Hyderabad,Telangana
17.5085826,78.5173566,Hyderabad - Karimnagar Highway,Vivekananda Colony,Hyderabad,Telangana
17.5065244,78.5159957,Hyderabad - Karimnagar Highway,GV Reddy Colony,Hyderabad,Telangana
17.4402118,78.3981271,100 Feet Road,Kavuri Hills,Hyderabad,Telangana
17.3387778,78.4122153,Rajendra nagar road,Bansilal Nagar,Hyderabad,Telangana
17.3898336,78.4780593,Tilak Road,Abids,Hyderabad,Telangana
17.3766679,78.4297706,Golconda Rd,Moghal Nagar,Hyderabad,Telangana
17.4031335,78.4570363,Mahavir Marg,AC Guards,Hyderabad,Telangana
17.4029191,78.458234,Mahavir Marg,Lakdi-ka-pul,Hyderabad,Telangana
17.3968303,78.5128195,Chinku Road,Central Excise Colony,Hyderabad,Telangana
17.4085396,78.3942648,Manikonda road,OU Staff Colony,Hyderabad,Telangana
17.506926,78.3774841,High Tension Line Road,Setwinabad,Hyderabad,Telangana
17.447028,78.364452,Mindspace road,Studiorigin - Interior Designer in Hyderabad,Hyderabad,Telangana
17.4966023,78.4520067,Jeedimetla Main Road,Chintal Bus stop,Hyderabad,Telangana
17.4903285,78.4067492,Kukkatpally Main Road - Mumbai Highway,Kukatpally,Hyderabad,Telangana
17.4183313,78.4477648,Banjara Hills Road Number 7,Naveen Nagar,Hyderabad,Telangana
17.4179977,78.4472648,Banjara Hills Road Number 7,Gaffar Khan Colony,Hyderabad,Telangana
17.4173195,78.4551718,Judge Kushan Road,Irrum Manzil,Hyderabad,Telangana
17.3625056,78.4333609,Hyderguda road,Tejaswi Nagar,Hyderabad,Telangana
17.5504376,78.4929625,Nizamabad Road,Turkapalli,Hyderabad,Telangana
17.4523241,78.3802911,HITEC City–Kondapur Main Road,HITEC City,Hyderabad,Telangana
17.4179648,78.3694106,Khajaguda Nanakramguda road,Weaker Section Colony,Hyderabad,Telangana
17.5036238,78.395482,Pragathi Nagar Road,HMT Hills,Hyderabad,Telangana
17.4665943,78.5057551,Hyderabad - Mancherial Highway,SBH Colony,Hyderabad,Telangana
17.4466063,78.3082121,Kanchi Gachibowli Road,Gowlidoddi,Hyderabad,Telangana
17.4484745,78.30904,Kanchi Gachibowli Road,Gowlidoddi,Hyderabad,Telangana
17.4444924,78.3059222,Kanchi Gachibowli Road,Gowlidoddi,Hyderabad,Telangana
17.4495639,78.4371131,Mumbai Highway,Erragadda,Hyderabad,Telangana
17.4480109,78.437899,Mumbai Highway,Erragadda,Hyderabad,Telangana
17.3762927,78.5572102,New Nagole Main Road,Samathapur,Hyderabad,Telangana
17.376287,78.5574093,New Nagole Main Road,Samathapur,Hyderabad,Telangana
17.3761901,78.5569244,New Nagole Main Road,Samathapur,Hyderabad,Telangana
17.428328,78.412628,Jubilee Hills Road No 36,Jubilee Hills,Hyderabad,Telangana
17.3644894,78.4281809,Inner Ring Road,Rambagh Colony,Hyderabad,Telangana
17.4505749,78.4041676,Madhapur - Borabanda Road,Guttala Begumpet,Hyderabad,Telangana
17.4961028,78.3880514,Sardar Patel Nagar Road,Vasanth Nagar,Hyderabad,Telangana
17.5415703,78.3686552,Medak Road,Bachupally,Hyderabad,Telangana
17.5417115,78.3689605,Medak Road,Bachupally,Hyderabad,Telangana
17.387321,78.4762762,Abids to MJ Market Road,Abids,Hyderabad,Telangana
17.3873178,78.4761936,Abids to MJ Market Road,Abids,Hyderabad,Telangana
17.3943757,78.4409713,Asifnagar Road,Humayun Nagar,Hyderabad,Telangana
17.3942758,78.4412122,Asif Nagar road,Humayun Nagar,Hyderabad,Telangana
17.3939484,78.442617,Asifnagar Road,Humayun Nagar,Hyderabad,Telangana
17.3940423,78.4423023,Asifnagar Road,Humayun Nagar,Hyderabad,Telangana
17.3934313,78.4423182,Gudi Malkapur road,Humayun Nagar,Hyderabad,Telangana
17.3933957,78.4422428,Gudi Malkapur road,Humayun Nagar,Hyderabad,Telangana
17.3940014,78.4422769,Gudi Malkapur road,Humayun Nagar,Hyderabad,Telangana
17.510371,78.518772,Hyderabad - Karimnagar Highway,Vivekananda Colony,Hyderabad,Telangana
17.5100487,78.5184583,Hyderabad - Karimnagar Highway,Vivekananda Colony,Hyderabad,Telangana
17.5117097,78.5195186,Hyderabad - Karimnagar Highway,Vivekananda Colony,Hyderabad,Telangana
17.512012,78.519806,Hyderabad - Karimnagar Highway,Vivekananda Colony,Hyderabad,Telangana
17.5101201,78.5183775,Alwal Road,Vivekananda Colony,Hyderabad,Telangana
17.5100531,78.5185142,Alwal Road,Vivekananda Colony,Hyderabad,Telangana
17.5098923,78.5184165,Alwal Road,Vivekananda Colony,Hyderabad,Telangana
17.5133784,78.5204004,Stewart Road,Vivekananda Colony,Hyderabad,Telangana
17.3774327,78.487944,Chaderghat Road,Kali Khabr,Hyderabad,Telangana
17.375412,78.4849354,Chaderghat Road,Kali Khabr,Hyderabad,Telangana
17.4065413,78.4625953,Lakdikapul Road,Lakdi-ka-pul,Hyderabad,Telangana
17.4066612,78.4625608,Sabita Sadan Road,Lakdi-ka-pul,Hyderabad,Telangana
17.4065306,78.4624127,Lakdikapul Road,Lakdi-ka-pul,Hyderabad,Telangana
17.4056679,78.4634723,Lakdikapul Road,Saifabad,Hyderabad,Telangana
17.406457,78.4626979,Lakdikapul Road,Lakdi-ka-pul,Hyderabad,Telangana
17.442505,78.4780779,Minister's Road,Sindhi Colony,Hyderabad,Telangana
17.4432608,78.4774088,Minister's Road,Rasoolpura,Hyderabad,Telangana
17.4434362,78.4763221,Minister's Road,Rasoolpura,Hyderabad,Telangana
17.4435868,78.4783195,Sardar Patel Road,Rasoolpura,Hyderabad,Telangana
17.3680539,78.4759049,Pathergatti Road,Patthergatti,Hyderabad,Telangana
17.3613315,78.4763019,Bhagya laxmi mandir road,Panjeshah,Hyderabad,Telangana
17.3611792,78.4771071,Bhagya laxmi mandir road,Panjeshah,Hyderabad,Telangana
17.3615275,78.4752576,Bhagya laxmi mandir road,Panjeshah,Hyderabad,Telangana
17.5367771,78.4833546,Jayabheri Park Road,Doolapally,Hyderabad,Telangana
17.4731195,78.4282236,Balanagar - Moosapet Y Junction Road,Sriram Nagar,Hyderabad,Telangana
17.4726379,78.4300153,Moosapet Y Junction - Balanagar Road,Sriram Nagar,Hyderabad,Telangana
17.4713767,78.4334667,Balanagar - Moosapet Y Junction Road,Bhavani Nagar,Hyderabad,Telangana
17.5027006,78.3111329,RC Puram BHEL - Beeramguda Rd Mumbai Highway,Kakatiya Nagar,Hyderabad,Telangana
17.4591886,78.4768147,Srinagar-Kanyakumari Highway,Bhavani Nagar,Hyderabad,Telangana
17.4433906,78.4800075,Sardar Patel Road,Sindhi Colony,Hyderabad,Telangana
17.349131,78.4171451,Inner Ring Road,Ashok Vihar,Hyderabad,Telangana
17.3496402,78.4179853,Inner Ring Road,Ashok Vihar,Hyderabad,Telangana
17.3945006,78.4317062,Inner Ring Road,P&T Colony,Hyderabad,Telangana
17.4405557,78.3977536,100 Feet Road,Kavuri Hills,Hyderabad,Telangana
17.5161423,78.4982327,colony main rd,Ambedkar Nagar,Hyderabad,Telangana
17.3895183,78.367903,Road no 25,Alkapur Township,Hyderabad,Telangana
17.414936,78.3534438,Shri ram Universal school road,Khajaguda,Hyderabad,Telangana
17.3196856,78.4678882,Inner Ring Road,Hosnabad Colony,Hyderabad,Telangana
17.3720181,78.4292332,Inner Ring Road,Moghal Nagar,Hyderabad,Telangana
17.4417744,78.4883601,Sarojini Devi Road,Jawahar Nagar Colony,Hyderabad,Telangana
17.402147,78.3987613,Pupplaguda-Shaikpet Road,Gulshan Colony,Hyderabad,Telangana
17.4770589,78.3058332,Nallagandla-Tellapur Road,Nallagandla,Hyderabad,Telangana
17.4923798,78.4072965,Ramakrishna Street,Kukatpally,Hyderabad,Telangana
17.4909789,78.4076961,Vivekananda Nagar Road,Kukatpally,Hyderabad,Telangana
17.4906834,78.4077951,Vivekananda Nagar Road,Kukatpally,Hyderabad,Telangana
17.4721142,78.4311108,Balanagar - Moosapet Y Junction Road,Bhavani Nagar,Hyderabad,Telangana
17.4893548,78.4086714,Kukkatpally Main Road - Mumbai Highway,Chaitanya Nagar,Hyderabad,Telangana
17.5160156,78.3821747,Nizampet Road,Nizampet,Hyderabad,Telangana
17.5374469,78.4888477,Jayabheri Park Road,Caton Residential Township,Hyderabad,Telangana
17.4993068,78.3963524,Jal Vayu Vihar Road,Samatha Nagar,Hyderabad,Telangana
17.4993385,78.4037433,Jal Vayu Vihar Road,Bhagyanagar Colony,Hyderabad,Telangana
17.4771044,78.4212852,Kukkatpally Main Road - Mumbai Highway,Prashanti Nagar,Hyderabad,Telangana
17.3184512,78.4501341,Waramgadda road,Vinayak Nagar,Hyderabad,Telangana
17.5211705,78.382046,Road No 3b,Nizampet,Hyderabad,Telangana
17.5195406,78.3818909,Road No 4a,Nizampet,Hyderabad,Telangana
17.5211088,78.382452,Road No 4b,Nizampet,Hyderabad,Telangana
17.5210078,78.3827755,Road No 5b,Nizampet,Hyderabad,Telangana
17.5215184,78.3827863,Road No 4,Nizampet,Hyderabad,Telangana
17.5199488,78.3828113,Road No 6a,Nizampet,Hyderabad,Telangana
17.520915,78.3831335,Road No 6b,Nizampet,Hyderabad,Telangana
17.5214227,78.3831124,Road No 4,Nizampet,Hyderabad,Telangana
17.5207926,78.3835069,Road No 7b,Nizampet,Hyderabad,Telangana
17.5213147,78.3834688,Road No 4,Nizampet,Hyderabad,Telangana
17.519213,78.383818,New Block Road,Nizampet,Hyderabad,Telangana
17.535465,78.3876207,KNR Green Valley Road,Sai Nagar,Hyderabad,Telangana
17.5215248,78.3780925,Nizampet slum,Nizampet,Hyderabad,Telangana
17.4278341,78.4142412,Jubilee Hills Road No 36,Jubilee Hills,Hyderabad,Telangana
17.3753956,78.55779,LB Nagar - Uppal Road,Samathapur,Hyderabad,Telangana
17.4740659,78.3881624,Hitec - Kukatpally Main Road,APHB Colony,Hyderabad,Telangana
17.3546827,78.4210936,Inner Ring Road,Upperpally,Hyderabad,Telangana
17.5128483,78.4976714,colony main rd,Railway Colony,Hyderabad,Telangana
17.5117168,78.5014073,HT Road,Jonnabanda,Hyderabad,Telangana
17.5121436,78.4992115,HT Road,Railway Colony,Hyderabad,Telangana
17.4712923,78.309544,Nallagandla Road,Nallagandla,Hyderabad,Telangana
17.471315,78.309645,Nallagandla Road,Nallagandla,Hyderabad,Telangana
17.5694667,78.425004,Jeedimetla Main Road,Gandimaisamma,Hyderabad,Telangana
17.4050873,78.5114117,Adikmet Main Road,Adikmet Jn,Hyderabad,Telangana
17.3464201,78.5509136,Vijaywada Highway,Vivekananda Nagar,Hyderabad,Telangana
17.3462735,78.5505689,Inner Ring Road,Vivekananda Nagar,Hyderabad,Telangana
17.4029749,78.5145375,Shivam Road,DD Colony,Hyderabad,Telangana
17.3487048,78.5489402,Vijaywada Highway,LB Nagar,Hyderabad,Telangana
17.5135686,78.3922808,Lake View Colony Road,Lake View Colony,Hyderabad,Telangana
17.5134599,78.3927106,Lake View Colony Road,Lake View Colony,Hyderabad,Telangana
17.5147904,78.3920737,Road Number 10,Lake View Colony,Hyderabad,Telangana
17.5172612,78.4152715,Kailash Hills,Mahadevpur Colony,Hyderabad,Telangana
17.5178773,78.4178428,Road No 4,Mahadevpur Colony,Hyderabad,Telangana
17.5184913,78.4177853,Road No 4,Mahadevpur Colony,Hyderabad,Telangana
17.5175919,78.4169662,Road No 1,Mahadevpur Colony,Hyderabad,Telangana
17.4850386,78.411778,Kukkatpally Main Road - Mumbai Highway,Sumitra Nagar,Hyderabad,Telangana
17.4145562,78.3366583,Prestige High Fields Road,Financial District,Hyderabad,Telangana
17.4129722,78.3378342,MySpace Road,Financial District,Hyderabad,Telangana
17.475611,78.4237691,Moosapet Y Junction - Balanagar Road,Prashanti Nagar,Hyderabad,Telangana
17.4811353,78.3201822,Old Bombay Road,Anand Nagar,Hyderabad,Telangana
17.4986567,78.3802623,Nizampet - Miyapur Road Mumbai Highway,Hydernagar,Hyderabad,Telangana
17.5553826,78.4813635,Avenue 18,Doolapally,Hyderabad,Telangana
17.4131017,78.3394007,Prestige High Fields Road,Financial District,Hyderabad,Telangana
17.4144533,78.3365969,Prestige High Fields Road,Financial District,Hyderabad,Telangana
17.4618233,78.3930237,allapur road,Chanda Naik Thanda,Hyderabad,Telangana
17.4654723,78.375575,Hitex Road,Izzat Nagar,Hyderabad,Telangana
17.4044994,78.5031428,RTC X Road,Azamabad X Roads,Hyderabad,Telangana
17.4031153,78.5070064,RTC X Road,Padma Colony,Hyderabad,Telangana
17.4525354,78.3847488,100 Feet Road,HITEC City,Hyderabad,Telangana
17.4613669,78.5342744,Safilguda Railway Station Road,Chanakyapuri,Hyderabad,Telangana
17.4728918,78.5704804,Sainikpuri-ECIL Main Road,DAE Colony,Hyderabad,Telangana
17.5098338,78.3007598,Beeramguda Main Road,Beeramguda Junction,Hyderabad,Telangana
17.5098617,78.300696,Beeramguda Main Road,Beeramguda Junction,Hyderabad,Telangana
17.4581313,78.3300009,HCU Main Road (University of Hyderabad),Sudarshan Nagar Colony,Hyderabad,Telangana
17.4540929,78.330219,Library Road,Sudarshan Nagar Colony,Hyderabad,Telangana
17.3676727,78.5051453,Akbar Bagh Road,Akbarbagh,Hyderabad,Telangana
17.3679625,78.5034153,Akbar Bagh Road,Anand Nagar Colony,Hyderabad,Telangana
17.3676719,78.5052345,Akbar Bagh Road,Akbarbagh,Hyderabad,Telangana
17.4605494,78.5636167,Temple Entrance,APHB Colony,Hyderabad,Telangana
17.3849344,78.4296354,Flyover,Balaji Nagar,Hyderabad,Telangana
17.4262237,78.4538503,Durga Nagar Road,Panjagutta,Hyderabad,Telangana
17.4804786,78.3922436,KPHB 6th Phase Road,Phase 5,Hyderabad,Telangana
17.4767211,78.3947518,KPHB 6th Phase Road,Phase 7,Hyderabad,Telangana
17.4731972,78.3641359,Gachibowli - Miyapur Highway,Raghavendra Colony,Hyderabad,Telangana
17.406562,78.3301994,Service Road,Financial District,Hyderabad,Telangana
17.4399856,78.4551915,Parallel rail road,Uma Nagar,Hyderabad,Telangana
17.4404422,78.4547025,Parallel rail road,Uma Nagar,Hyderabad,Telangana
17.4395265,78.4556955,Parallel rail road,Uma Nagar,Hyderabad,Telangana
17.4258574,78.4004623,Road Number 70,Silent Valley Hills,Hyderabad,Telangana
17.4241331,78.4024355,Road Number 70,Prashasan Nagar,Hyderabad,Telangana
17.4223682,78.4303869,Banjara Hills Road Number 14,BN Reddy Colony,Hyderabad,Telangana
17.4223145,78.430341,Banjara Hills Road Number 14,BN Reddy Colony,Hyderabad,Telangana
17.3578291,78.4241143,Flyover,Upperpally,Hyderabad,Telangana
17.3592465,78.4260529,Flyover,Radha Krishna Nagar,Hyderabad,Telangana
17.4870371,78.5420362,road number 5,Sainikpuri,Hyderabad,Telangana
17.485766,78.5440744,office road,Vayupuri,Hyderabad,Telangana
17.5071438,78.4966713,colony main rd,Father Balaiah Nagar,Hyderabad,Telangana
17.4859095,78.5274957,Raghavendra Nagar Colony,Raghavendra Colony,Hyderabad,Telangana
17.4644553,78.3673314,Gachibowli - Miyapur Highway,jubilee gardens,Hyderabad,Telangana
17.4015578,78.3331034,Golden Mile Extention road,Kokapet,Hyderabad,Telangana
17.3767105,78.4301145,Golconda Rd,Moghal Nagar,Hyderabad,Telangana
17.4994278,78.3926164,High Tension Line,Samatha Nagar,Hyderabad,Telangana
17.4992367,78.392683,High Tension Line,Samatha Nagar,Hyderabad,Telangana
17.4663223,78.5336113,Venkateshwara Temple Road,Sai Ram Nagar,Hyderabad,Telangana
17.4000848,78.5069974,Nallakunta Road,Padma Colony,Hyderabad,Telangana
17.4007189,78.5079375,Nallakunta Main Road,Vidya Nagar Junction,Hyderabad,Telangana
17.3999043,78.508001,Nallakunta Road,Vidya Nagar Junction,Hyderabad,Telangana
17.4795048,78.4181713,Kukkatpally Main Road - Mumbai Highway,Sangeet Nagar,Hyderabad,Telangana
17.4805347,78.4170352,Kukkatpally Main Road - Mumbai Highway,Sangeet Nagar,Hyderabad,Telangana
17.3899173,78.4805934,Tilak Road,Boggulakunta,Hyderabad,Telangana
17.39002,78.4802139,Bogulkunta Road,Boggulakunta,Hyderabad,Telangana
17.3716499,78.5573702,LB Nagar - Uppal Road,Ananda Nagar,Hyderabad,Telangana
17.3752797,78.557839,Nagole Flyover,Samathapur,Hyderabad,Telangana
17.3702057,78.5139369,Vijaywada Highway,Asmangadh,Hyderabad,Telangana
17.3384841,78.5283054,Inner Ring Road,Vijaya Durga Nagar,Hyderabad,Telangana
17.3385815,78.527733,Inner Ring Road,Vijaya Durga Nagar,Hyderabad,Telangana
17.4363471,78.334614,Goldcrest School road,Gowlidoddi,Hyderabad,Telangana
17.4056501,78.3302691,Golden Mile Extention road,Financial District,Hyderabad,Telangana
17.4420755,78.4448716,Sanjeeva Reddy Nagar Colony Main Road,Srinivas Nagar,Hyderabad,Telangana
17.4058078,78.5560389,Meher Garden Road,Prashanth Nagar,Hyderabad,Telangana
17.5149375,78.485585,HT Road,Caton Residential Township,Hyderabad,Telangana
17.4424143,78.4410412,Vengal Rao Nagar Road,Madhura Nagar,Hyderabad,Telangana
17.3993487,78.3430838,Vertex Panache Road,Kokapet,Hyderabad,Telangana
17.4044205,78.3370693,Healthway,Financial District,Hyderabad,Telangana
17.4385065,78.3658669,Shilpa Layout Flyover,Telecom Nagar,Hyderabad,Telangana
17.4586114,78.3677674,Kothaguda-Kondapur Flyover,jubilee gardens,Hyderabad,Telangana
17.4556979,78.3643076,Gachibowli - Miyapur Highway,Whitefields,Hyderabad,Telangana
17.4562861,78.3626364,Kothaguda-Kondapur Flyover,Kothaguda,Hyderabad,Telangana
17.4642469,78.3664642,Kothaguda-Kondapur Flyover,jubilee gardens,Hyderabad,Telangana
17.3795927,78.4211769,Langar House road,Langar Hauz,Hyderabad,Telangana
17.4648403,78.3649281,police colony road,Raghavendra Colony,Hyderabad,Telangana
17.4631685,78.473729,Srinagar-Kanyakumari Highway,Vayu Nagar,Hyderabad,Telangana
17.3899699,78.4807804,Tilak Road,Boggulakunta,Hyderabad,Telangana
17.3992936,78.34869,Healthway,Kokapet,Hyderabad,Telangana
17.4690489,78.4779963,Hashmatpet Road,Dubai Gate,Hyderabad,Telangana
17.4693447,78.3398009,Link Road 12,Ravi Colony,Hyderabad,Telangana
17.4690935,78.3378115,Link Road 12,Ravi Colony,Hyderabad,Telangana
17.4695082,78.3429949,Luxor Avenue,Masjid Banda,Hyderabad,Telangana
17.4187706,78.354928,ADP Blvd,Khajaguda,Hyderabad,Telangana
17.4207914,78.4519453,Post Office Lane,Irrum Manzil,Hyderabad,Telangana
17.3580068,78.467905,shah gunj,Khilwat,Hyderabad,Telangana
17.4073589,78.5024207,TGSRTC Hyderabad Bus Depot Inner Road,VST X Roads,Hyderabad,Telangana
17.3587006,78.467698,shah gunj,Shah Gunj,Hyderabad,Telangana
17.3581829,78.4671825,shah gunj,Shah Gunj,Hyderabad,Telangana
17.3584483,78.4681149,shah gunj,Khilwat,Hyderabad,Telangana
17.3584209,78.4682745,shah gunj,Khilwat,Hyderabad,Telangana
17.3588229,78.4670768,shah gunj,Shah Gunj,Hyderabad,Telangana
17.359158,78.4662533,shah gunj,Shah Gunj,Hyderabad,Telangana
17.3575144,78.4655578,shah gunj,Shah Gunj,Hyderabad,Telangana
17.3575492,78.4663715,shah gunj,Shah Gunj,Hyderabad,Telangana
17.3584913,78.4650274,shah gunj,Shah Gunj,Hyderabad,Telangana
17.3579469,78.4682926,shah gunj,Khilwat,Hyderabad,Telangana
17.3579082,78.4674538,shah gunj,Khilwat,Hyderabad,Telangana
17.3578879,78.4674447,shah gunj,Khilwat,Hyderabad,Telangana
17.3579153,78.4673264,shah gunj,Khilwat,Hyderabad,Telangana
17.357389,78.4651443,shah gunj,Shah Gunj,Hyderabad,Telangana
17.3563256,78.4609739,kamatipura,Doodhbowli,Hyderabad,Telangana
17.3562334,78.4611415,kamatipura,Doodhbowli,Hyderabad,Telangana
17.3568021,78.4644264,doodh bowli,Doodhbowli,Hyderabad,Telangana
17.3567218,78.4631883,doodh bowli,Doodhbowli,Hyderabad,Telangana
17.362578,78.4702834,chowk,Ghansi Bazaar,Hyderabad,Telangana
17.3587406,78.4678354,shah gunj,Shah Gunj,Hyderabad,Telangana
17.358973,78.4675791,shah gunj,Shah Gunj,Hyderabad,Telangana
17.359832,78.4659654,shah gunj,Shah Gunj,Hyderabad,Telangana
17.3596447,78.4659286,shah gunj,Shah Gunj,Hyderabad,Telangana
17.3597408,78.4660456,shah gunj,Shah Gunj,Hyderabad,Telangana
17.3594683,78.4661114,shah gunj,Shah Gunj,Hyderabad,Telangana
17.3595434,78.4658401,shah gunj,Shah Gunj,Hyderabad,Telangana
17.3610306,78.4652957,tara maidan,Hussaini Alam,Hyderabad,Telangana
17.3623398,78.4661244,tara maidan,Hussaini Alam,Hyderabad,Telangana
17.355114,78.4706748,shah ali banda,Shah Ali Banda,Hyderabad,Telangana
17.3557325,78.4700865,khilwath,Khilwat,Hyderabad,Telangana
17.3557091,78.4706549,khilwath,Khilwat,Hyderabad,Telangana
17.3562416,78.4679941,john road,Khilwat,Hyderabad,Telangana
17.5410046,78.4908401,Nizamabad Road,Brindavan Colony,Hyderabad,Telangana
17.428369,78.4048911,Road Number 45,Nandagiri Hills,Hyderabad,Telangana
17.4461169,78.3851181,Huda Techno Enclave road,Vittal Rao Nagar,Hyderabad,Telangana
17.4337744,78.3779356,Dallas centre road,Telecom Nagar,Hyderabad,Telangana
17.4689592,78.4016427,Green Hills Road,Khaitalpur,Hyderabad,Telangana
17.3941279,78.5083116,Tilak Nagar Main Road,Tilak Nagar,Hyderabad,Telangana
17.3685872,78.4760314,Pathergatti Road,Patthergatti,Hyderabad,Telangana
17.4389869,78.3723923,Shilpa Layout road,Telecom Nagar,Hyderabad,Telangana
17.3927421,78.5108264,Shivam Road,Tilak Nagar,Hyderabad,Telangana
17.3914759,78.5108767,Shivam Road,Qadri Bagh,Hyderabad,Telangana
17.3907511,78.5079866,Golnaka Road,Golnaka,Hyderabad,Telangana
17.3919194,78.5150044,Amberpet Main Road,Qadri Bagh,Hyderabad,Telangana
17.4236184,78.485433,Tank Bund Road,Children's Park Jn,Hyderabad,Telangana
17.4512616,78.4964619,Hyderabad - Mancherial Highway,Picket,Hyderabad,Telangana
17.4506599,78.495382,General Choudhuri Rd,Picket,Hyderabad,Telangana
17.3403184,78.5446882,Inner Ring Road,Reddy Nagar,Hyderabad,Telangana
17.3396648,78.5429946,Inner Ring Road,Reddy Nagar,Hyderabad,Telangana
17.3454815,78.5497643,Inner Ring Road,Vivekananda Nagar,Hyderabad,Telangana
17.3372171,78.4680261,Falaknuma Road,Madina Nagar,Hyderabad,Telangana
17.5062573,78.4901514,sri sai enclave road,Bhel R&D Employees Colony,Hyderabad,Telangana
17.5065581,78.4896676,sri sai enclave road,Bhel R&D Employees Colony,Hyderabad,Telangana
17.4597831,78.3648644,Kothaguda Village Road,Kothaguda,Hyderabad,Telangana
17.322007,78.431767,Inner Ring Road,Adarsh Nagar,Hyderabad,Telangana
17.3217977,78.4316072,Inner Ring Road,Adarsh Nagar,Hyderabad,Telangana
17.3462601,78.5509857,Inner Ring Road,Vivekananda Nagar,Hyderabad,Telangana
17.3464516,78.5507245,Inner Ring Road,Vivekananda Nagar,Hyderabad,Telangana
17.38107,78.4916899,Main Road,Chaderghat,Hyderabad,Telangana
17.3811117,78.4921184,Hyderabad Janagam Highway,Chaderghat,Hyderabad,Telangana
17.3937977,78.5115234,Tilak Nagar Road,New Nallakunta,Hyderabad,Telangana
17.4349849,78.3954427,Road Number 45,Kavuri Hills,Hyderabad,Telangana
17.4353459,78.3946603,Road Number 45,Kavuri Hills,Hyderabad,Telangana
17.4266661,78.4087885,Road Number 60,Nandagiri Hills,Hyderabad,Telangana
17.4408528,78.4791505,Minister's Road,Bapu Bagh Colony,Hyderabad,Telangana
17.4405219,78.4792968,Prenderghast Road,Bapu Bagh Colony,Hyderabad,Telangana
17.3104128,78.5240151,Badangpet Road,Beemidi Colony,Hyderabad,Telangana
17.3164929,78.5126254,rci road,Subhodaya Nagar,Hyderabad,Telangana
17.3173153,78.5174082,RCI road,Lokayukta Colony,Hyderabad,Telangana
17.3192831,78.5193137,Badangpet Road,Udyog Nagar,Hyderabad,Telangana
17.4688805,78.3490263,Gouthami Enclave,Gouthami Colony,Hyderabad,Telangana
17.4701151,78.3491106,Gouthami Enclave,Raja Rajeshwari Nagar,Hyderabad,Telangana
17.4678052,78.3691166,Maharishi Marg,Izzat Nagar,Hyderabad,Telangana
17.4684271,78.366785,Green Hamlet Road,Raghavendra Colony,Hyderabad,Telangana
17.4307823,78.4490961,Ameerpet Road - Panjagutta Main Road,Nagarjuna Hills,Hyderabad,Telangana
17.515396,78.4622925,dattapeetam st,Subash Nagar,Hyderabad,Telangana
17.5134687,78.46305,Pipe Line Road,Subash Nagar,Hyderabad,Telangana
17.4434365,78.4414484,Street 12,SR Nagar,Hyderabad,Telangana
17.4413386,78.4455979,Street 6,Srinivas Nagar,Hyderabad,Telangana
17.3592457,78.5236986,Saidabad Main Road,Habib Nagar,Hyderabad,Telangana
17.3314521,78.4099738,Rajendra nagar road,Budvel,Hyderabad,Telangana
17.4669454,78.5147553,Mornington Road,Karkhana,Hyderabad,Telangana
17.4673087,78.5111637,Mornington Road,Karkhana,Hyderabad,Telangana
17.4319809,78.4188762,Road No 10,Venkatagiri,Hyderabad,Telangana
17.4866173,78.4106586,Kukkatpally Main Road - Mumbai Highway,Sumitra Nagar,Hyderabad,Telangana
17.3795735,78.4414974,Karwan road,Sarada Nagar,Hyderabad,Telangana
17.381048,78.4399235,Karwan road,Sarada Nagar,Hyderabad,Telangana
17.3808205,78.4403455,Karwan road,Sarada Nagar,Hyderabad,Telangana
17.3989511,78.4121832,Abdul Waheed Khan Marg,Tolichowki,Hyderabad,Telangana
17.3993679,78.4090386,Abdul Waheed Khan Marg,Aruna Colony,Hyderabad,Telangana
17.4752061,78.5378771,Malkajagiri Road,Ramakrishnapuram,Hyderabad,Telangana
17.4794075,78.5371619,Malkajagiri Road,Gandhi Nagar,Hyderabad,Telangana
17.4749889,78.5379962,Malkajagiri Road,Ramakrishnapuram,Hyderabad,Telangana
17.499109,78.4768969,Suchitra Road,Ramaraju Nagar,Hyderabad,Telangana
17.4616998,78.3441647,Masjid Banda Road,Gouthami Colony,Hyderabad,Telangana
17.4693436,78.49332,Hashmatpet Road,Anjaiah Nagar,Hyderabad,Telangana
17.4692559,78.4954232,Hashmatpet Road,Anjaiah Nagar,Hyderabad,Telangana
17.4111348,78.497924,Hebron Church Road,RTC X Road,Hyderabad,Telangana
17.4000927,78.4782416,Hyderguda Main Road,Hyderguda,Hyderabad,Telangana
17.4411597,78.511163,street number 5,Tarakrama Nagar,Hyderabad,Telangana
17.4375862,78.4401665,Yousufguda Main Road,Madhura Nagar,Hyderabad,Telangana
17.4186108,78.4007142,Road No 12,Nyaya Vihar,Hyderabad,Telangana
17.5215881,78.4937753,MJR road,HMT Officers Colony,Hyderabad,Telangana
17.3716291,78.5109433,Vijaywada Highway,Andhra Colony,Hyderabad,Telangana
17.4691236,78.3766432,Hitex Road,Khanmet,Hyderabad,Telangana
17.3457131,78.5228978,Bairamalguda Road,APSRTC OFFICERS COLONY,Hyderabad,Telangana
17.4315278,78.4272626,Labour Adda Rd,Krishna Nagar,Hyderabad,Telangana
17.4310289,78.4257834,Yousufguda Main Road,Krishna Nagar,Hyderabad,Telangana
17.4310646,78.4257044,Yousufguda Main Road,Krishna Nagar,Hyderabad,Telangana
17.4111785,78.3699214,Lanco hills road,Janmabhoomi Colony,Hyderabad,Telangana
17.4112707,78.3703066,Lanco hills road,Janmabhoomi Colony,Hyderabad,Telangana
17.4352204,78.4555085,Ameerpet Road,Kundanbagh,Hyderabad,Telangana
17.4350896,78.4555884,Greenlands Road,Kundanbagh,Hyderabad,Telangana
17.4355028,78.4555838,Begumpet Railway Flyover,Kundanbagh,Hyderabad,Telangana
17.4354325,78.4528912,Ameerpet Road,Ameerpet,Hyderabad,Telangana
17.309332,78.4139086,manage rd,Police Quarters,Hyderabad,Telangana
17.309136,78.4125912,manage rd,Police Quarters,Hyderabad,Telangana
17.5135795,78.4979253,Colony main road,Railway Colony,Hyderabad,Telangana
17.4907305,78.3376393,Manjira Pipeline Road,RTC Colony,Hyderabad,Telangana
17.4472812,78.4485035,BK Guda Road,Balkampet,Hyderabad,Telangana
17.447139,78.4474016,BK Guda Road,Balkampet,Hyderabad,Telangana
17.4090379,78.3225806,Service Road,Shanthi Nagar,Hyderabad,Telangana
17.411287,78.3149682,Service Road,Shanthi Nagar,Hyderabad,Telangana
17.4199402,78.4478245,Road Number 1,Dwarkapuri Colony,Hyderabad,Telangana
17.4199208,78.4480521,Road Number 1,Dwarkapuri Colony,Hyderabad,Telangana
17.484945,78.3887788,KPHB 9th Phase Road,Phase 6,Hyderabad,Telangana
17.3759056,78.4506159,Rama hills road,Dattattreya Nagar,Hyderabad,Telangana
17.4290739,78.4868695,Necklace Road,Jeera,Hyderabad,Telangana
17.4431784,78.4408966,Mumbai Highway,SR Nagar,Hyderabad,Telangana
17.3761308,78.4877179,jabir bin salam rd,Kali Khabr,Hyderabad,Telangana
17.3798185,78.3816271,Vasavi College of Engineering Parking,Ibrahim Bagh,Hyderabad,Telangana
17.4380356,78.3794714,Inorbit Mall Road,Vittal Rao Nagar,Hyderabad,Telangana
17.4906919,78.5896892,noc nagar Road,Sri Vasavi Siva Nagar Colony,Hyderabad,Telangana
17.4916608,78.388845,Gowthami pg boys hostel road,Vasanth Nagar,Hyderabad,Telangana
17.4156626,78.5455506,NMDC internal road,Vikrampuri,Hyderabad,Telangana
17.4582835,78.5423598,E Anandbagh Main Road,Anand Bagh,Hyderabad,Telangana
17.4588425,78.540256,E Anandbagh Main Road,Anand Bagh,Hyderabad,Telangana
17.4680413,78.5033064,DGQA Road,SBH Colony,Hyderabad,Telangana
17.4698692,78.4989141,Hashmatpet Road,RTC Officers Colony,Hyderabad,Telangana
17.3867314,78.5174477,Patel Nagar Road,Annapurna Nagar,Hyderabad,Telangana
17.4380431,78.4945982,Rashtrapati Road,Patny,Hyderabad,Telangana
17.4377495,78.494301,Rashtrapati Road,Patny,Hyderabad,Telangana
17.4379751,78.4946605,Rashtrapati Road,Patny,Hyderabad,Telangana
17.4412472,78.5020952,Sarojini Devi Road,Nehru Nagar,Hyderabad,Telangana
17.3955472,78.5638018,Surya Nagar Colony Road,Laxma Reddy Colony,Hyderabad,Telangana
17.3992772,78.538218,Bajaj electronics path,Nehru Nagar,Hyderabad,Telangana
17.3976762,78.5339215,St Joseph School Road,Gokhale Nagar,Hyderabad,Telangana
17.4966644,78.3672696,Nizampet - Miyapur Road Mumbai Highway,Madhava Nagar,Hyderabad,Telangana
17.4964673,78.3730179,Nizampet - Miyapur Road Mumbai Highway,Bhagat Singh Nagar,Hyderabad,Telangana
17.4966058,78.3730216,Nizampet - Miyapur Road Mumbai Highway,Bhagat Singh Nagar,Hyderabad,Telangana
17.4987107,78.3889944,Nizampet - Miyapur Road Mumbai Highway,Vasantha Nagar,Hyderabad,Telangana
17.3962902,78.5652228,Vijayapuri Colony Road,Laxma Reddy Colony,Hyderabad,Telangana
17.3921951,78.4409595,TGSRTC Mehdipatnam Bus Depot Inner Road,Murad Nagar,Hyderabad,Telangana
17.4733615,78.4257088,TGSRTC Kukatpally Bus Depot Inner Road,Sriram Nagar,Hyderabad,Telangana
17.5281222,78.4398743,TGSRTC Jeedimetla Bus Depot Inner Road,SR Naik Nagar,Hyderabad,Telangana
17.3654805,78.5890613,TGSRTC Bandlaguda Bus Depot Inner Road,mattuguda,Hyderabad,Telangana
17.4192251,78.6101142,TGSRTC  Changicherla Bus Depot  Inner Road,Chengicherla,Hyderabad,Telangana
17.3273102,78.6047277,TSRTC Hayatnagar Bus Station Inner Road,Hayathnagar,Hyderabad,Telangana
17.3273241,78.6047433,TSRTC Hayatnagar Bus Station Inner  Road,Hayathnagar,Hyderabad,Telangana
17.326313,78.5934213,TSRTC Hayatnagar - 1  Bus Depot Inner Road,Subhadra Nagar,Hyderabad,Telangana
17.3246282,78.5936094,TSRTC Hayatnagar - 2  Bus Depot Inner Road,Vaspari Pochamma Colony,Hyderabad,Telangana
17.5134006,78.359837,TGSRTC Miyapur - 1 Bus Depot Inner Road,CG Employees Colony,Hyderabad,Telangana
17.5124779,78.3599934,TGSRTC Miyapur - 2 Bus Depot Inner Road,CG Employees Colony,Hyderabad,Telangana
17.4585651,78.5412003,E Anandbagh Service Road,Anand Bagh,Hyderabad,Telangana
17.49681,78.3974989,medak road,Satavahana Nagar,Hyderabad,Telangana
17.4980777,78.3986911,street number 4,Satavahana Nagar,Hyderabad,Telangana
17.4984366,78.3952459,HMT Hills Road,Samatha Nagar,Hyderabad,Telangana
17.4993181,78.3949017,Jal Vayu Vihar Road,Samatha Nagar,Hyderabad,Telangana
17.4227754,78.4270897,Road No. 10,BN Reddy Colony,Hyderabad,Telangana
17.3924035,78.4266549,Khader Bagh road,Kakatiya Nagar,Hyderabad,Telangana
17.4616089,78.3714071,Road 7,jubilee gardens,Hyderabad,Telangana
17.4908289,78.3166897,Tuljabhavani street,Taranagar,Hyderabad,Telangana
17.4320491,78.4495165,Royal Pavilion Apartments,Nagarjuna Hills,Hyderabad,Telangana
17.4187506,78.3472716,Paayilis road,Nanakramguda,Hyderabad,Telangana
17.4050259,78.506649,Near VST Road,Azamabad X Roads,Hyderabad,Telangana
17.4138124,78.3808488,Hig duplex towers,Janmabhoomi Colony,Hyderabad,Telangana
17.3917312,78.4966928,Barkatpura Road,Barkatpura,Hyderabad,Telangana
17.4210029,78.460187,Villa Marry College Road,MS Makta,Hyderabad,Telangana
17.4353994,78.5123579,Rail Nilayam Road Underpass,Chilkalguda,Hyderabad,Telangana
17.4474793,78.3788943,lbis Hotel Driveway,HITEC City,Hyderabad,Telangana
17.447589,78.3786195,lbis Hotel Driveway,HITEC City,Hyderabad,Telangana
17.4695854,78.4051692,Green Hills Road,Khaitalpur,Hyderabad,Telangana
17.4523698,78.315897,HCU main road (University of Hyderabad),Sudarshan Nagar Colony,Hyderabad,Telangana
17.475698,78.3917522,Lodha Road,Phase 7,Hyderabad,Telangana
17.3423742,78.4831523,Uppuguda Station Road,Ambika Nagar,Hyderabad,Telangana
17.4437097,78.3919952,Ayyappa Society Main Road,Madhapur,Hyderabad,Telangana
17.4347969,78.4273167,Yousufguda Main Road,Krishna Nagar,Hyderabad,Telangana
17.3535767,78.5205061,road number 17,Singareni Colony,Hyderabad,Telangana
17.3535704,78.5213791,road number 17,Singareni Colony,Hyderabad,Telangana
17.353561,78.5216126,road number 17,Singareni Colony,Hyderabad,Telangana
17.3630706,78.5221481,rekha rani hospital road,Gaddiannaram,Hyderabad,Telangana
17.3981504,78.4830424,CDR Hospital Lane,Hyderguda,Hyderabad,Telangana
17.4462439,78.5082555,street number 7,East Marredpally,Hyderabad,Telangana
17.4466424,78.5032545,road number 1,Nehru Nagar,Hyderabad,Telangana
17.4892554,78.3960151,Remedy Hospital Lane,Phase 3,Hyderabad,Telangana
17.4301989,78.4354565,Sri Nagar Colony Temple Complex Road,Srinagar Colony,Hyderabad,Telangana
17.4285924,78.4354704,Sri Nagar Colony Temple Complex Road,Srinagar Colony,Hyderabad,Telangana
17.4289482,78.4333827,Kamalapui colony main road,Srinagar Colony,Hyderabad,Telangana
17.4009763,78.4758371,Raja Reddy Marg,Basheerbagh Jn,Hyderabad,Telangana
17.4007243,78.4761301,Raja Reddy Marg,Basheerbagh Jn,Hyderabad,Telangana
17.443436,78.5014048,w marredpally road,Nehru Nagar,Hyderabad,Telangana
17.4008715,78.4767341,Hyderguda Main Road,Basheerbagh Jn,Hyderabad,Telangana
17.3868769,78.5126208,Residential road,Zinda Tilismath Nagar,Hyderabad,Telangana
17.3870758,78.5127689,Residential road,Zinda Tilismath Nagar,Hyderabad,Telangana
17.3913567,78.3406444,MyHome Tarkshya Road,Kokapet,Hyderabad,Telangana
17.3391631,78.5038122,subhedar malla reddy marg,Riyasat Nagar,Hyderabad,Telangana
17.5381653,78.3933021,Anand Naidu Road,Anand Naidu Nagar,Hyderabad,Telangana
17.539217,78.3937321,Anand Naidu Road,Anand Naidu Nagar,Hyderabad,Telangana
17.4402562,78.4899305,Park Lane,Patny,Hyderabad,Telangana
17.434822,78.4499474,Ameerpet Road,Ameerpet,Hyderabad,Telangana
17.3395151,78.5245407,Inner Ring Road,new balaji nagar,Hyderabad,Telangana
17.4495284,78.3829129,NIFT Driveway,HITEC City,Hyderabad,Telangana
17.4483207,78.3838629,NIFT Driveway,HITEC City,Hyderabad,Telangana
17.4902715,78.3435142,3rd Street,Sri Kalki Heights,Hyderabad,Telangana
17.4902245,78.343817,3rd Street,Sri Kalki Heights,Hyderabad,Telangana
17.4960998,78.3363529,Allwyn - Gangaram Road Mumbai Highway,Sri Durga Colony,Hyderabad,Telangana
17.4902597,78.3544457,MIE Road,Vinayak Nagar Colony,Hyderabad,Telangana
17.4914842,78.3541876,Prajay City Main Road,Janapriya Nagar,Hyderabad,Telangana
17.4922221,78.3521014,Allwyn Colony Road,Allwyn Colony,Hyderabad,Telangana
17.4323974,78.4263341,Yousufguda Main Road,Krishna Nagar,Hyderabad,Telangana
17.403535,78.5054775,RTC X Road,Azamabad X Roads,Hyderabad,Telangana
17.4766349,78.3840553,Indu Main Road,APHB Colony,Hyderabad,Telangana
17.3973444,78.4891378,Harivihar Colony Rd,Narayanguda,Hyderabad,Telangana
17.5001381,78.3540266,RV Avaneendra internal road,Miyapur,Hyderabad,Telangana
17.5001967,78.3531016,RV Avaneendra internal road,Prasanth Nagar,Hyderabad,Telangana
17.5004935,78.3535836,RV Avaneendra internal road,Prasanth Nagar,Hyderabad,Telangana
17.4936581,78.4203801,Kukatpally-Jagathgiri Gutta Road,Srinivasa Nagar Colony,Hyderabad,Telangana
17.3906722,78.5590376,Metro Service Road,Saraswati Colony,Hyderabad,Telangana
17.4965032,78.4064114,NTR Nagar Road,AS Raju Nagar,Hyderabad,Telangana
17.3949309,78.4446679,Katha Road,Humayun Nagar,Hyderabad,Telangana
17.3943648,78.4460775,Akber Rd,Venkatadri Colony,Hyderabad,Telangana
17.4067456,78.4892142,Ashok Nagar Chowrastha Rd,Ashok Nagar,Hyderabad,Telangana
17.392774,78.4479692,Nampally to Mallepally Road,Venkatadri Colony,Hyderabad,Telangana
17.5129073,78.3860677,Esswar villas road,Nizampet,Hyderabad,Telangana
17.5129411,78.386308,Esswar villas road,Nizampet,Hyderabad,Telangana
17.5133012,78.3871313,Eswar Villas road,Srinivasa Nagar,Hyderabad,Telangana
17.511921,78.3883694,Eswar Villas road,Lake View Colony,Hyderabad,Telangana
17.5128476,78.3876085,Eswar Villas road,Srinivasa Nagar,Hyderabad,Telangana
17.5128209,78.3875539,Srinivasam Apartments,Srinivasa Nagar,Hyderabad,Telangana
17.4056288,78.4510231,First Lancer Road,Masab Tank,Hyderabad,Telangana
17.3999903,78.3530526,Service Road,Narsingi,Hyderabad,Telangana
17.3469884,78.5205755,Bairamalguda Road,Mallareddy Nagar,Hyderabad,Telangana
17.3883682,78.3616982,Caterpillar road,Narsingi,Hyderabad,Telangana
17.389924,78.3663815,Go green colony road,Narsingi,Hyderabad,Telangana
17.5189993,78.3686852,GRIET College Rd,Mayuri Nagar,Hyderabad,Telangana
17.4481901,78.3618231,DLF road,Anjaiah Nagar,Hyderabad,Telangana
17.515598,78.4822779,HT Road,Caton Residential Township,Hyderabad,Telangana
17.5178169,78.3757772,Vignan School Road,Nizampet,Hyderabad,Telangana
17.3818326,78.558286,Inner Ring Road,Mamatha Nagar,Hyderabad,Telangana
17.3732598,78.5574836,LB Nagar - Uppal Road,Ananda Nagar,Hyderabad,Telangana
17.3752456,78.5576249,LB Nagar - Uppal Road,Samathapur,Hyderabad,Telangana
17.3775422,78.557793,LB Nagar - Uppal Road,Samathapur,Hyderabad,Telangana
17.3785862,78.5581839,LB Nagar - Uppal Road,Nagole,Hyderabad,Telangana
17.3799231,78.5582662,LB Nagar - Uppal Road,Mamatha Nagar,Hyderabad,Telangana
17.3784556,78.5578541,LB Nagar - Uppal Road,Samathapur,Hyderabad,Telangana
17.3790294,78.5579007,LB Nagar - Uppal Road,Samathapur,Hyderabad,Telangana
17.3794596,78.5579398,LB Nagar - Uppal Road,Mamatha Nagar,Hyderabad,Telangana
17.3798697,78.5579739,LB Nagar - Uppal Road,Mamatha Nagar,Hyderabad,Telangana
17.3803221,78.5580399,LB Nagar - Uppal Road,Mamatha Nagar,Hyderabad,Telangana
17.3744179,78.557651,Nagole Flyover,Samathapur,Hyderabad,Telangana
17.3733518,78.5577009,Nagole Flyover,Ananda Nagar,Hyderabad,Telangana
17.3704194,78.5572803,LB Nagar - Uppal Road,Ananda Nagar,Hyderabad,Telangana
17.374492,78.5578794,LB Nagar - Uppal Road,Ananda Nagar,Hyderabad,Telangana
17.507924,78.3173779,Road Number 3,Maruthi Nagar,Hyderabad,Telangana
17.4447311,78.5804796,Gulmohar Gardens Annexe Road,Chandrapuri Colony,Hyderabad,Telangana
17.3421912,78.5249889,uday nagar colony main road,Sikhara Colony,Hyderabad,Telangana
17.4617669,78.344204,Masjid Banda Road,Gouthami Colony,Hyderabad,Telangana
17.4604206,78.351841,3rd Cross,Sriram Nagar,Hyderabad,Telangana
17.4261457,78.4075263,Road Number 45,Nandagiri Hills,Hyderabad,Telangana
17.4251846,78.408727,Road Number 45,Nandagiri Hills,Hyderabad,Telangana
17.3739244,78.4955441,Talib Khundmiri Road,Kala Daira,Hyderabad,Telangana
17.3868615,78.5196349,Patel Nagar Road,Police Colony,Hyderabad,Telangana
17.316649,78.5216743,Badangpet Road,Udyog Nagar,Hyderabad,Telangana
17.3252971,78.4021546,Rajendra nagar road,Teachers Colony,Hyderabad,Telangana
17.4786379,78.4957676,Sai Sagar Main,AWHO Colony,Hyderabad,Telangana
17.3887804,78.3735888,Road no 25,Neknampur,Hyderabad,Telangana
17.4587556,78.5402184,E Anandbagh Main Road,Anand Bagh,Hyderabad,Telangana
17.4818825,78.3799659,13th Phase Road,Venkata Ramana Colony,Hyderabad,Telangana
17.2725423,78.585042,Road Number 2,Vintage Homes,Hyderabad,Telangana
17.4808862,78.475209,RAJA RAJESHWARI,Nandamuri Nagar,Hyderabad,Telangana
17.4852101,78.3708504,Srila Park Main Road,Venkata Ramana Colony,Hyderabad,Telangana
17.3973563,78.5344692,linga reddy road,Gokhale Nagar,Hyderabad,Telangana
17.5035336,78.3987341,medak road,HMT Hills,Hyderabad,Telangana
17.4693246,78.495,Sikh Village Road,Anjaiah Nagar,Hyderabad,Telangana
17.4138727,78.4395525,Banjara Hills Road Number 11,Gauri Shankar Nagar,Hyderabad,Telangana
17.4483654,78.3637642,Gachibowli - Miyapur Highway,Studiorigin - Interior Designer in Hyderabad,Hyderabad,Telangana
17.4471495,78.363566,Gachibowli - Miyapur Highway,Studiorigin - Interior Designer in Hyderabad,Hyderabad,Telangana
17.3239943,78.5893766,Road No 13,Ramakrishna Nagar,Hyderabad,Telangana
17.4207471,78.5434415,Khaisar Sayeed Road,Nagendra Nagar,Hyderabad,Telangana
17.4214699,78.5442998,Khaisar Sayeed Road,Nagendra Nagar,Hyderabad,Telangana
17.3679586,78.4860652,Farhat Nagar road,Dabeerpura,Hyderabad,Telangana
17.4422364,78.3626662,Gachibowli - Miyapur Highway,J V Colony,Hyderabad,Telangana
17.4444414,78.3630673,Gachibowli - Miyapur Highway,J V Colony,Hyderabad,Telangana
17.4016417,78.5216494,Lane C,DD Colony,Hyderabad,Telangana
17.4013785,78.5200258,Road Number 8,DD Colony,Hyderabad,Telangana
17.4019385,78.5209038,Lane C,DD Colony,Hyderabad,Telangana
17.4025626,78.5216828,Lane B,DD Colony,Hyderabad,Telangana
17.3199718,78.394652,Rajendra nagar road,Hanuman Nagar,Hyderabad,Telangana
17.5454596,78.433229,Malla Reddy Hospital Road,Venkatarama Colony,Hyderabad,Telangana
17.4232351,78.5376146,Dr. Zaheer Marg,Habsiguda x Roads,Hyderabad,Telangana
17.4801023,78.3755463,Road Number 5C,Venkata Ramana Colony,Hyderabad,Telangana
17.4324376,78.4424998,law college road,Yellareddyguda,Hyderabad,Telangana
17.4338226,78.4396741,Jayaprakashnagar,Yellareddyguda,Hyderabad,Telangana
17.5141371,78.3832136,Nizampet Road,Nizampet,Hyderabad,Telangana
17.4977903,78.4174748,5th Lane,Saptagiri Colony,Hyderabad,Telangana
17.4426325,78.4506311,DharamKaran Road,Balkampet,Hyderabad,Telangana
17.5603607,78.433178,Doolapally Road,Colony Name,Hyderabad,Telangana
17.5597582,78.4358184,Doolapally Road,Colony Name,Hyderabad,Telangana
17.4039093,78.4625464,FAPCCI Marg,Lakdi-ka-pul,Hyderabad,Telangana
17.4877824,78.3503217,Nanne Estate Road,Ushodaya Enclave,Hyderabad,Telangana
17.4877351,78.3504334,Nanne Estate Road,Ushodaya Enclave,Hyderabad,Telangana
17.3552509,78.4230491,HH Fortune driveway,Upperpally,Hyderabad,Telangana
17.4143363,78.4041172,Road No 79,Giani Zail Singh Nagar,Hyderabad,Telangana
17.3704982,78.5252016,TGSRTC Dilsukhnagar Bus Depot Inner Road,Durga Nagar,Hyderabad,Telangana
17.4493891,78.3154741,CIS road,Gowlidoddi,Hyderabad,Telangana
17.4517787,78.3150179,CIS road,Gulmohar Park Colony,Hyderabad,Telangana
17.458349,78.314692,CIS road,Gulmohar Park Colony,Hyderabad,Telangana
17.4558348,78.3250113,HCU main road (University of Hyderabad),Sudarshan Nagar Colony,Hyderabad,Telangana
17.3899945,78.5588455,Inner Ring Road,Saraswati Colony,Hyderabad,Telangana
17.3891449,78.5589171,Metro Service Road,Saraswati Colony,Hyderabad,Telangana
17.4506001,78.4052782,Madhapur - Borabanda Road,Peddamma Nagar,Hyderabad,Telangana
17.3365639,78.4963959,Inner Ring Road,Rakshapuram,Hyderabad,Telangana
17.445011,78.4397993,Mumbai Highway,Vengal Rao Nagar,Hyderabad,Telangana
17.3368593,78.4680753,Falaknuma Road,Madina Nagar,Hyderabad,Telangana
17.4926995,78.4058442,Usha Mullapudi Rd,Kukatpally,Hyderabad,Telangana
17.5334728,78.3235347,Sai Ambica Road Number 5,Narendra Nagar,Hyderabad,Telangana
17.5331426,78.3224838,Sai Ambica Road Number 5,Narendra Nagar,Hyderabad,Telangana
17.4478642,78.3630033,DLF road,Studiorigin - Interior Designer in Hyderabad,Hyderabad,Telangana
17.3946637,78.4600658,Dargah Road,Bazaar Ghat,Hyderabad,Telangana
17.3113953,78.4089168,manage rd,Police Quarters,Hyderabad,Telangana
17.3700246,78.5017965,paltan road no 4,Officers Colony,Hyderabad,Telangana
17.3724491,78.4665104,Churi Bazaar Road,Churi Bazaar,Hyderabad,Telangana
17.3723963,78.4688108,Malakunta Road,Begum Bazaar,Hyderabad,Telangana
17.4060608,78.5045216,VST Bus Depot Road,Azamabad X Roads,Hyderabad,Telangana
17.3951671,78.5043992,Tilak Nagar Main Road,Fever Hospital Jn,Hyderabad,Telangana
17.4933413,78.3813201,cbcid colony main road,APHB Colony,Hyderabad,Telangana
17.4265732,78.4521385,Nagarjuna Circle Road,Panjagutta,Hyderabad,Telangana
17.4268432,78.4522353,Nagarjuna Circle Road,Panjagutta,Hyderabad,Telangana
17.3998338,78.5546001,Areksoft Technologies Road,Survey Colony,Hyderabad,Telangana
17.3978376,78.5545829,Areksoft Technologies Road,Survey Colony,Hyderabad,Telangana
17.4056948,78.4648009,Telephone Bhavan Road,Saifabad,Hyderabad,Telangana
17.4684047,78.3998611,Khaitalpur Road,Khaitalpur,Hyderabad,Telangana
17.432202,78.4453973,new science collage lane,Yellareddyguda,Hyderabad,Telangana
17.3839368,78.4360893,Gudi Malkapur road,ASR Nagar,Hyderabad,Telangana
17.4189066,78.582736,Boduppal Colony Road,Boduppal,Hyderabad,Telangana
17.3960932,78.5717257,Uppal - Nagole Bypass Road,Santhi Nagar,Hyderabad,Telangana
17.3960246,78.571332,Uppal - Nagole Bypass Road,Santhi Nagar,Hyderabad,Telangana
17.3960607,78.5713344,Uppal - Nagole Bypass Road,Santhi Nagar,Hyderabad,Telangana
17.3960353,78.5714223,Uppal - Nagole Bypass Road,Santhi Nagar,Hyderabad,Telangana
17.3678812,78.4738923,Rikab Gung RD,Riqab Gunj,Hyderabad,Telangana
17.4154698,78.3516523,Shri ram Universal school road,Financial District,Hyderabad,Telangana
17.3996935,78.4868589,Himayath Nagar Road,Narayanguda,Hyderabad,Telangana
17.4155635,78.4376418,Banjara Hills Road Number 11,Banjara Hills,Hyderabad,Telangana
17.4153024,78.4380387,Banjara Hills Road Number 11,Banjara Hills,Hyderabad,Telangana
17.432681,78.5020626,platform 10,Chilkalguda,Hyderabad,Telangana
17.4521816,78.4357806,Mumbai Highway,Erragadda,Hyderabad,Telangana
17.4906573,78.3378623,Manjeera Pipeline Road,RTC Colony,Hyderabad,Telangana
17.3703177,78.5045967,Paltan Road,Anand Nagar Colony,Hyderabad,Telangana
17.3716595,78.5040402,usman garh link road,Anand Nagar Colony,Hyderabad,Telangana
17.4684804,78.3992435,Khaitalpur Road,Khaitalpur,Hyderabad,Telangana
17.4791254,78.4960232,Lane 2 R,AWHO Colony,Hyderabad,Telangana
17.5004652,78.4740055,Quthubullapur Main Road,Vennalagadda,Hyderabad,Telangana
17.4998007,78.4754418,Quthubullapur Main Road,Ramaraju Nagar,Hyderabad,Telangana
17.5004385,78.4739919,Quthubullapur Main Road,Vennalagadda,Hyderabad,Telangana
17.4176093,78.461143,Raj Bhavan quarters road,MS Makta,Hyderabad,Telangana
17.4176475,78.4611535,Raj Bhavan quarters road,MS Makta,Hyderabad,Telangana
17.3835064,78.4766464,Jambagh Road,Jambagh,Hyderabad,Telangana
17.4670645,78.3358794,Masjid Banda Link,Sudarshan Nagar Colony,Hyderabad,Telangana
17.3043239,78.5252833,Badangpet Road,Sai Homes Colony,Hyderabad,Telangana
17.3021418,78.5262244,Badangpet Road,Shiva Sai Nagar,Hyderabad,Telangana
17.2994526,78.529536,Badangpet Road,Anjaneya Towers,Hyderabad,Telangana
17.3016546,78.5286403,Badangpet Road,Shiva Sai Nagar,Hyderabad,Telangana
17.4835515,78.3918203,KPHB Road No 1 Road,Phase 5,Hyderabad,Telangana
17.4827873,78.3934555,KPHB Road No 1 Road,Phase 5,Hyderabad,Telangana
17.3966529,78.5693954,Uppal - Nagole Bypass Road,Santhi Nagar,Hyderabad,Telangana
17.3966734,78.5703453,Uppal - Nagole Bypass Road,Santhi Nagar,Hyderabad,Telangana
17.3967216,78.5703845,Uppal - Nagole Bypass Road,Santhi Nagar,Hyderabad,Telangana
17.3966827,78.569347,Uppal - Nagole Bypass Road,Santhi Nagar,Hyderabad,Telangana
17.4013633,78.4860465,Himayath Nagar Main Road,Himayat Nagar,Hyderabad,Telangana
17.4741083,78.3823465,Underpass,APHB Colony,Hyderabad,Telangana
17.4740251,78.3824039,Underpass,APHB Colony,Hyderabad,Telangana
17.4462672,78.634044,Pocharam Village Main Road,Pocharam,Hyderabad,Telangana
17.4419542,78.632909,Pocharam Village Main Road,Pocharam,Hyderabad,Telangana
17.3788046,78.4739254,Nizam Shahi Rd,Feelkhana,Hyderabad,Telangana
17.3819752,78.4725487,Seena Bakery Ln,Feelkhana,Hyderabad,Telangana
17.3957288,78.4729234,KK Estate Lane,SBH Gun Foundry Jn,Hyderabad,Telangana
17.3965463,78.4730479,Hajj House Lane,Fateh Maidan,Hyderabad,Telangana
17.4181877,78.4471011,Banjara Hills Road Number 7,Gaffar Khan Colony,Hyderabad,Telangana
17.3663333,78.3505326,APPA-Manchirevula-Narsingi Road,Manchirevula,Hyderabad,Telangana
17.2887672,78.6127304,Torror Road,Munaganur,Hyderabad,Telangana
17.427408,78.5505862,Nacharam Road,Karthikeya Nagar,Hyderabad,Telangana
17.4686492,78.3764645,Hitex Road,Khanmet,Hyderabad,Telangana
17.4552577,78.3846132,Madhapur road,HITEC City,Hyderabad,Telangana
17.4620941,78.3966129,allapur road,Khaitalpur,Hyderabad,Telangana
17.4622747,78.3959148,allapur road,Khaitalpur,Hyderabad,Telangana
17.4616495,78.3960067,allapur road,Parvatha Nagar,Hyderabad,Telangana
17.3667186,78.5191502,آسمان گڑھ روڈ,Bank Colony,Hyderabad,Telangana
17.4464281,78.4500332,Crossroad 3,Balkampet,Hyderabad,Telangana
17.4461152,78.4499492,Crossroad 3,Balkampet,Hyderabad,Telangana
17.5027436,78.364581,"Bollaram Road, Miyapur",CG Employees Colony,Hyderabad,Telangana
17.3226397,78.5303806,Meerpet Road,NBR Colony,Hyderabad,Telangana
17.3226692,78.5306744,Meerpet Road,NBR Colony,Hyderabad,Telangana
17.4268662,78.3303508,Meadows road,Gowlidoddi,Hyderabad,Telangana
17.4356177,78.4959432,Market road,Patny,Hyderabad,Telangana
17.4023634,78.4579054,AC Guards Road,AC Guards,Hyderabad,Telangana
17.4350575,78.3610959,Shilpa Layout Flyover,Telecom Nagar,Hyderabad,Telangana
17.4334839,78.3602719,Outer Ring Road,Telecom Nagar,Hyderabad,Telangana
17.4350424,78.3611519,Outer Ring Road,Telecom Nagar,Hyderabad,Telangana
17.43538,78.3618077,Shilpa Layout Flyover,Telecom Nagar,Hyderabad,Telangana
17.4422276,78.453639,Parallel rail road,Balkampet,Hyderabad,Telangana
17.4391762,78.4519802,Government school road,Ameerpet,Hyderabad,Telangana
17.4324994,78.3863521,Durgam Cheruvu Bridge,Madhapur,Hyderabad,Telangana
17.4317391,78.3874859,Durgam Cheruvu Bridge,Kavuri Hills,Hyderabad,Telangana
17.4863662,78.313199,Nallagandla Flyover,Rail Vihar,Hyderabad,Telangana
17.4863956,78.3131137,Nallagandla Flyover,Rail Vihar,Hyderabad,Telangana
17.4793502,78.3092961,Nallagandla Flyover,Nallagandla,Hyderabad,Telangana
17.4799611,78.3150615,Nallagandla Flyover,Rail Vihar,Hyderabad,Telangana
17.4798771,78.3150579,Nallagandla Flyover,Rail Vihar,Hyderabad,Telangana
17.4605599,78.3539015,Masjid Banda Road,Sriram Nagar,Hyderabad,Telangana
17.5581787,78.3109407,Outer Ring Road,Sultanpur,Hyderabad,Telangana
17.4839447,78.3488403,Vishali Nagar Road,Vishal Nagar,Hyderabad,Telangana
17.485044,78.3489339,Vishali Nagar Road,Vishal Nagar,Hyderabad,Telangana
17.4960416,78.4059065,NTR Nagar Road,AS Raju Nagar,Hyderabad,Telangana
17.4456017,78.3662742,Mindspace road,Studiorigin - Interior Designer in Hyderabad,Hyderabad,Telangana
17.5575359,78.3135437,Service Road,Sultanpur,Hyderabad,Telangana
17.3603618,78.4406978,Hyderguda road,Nandi Muslai Guda,Hyderabad,Telangana
17.3624748,78.5304666,vv nagar rd,Vivekananda Nagar,Hyderabad,Telangana
17.4166552,78.4312774,Banjara Hills Road Number 10,Bhavani Nagar,Hyderabad,Telangana
17.3647418,78.4806097,Darul Shifa Road,Purani Haveli,Hyderabad,Telangana
17.3662559,78.4809368,Darul Shifa Road,Purani Haveli,Hyderabad,Telangana
17.3671955,78.481136,Darul Shifa Road,Purani Haveli,Hyderabad,Telangana
17.3556447,78.6373067,RASHEEDIAH ROAD,Kuntloor,Hyderabad,Telangana
17.4400973,78.3706093,Shilpa Layout Flyover,Telecom Nagar,Hyderabad,Telangana
17.4401661,78.3706244,Shilpa Layout Flyover,Telecom Nagar,Hyderabad,Telangana
17.4399611,78.3712176,Shilpa Layout Flyover,Telecom Nagar,Hyderabad,Telangana
17.4400171,78.3713279,Shilpa Layout Flyover,Telecom Nagar,Hyderabad,Telangana
17.3944913,78.537675,Satyanarayana Swamy Temple Road,Indira Nagar,Hyderabad,Telangana
17.430065,78.4308622,navodaya colony road,Kamalapuri Colony,Hyderabad,Telangana
17.497304,78.3985768,street number 3,Satavahana Nagar,Hyderabad,Telangana
17.497879,78.3977594,medak road,Satavahana Nagar,Hyderabad,Telangana
17.4993429,78.3977512,Jal Vayu Vihar Road,Satavahana Nagar,Hyderabad,Telangana
17.4986721,78.3980199,medak road,Satavahana Nagar,Hyderabad,Telangana
17.4980624,78.397837,medak road,Satavahana Nagar,Hyderabad,Telangana
17.4431847,78.4613155,Mayuri Marg,Brahmanwadi,Hyderabad,Telangana
17.3841032,78.4293677,Flyover,Balaji Nagar,Hyderabad,Telangana
17.3845906,78.4294084,Flyover,Balaji Nagar,Hyderabad,Telangana
17.3844444,78.4296222,Flyover,Balaji Nagar,Hyderabad,Telangana
17.3850398,78.4296205,Flyover,Balaji Nagar,Hyderabad,Telangana
17.3825609,78.429373,Flyover,Balaji Nagar,Hyderabad,Telangana
17.4046306,78.5101886,Achyuta Reddy Marg,Adikmet Jn,Hyderabad,Telangana
17.4375674,78.4160281,road no 10c,Gayatri Hills,Hyderabad,Telangana
17.3241386,78.4289769,Inner Ring Road,Adarsh Nagar,Hyderabad,Telangana
17.3241443,78.428944,Flyover,Adarsh Nagar,Hyderabad,Telangana
17.3235041,78.4297794,Flyover,Adarsh Nagar,Hyderabad,Telangana
17.3239536,78.4287923,Flyover,Adarsh Nagar,Hyderabad,Telangana
17.3247044,78.427684,Inner Ring Road,Shivrampalli,Hyderabad,Telangana
17.3233944,78.4295963,Flyover,Adarsh Nagar,Hyderabad,Telangana
17.3235864,78.4296816,Flyover,Adarsh Nagar,Hyderabad,Telangana
17.3694954,78.5753706,Rd No 1,Indraprastha,Hyderabad,Telangana
17.3772177,78.5449652,gouds colony road  no 4,Satya Nagar Colony,Hyderabad,Telangana
17.4736887,78.5429645,E Kakatiya Nagar Road,kaktiya nagar,Hyderabad,Telangana
17.4369349,78.3632784,Shilpa Layout Flyover,Telecom Nagar,Hyderabad,Telangana
17.3488387,78.416746,P.V. Narasimha Rao Flyover,Ashok Vihar,Hyderabad,Telangana
17.3488614,78.4166694,P.V. Narasimha Rao Flyover,Ashok Vihar,Hyderabad,Telangana
17.3478725,78.4166005,Inner Ring Road,Happy Homes Colony,Hyderabad,Telangana
17.3488687,78.4166312,Flyover,Ashok Vihar,Hyderabad,Telangana
17.3523645,78.4181104,Flyover,Ashok Vihar,Hyderabad,Telangana
17.3522544,78.4182413,Flyover,Ashok Vihar,Hyderabad,Telangana
17.3488243,78.4167907,Flyover,Ashok Vihar,Hyderabad,Telangana
17.4949018,78.3266001,Gangaram - Chandanagar Road - Mumbai highway,Chandanagar,Hyderabad,Telangana
17.4952999,78.3350151,Allwyn - Gangaram Road Mumbai Highway,Sri Ram Nagar Colony,Hyderabad,Telangana
17.4663193,78.4292354,Moosapet Flyover,Bharath Nagar,Hyderabad,Telangana
17.4702709,78.4270798,Moosapet Road - Mumbai Highway,Sardar Patel Nagar,Hyderabad,Telangana
17.4716955,78.4261054,Moosapet Road - Mumbai Highway,Sardar Patel Nagar,Hyderabad,Telangana
17.3583763,78.4246968,Flyover,Upperpally,Hyderabad,Telangana
17.3594964,78.42605,Flyover,Radha Krishna Nagar,Hyderabad,Telangana
17.3578018,78.4244893,Flyover,Upperpally,Hyderabad,Telangana
17.3581075,78.4248649,Flyover,Upperpally,Hyderabad,Telangana
17.3543021,78.420347,P.V. Narasimha Rao Flyover,Upperpally,Hyderabad,Telangana
17.3542026,78.4203689,P.V. Narasimha Rao Flyover,Upperpally,Hyderabad,Telangana
17.3415729,78.4697456,Sharda School Rd,Sriram Nagar,Hyderabad,Telangana
17.3148161,78.4256443,Flyover,Netaji Nagar,Hyderabad,Telangana
17.3148433,78.4255007,Flyover,Netaji Nagar,Hyderabad,Telangana
17.4405869,78.4943468,Sarojini Devi Road,Patny,Hyderabad,Telangana
17.5325207,78.5236603,Hyderabad - Karimnagar Highway,Risala Bazaar,Hyderabad,Telangana
17.5564544,78.5396817,Hyderabad - Karimnagar Highway,Singayapalli,Hyderabad,Telangana
17.4273916,78.5058814,Padma Rao Nagar Road,Padma Rao Nagar,Hyderabad,Telangana
17.4388602,78.3320881,Goldcrest School road,Gowlidoddi,Hyderabad,Telangana
17.3510237,78.5459522,Dmart Lb nagar,Bahadurguda,Hyderabad,Telangana
17.5009711,78.4727999,Quthubullapur Main Road,Vennalagadda,Hyderabad,Telangana
17.5062763,78.4656224,Quthubullapur Main Road,Marri Narayana Reddy Nagar,Hyderabad,Telangana
17.5024641,78.4704321,Quthubullapur Main Road,Bank Colony,Hyderabad,Telangana
17.5073238,78.4651641,Quthubullapur Main Road,Jayaram Nagar,Hyderabad,Telangana
17.5048125,78.4676801,Quthubullapur Main Road,Marri Narayana Reddy Nagar,Hyderabad,Telangana
17.3906125,78.5145495,residential road,Qadri Bagh,Hyderabad,Telangana
17.4169422,78.4977428,M.I.M Galli,Musheerabad,Hyderabad,Telangana
17.339704,78.3656984,Outer Ring Road,Himayath Sagar,Hyderabad,Telangana
17.3397747,78.3658805,Outer Ring Road,Himayath Sagar,Hyderabad,Telangana
17.3258135,78.3743391,Outer Ring Road,HMBS Colony,Hyderabad,Telangana
17.3795589,78.5693994,Nagole Jaipur Colony Main Road,Weaker Section Colony,Hyderabad,Telangana
17.3692987,78.5273821,konark type institute road,Durga Nagar,Hyderabad,Telangana
17.3647892,78.5225257,venkatadri theatre road,Gaddiannaram,Hyderabad,Telangana
17.4622304,78.492595,Transport Road,Wahab Nagar,Hyderabad,Telangana
17.4963611,78.5013881,road no 4,Subhodaya Nagar,Hyderabad,Telangana
17.3840457,78.5209215,Hanuman Temple Road,Azad Nagar,Hyderabad,Telangana
17.3755965,78.4363939,Golconda Rd,mehdipatnam,Hyderabad,Telangana
17.4034515,78.5627348,Chilkanagar Main Road,Beerappaguda,Hyderabad,Telangana
17.492745,78.4327729,Street Number 5,Devamma Basthi,Hyderabad,Telangana
17.4691229,78.4124718,Green Hills Road,Habeeb Nagar,Hyderabad,Telangana
17.4323344,78.5539816,Nacharam Road,Nacharam Jn,Hyderabad,Telangana
17.4290714,78.5518164,Nacharam Road,Nacharam,Hyderabad,Telangana
17.4270394,78.5501181,Nacharam Road,Karthikeya Nagar,Hyderabad,Telangana
17.4206123,78.524832,Adikmet Road,Manikeshwari Nagar,Hyderabad,Telangana
17.5236529,78.3934478,Dollar Hills Road,Prashanthi Hills,Hyderabad,Telangana
17.4149941,78.5836457,Street no. 2,East Brundavan Colony,Hyderabad,Telangana
17.3651234,78.4795548,Mir Alam Mandi Road,Purani Haveli,Hyderabad,Telangana
17.4513162,78.5295075,street number 16,Mallikarjuna Nagar,Hyderabad,Telangana
17.3760633,78.5038585,Race Course Road,MCH Colony,Hyderabad,Telangana
17.4848713,78.4789228,Road Number 12,Swarnadhama Nagar,Hyderabad,Telangana
17.4095335,78.4383764,Road No 13,Ministers Colony,Hyderabad,Telangana
17.5121989,78.6493023,Outer Ring Road,Cheeriyal,Hyderabad,Telangana
17.5123242,78.6494435,Outer Ring Road,Cheeriyal,Hyderabad,Telangana
17.421987,78.4039929,Road No 2,Prashasan Nagar,Hyderabad,Telangana
17.4481247,78.4513507,Road No. 7,Balkampet,Hyderabad,Telangana
17.4086155,78.326857,Outer Ring Road,Shanthi Nagar,Hyderabad,Telangana
17.4091167,78.3259935,Outer Ring Road,Shanthi Nagar,Hyderabad,Telangana
17.4094424,78.3249689,Outer Ring Road,Shanthi Nagar,Hyderabad,Telangana
17.4106909,78.3191888,Outer Ring Road,Shanthi Nagar,Hyderabad,Telangana
17.4108861,78.3191779,Outer Ring Road,Shanthi Nagar,Hyderabad,Telangana
17.4085218,78.3271052,Outer Ring Road,Shanthi Nagar,Hyderabad,Telangana
17.4087477,78.3270305,Outer Ring Road,Shanthi Nagar,Hyderabad,Telangana
17.3259697,78.3740205,Outer Ring Road,HMBS Colony,Hyderabad,Telangana
17.3266093,78.3736356,Outer Ring Road,HMBS Colony,Hyderabad,Telangana
17.3255273,78.3742869,Outer Ring Road,HMBS Colony,Hyderabad,Telangana
17.3265096,78.3739224,Outer Ring Road,HMBS Colony,Hyderabad,Telangana
17.326136,78.3741481,Outer Ring Road,HMBS Colony,Hyderabad,Telangana
17.3269583,78.3736512,Outer Ring Road,HMBS Colony,Hyderabad,Telangana
17.3963021,78.3503635,Outer Ring Road,Narsingi,Hyderabad,Telangana
17.3969546,78.3496947,Outer Ring Road,Narsingi,Hyderabad,Telangana
17.3985591,78.3476445,Outer Ring Road,Kokapet,Hyderabad,Telangana
17.3984265,78.3478939,Outer Ring Road,Kokapet,Hyderabad,Telangana
17.3989955,78.3468113,Outer Ring Road,Kokapet,Hyderabad,Telangana
17.3944958,78.3500161,Outer Ring Road,Narsingi,Hyderabad,Telangana
17.4051521,78.3344819,Outer Ring Road,Financial District,Hyderabad,Telangana
17.4048535,78.3350725,Outer Ring Road,Financial District,Hyderabad,Telangana
17.4062244,78.332367,Outer Ring Road,Financial District,Hyderabad,Telangana
17.40606,78.3322779,Outer Ring Road,Financial District,Hyderabad,Telangana
17.4127467,78.3008022,Outer Ring Road,Khanapur,Hyderabad,Telangana
17.3998991,78.3446879,Outer Ring Road,Kokapet,Hyderabad,Telangana
17.2919526,78.6524175,Outer Ring Road,Surya Vamshi Garden City,Hyderabad,Telangana
17.2960282,78.6531241,Outer Ring Road,Surya Vamshi Garden City,Hyderabad,Telangana
17.2867286,78.6501681,Outer Ring Road,Surya Vamshi Garden City,Hyderabad,Telangana
17.2866452,78.6503287,Outer Ring Road,Surya Vamshi Garden City,Hyderabad,Telangana
17.2919904,78.6522303,Outer Ring Road,Surya Vamshi Garden City,Hyderabad,Telangana
17.3018081,78.6545994,Outer Ring Road,Surya Vamshi Garden City,Hyderabad,Telangana
17.5235405,78.4429104,Shapur Road,Apurupa Township,Hyderabad,Telangana
17.5251855,78.4414814,Jeedimetla Main Road,SR Naik Nagar,Hyderabad,Telangana
17.2757377,78.6422595,Outer Ring Road,Surya Vamshi Garden City,Hyderabad,Telangana
17.2758677,78.6421253,Outer Ring Road,Surya Vamshi Garden City,Hyderabad,Telangana
17.281318,78.6481751,Outer Ring Road,Surya Vamshi Garden City,Hyderabad,Telangana
17.2814471,78.6480412,Outer Ring Road,Surya Vamshi Garden City,Hyderabad,Telangana
17.5829952,78.5582307,Outer Ring Road,Thumukunta,Hyderabad,Telangana
17.5640745,78.6222311,Outer Ring Road,Narsampally,Hyderabad,Telangana
17.526592,78.6396777,Outer Ring Road,Cheeriyal,Hyderabad,Telangana
17.5201359,78.6447773,Outer Ring Road,Cheeriyal,Hyderabad,Telangana
17.5174307,78.6465975,Outer Ring Road,Cheeriyal,Hyderabad,Telangana
17.5187844,78.6456324,Outer Ring Road,Cheeriyal,Hyderabad,Telangana
17.5587162,78.3249207,Outer Ring Road,Sultanpur,Hyderabad,Telangana
17.5576622,78.316562,Outer Ring Road,Sultanpur,Hyderabad,Telangana
17.5577691,78.3150217,Outer Ring Road,Sultanpur,Hyderabad,Telangana
17.5572804,78.3175771,Outer Ring Road,Sultanpur,Hyderabad,Telangana
17.5585893,78.3251124,Outer Ring Road,Sultanpur,Hyderabad,Telangana
17.5853628,78.397889,Outer Ring Road,Bowrampet,Hyderabad,Telangana
17.5616811,78.339738,Outer Ring Road,Bollaram,Hyderabad,Telangana
17.4395003,78.3800748,Mindspace Madhapur road,Vittal Rao Nagar,Hyderabad,Telangana
17.4385947,78.380906,Mindspace Madhapur road,Vittal Rao Nagar,Hyderabad,Telangana
17.4385494,78.3783217,Inorbit Mall Road,Vittal Rao Nagar,Hyderabad,Telangana
17.5568087,78.3068927,Outer Ring Road,Sultanpur,Hyderabad,Telangana
17.5569255,78.3067066,Outer Ring Road,Sultanpur,Hyderabad,Telangana
17.5576762,78.3084774,Outer Ring Road,Sultanpur,Hyderabad,Telangana
17.5577464,78.3081869,Outer Ring Road,Sultanpur,Hyderabad,Telangana
17.5579363,78.3086306,Outer Ring Road,Sultanpur,Hyderabad,Telangana
17.5578761,78.3089961,Outer Ring Road,Sultanpur,Hyderabad,Telangana
17.4438585,78.3675591,Mindspace road,J V Colony,Hyderabad,Telangana
17.343909,78.5243862,lane number 1,Press Colony,Hyderabad,Telangana
17.3329079,78.4915139,Inner Ring Road,Baba Nagar,Hyderabad,Telangana
17.3250868,78.4275592,Inner Ring Road,Shivrampalli,Hyderabad,Telangana
17.3639847,78.5433561,LB Nagar Service Road,Margadarsi Colony,Hyderabad,Telangana
17.3238185,78.5554449,ZP Road,Venkateswara Colony,Hyderabad,Telangana
17.3433365,78.4695404,Falaknuma Road,Shamsher Gunj,Hyderabad,Telangana
17.3894788,78.4988485,Kachiguda Station Road,Kacheguda,Hyderabad,Telangana
17.3894141,78.4983045,Kachiguda Station Road,Kacheguda,Hyderabad,Telangana
17.3899313,78.4995829,Kachiguda Station Road,Kacheguda,Hyderabad,Telangana
17.4249992,78.4551812,durga nagar road,Somajiguda,Hyderabad,Telangana
17.4009178,78.3966954,Pupplaguda-Shaikpet Road,Gulshan Colony,Hyderabad,Telangana
17.3418385,78.506395,APJ Abdul Kalam Flyover,DMRL X Roads,Hyderabad,Telangana
17.4882545,78.382107,KPHB 9th Phase Road,Phase 9,Hyderabad,Telangana
17.48811,78.3822536,KPHB 9th Phase Road,Phase 9,Hyderabad,Telangana
17.4870629,78.381906,13th Phase Road,KPHB Colony 9th Phase,Hyderabad,Telangana
17.4881779,78.3822822,KPHB 9th Phase Road,Phase 9,Hyderabad,Telangana
17.4740822,78.3639548,Gachibowli - Miyapur Highway,Marthanda Nagar,Hyderabad,Telangana
17.3692964,78.4771301,Chatta Bazar Road,Dar-Ul-Shifa,Hyderabad,Telangana
17.3690737,78.4777925,Chatta Bazar Road,Dar-Ul-Shifa,Hyderabad,Telangana
17.36913,78.4776682,Chatta Bazar Road,Dar-Ul-Shifa,Hyderabad,Telangana
17.3690592,78.4779066,Chatta Bazar Road,Dar-Ul-Shifa,Hyderabad,Telangana
17.4724773,78.3647917,Hafeezpet to KPHB Road,Raghavendra Colony,Hyderabad,Telangana
17.3649664,78.4985366,Chanchalguda Main Road,Chanchalguda,Hyderabad,Telangana
17.3640659,78.5012604,Chanchalguda Main Road,Kurmaguda,Hyderabad,Telangana
17.5785188,78.5690168,Outer Ring Road,Thumukunta,Hyderabad,Telangana
17.5798827,78.5655174,Outer Ring Road,Thumukunta,Hyderabad,Telangana
17.5808629,78.5630675,Outer Ring Road,Thumukunta,Hyderabad,Telangana
17.5807735,78.5637892,Outer Ring Road,Thumukunta,Hyderabad,Telangana
17.5782002,78.5709774,Outer Ring Road,Upparapalle,Hyderabad,Telangana
17.5779521,78.5737437,Outer Ring Road,Upparapalle,Hyderabad,Telangana
17.5777816,78.5730881,Outer Ring Road,Upparapalle,Hyderabad,Telangana
17.5786913,78.5852332,Outer Ring Road,Upparapalle,Hyderabad,Telangana
17.5779853,78.5746625,Outer Ring Road,Upparapalle,Hyderabad,Telangana
17.5788751,78.5852008,Outer Ring Road,Upparapalle,Hyderabad,Telangana
17.5791031,78.5902836,Outer Ring Road,Upparapalle,Hyderabad,Telangana
17.5777671,78.5737774,Outer Ring Road,Upparapalle,Hyderabad,Telangana
17.4755426,78.4235561,Balanagar - Moosapet Y Junction Road,Prashanti Nagar,Hyderabad,Telangana
17.4435004,78.3772044,HITEC City Road,Vittal Rao Nagar,Hyderabad,Telangana
17.4468974,78.37827,HITEC City Road,HITEC City,Hyderabad,Telangana
17.4432805,78.3771138,HITEC City Road,Vittal Rao Nagar,Hyderabad,Telangana
17.4434678,78.3771084,HITEC City Road,Vittal Rao Nagar,Hyderabad,Telangana
17.4024273,78.3806067,Puppalaguda - Narsingi Road,Secretariat Employees Colony,Hyderabad,Telangana
17.4111245,78.469645,Mint Road,Iqbal Minar Jn,Hyderabad,Telangana
17.5406896,78.4910903,Nizamabad Road,Brindavan Colony,Hyderabad,Telangana
17.4821027,78.5371074,Sainikpuri Road,Gandhi Nagar,Hyderabad,Telangana
17.544537,78.4749628,Doolapally Road,Doolapally,Hyderabad,Telangana
17.5442389,78.4761053,Doolapally Road,Doolapally,Hyderabad,Telangana
17.4274295,78.517741,Sitaphalmandi Road,Sitaphalmandi,Hyderabad,Telangana
17.4474728,78.5101152,Tukaram Gate Main Road,East Marredpally,Hyderabad,Telangana
17.4463958,78.5080556,E Maredpally Road,East Marredpally,Hyderabad,Telangana
17.3946219,78.3744478,Neknampur road,Puppalguda,Hyderabad,Telangana
17.4862651,78.613711,Road Number 6,Nagaram,Hyderabad,Telangana
17.3922403,78.5996914,Road no 1,Parvathapuram,Hyderabad,Telangana
17.3924516,78.5988034,Road no 1,Parwathi Nagar,Hyderabad,Telangana
17.400978,78.5136617,Shivam Road,Central Excise Colony,Hyderabad,Telangana
17.4933245,78.4057777,Street Number 4,Kukatpally,Hyderabad,Telangana
17.4936342,78.4044703,NTR Nagar Road,Kukatpally,Hyderabad,Telangana
17.3141301,78.5502086,BN Readdy Road,Venkateshwara Colony,Hyderabad,Telangana
17.3127436,78.552262,Shivaji Marg,siripuram,Hyderabad,Telangana
17.5153214,78.4832126,HT Road,Caton Residential Township,Hyderabad,Telangana
17.5147401,78.4861164,HT Road,Caton Residential Township,Hyderabad,Telangana
17.3648228,78.5895008,TGSRTC Bandlaguda Bus Depot Inner Road,mattuguda,Hyderabad,Telangana
17.497298,78.323268,Dena Bank Lane,Gowtami Nagar Colony,Hyderabad,Telangana
17.4760183,78.3493304,Gouthami Enclave,Raja Rajeshwari Nagar,Hyderabad,Telangana
17.3619674,78.5510681,Road No 1,Dwarkapuri,Hyderabad,Telangana
17.3602004,78.5504837,Road No 1,Dwarkapuri,Hyderabad,Telangana
17.364941,78.559172,Road No 3/7,Sai Nagar,Hyderabad,Telangana
17.4791535,78.5463027,Telecom Colony Road,Shiva Nagar Colony,Hyderabad,Telangana
17.495922,78.5964339,Balaji Nagar Road,Nagaram,Hyderabad,Telangana
17.361499,78.5442335,LB Nagar Service Road,Margadarsi Colony,Hyderabad,Telangana
17.4164001,78.3481546,Road No.2,Financial District,Hyderabad,Telangana
17.4045046,78.3371212,Service Road,Financial District,Hyderabad,Telangana
17.4078747,78.3302844,Service Road,Financial District,Hyderabad,Telangana
17.4004421,78.3525371,Service Road,Narsingi,Hyderabad,Telangana
17.4120252,78.3552629,Healthway,Khajaguda,Hyderabad,Telangana
17.3868175,78.3517311,Healthway,Narsingi,Hyderabad,Telangana
17.3507854,78.3608738,Healthway,Himayath Sagar,Hyderabad,Telangana
17.3766671,78.557732,LB Nagar - Uppal Road,Samathapur,Hyderabad,Telangana
17.3763467,78.5576913,Nagole-Bandlaguda Main Road,Samathapur,Hyderabad,Telangana
17.3310346,78.4879186,Inner Ring Road,Phool Bagh,Hyderabad,Telangana
17.4855384,78.3566225,Manjeera Pipeline Road,Vinayak Nagar Colony,Hyderabad,Telangana
17.3744826,78.4689926,Malakunta Road,Begum Bazaar,Hyderabad,Telangana
17.3867857,78.4726874,Mukharam Jahi Road,Abids,Hyderabad,Telangana
17.4371377,78.3929819,kavuri hills road,Kavuri Hills,Hyderabad,Telangana
17.4358415,78.3618565,PJR Flyover,Telecom Nagar,Hyderabad,Telangana
17.2964009,78.3800589,Outer Ring Road,Kothwalguda,Hyderabad,Telangana
17.3070929,78.3775822,Outer Ring Road,Kothwalguda,Hyderabad,Telangana
17.3061425,78.3780011,Outer Ring Road,Kothwalguda,Hyderabad,Telangana
17.3086336,78.3772254,Outer Ring Road,Kothwalguda,Hyderabad,Telangana
17.3051133,78.3780407,Outer Ring Road,Kothwalguda,Hyderabad,Telangana
17.3074829,78.3776907,Outer Ring Road,Kothwalguda,Hyderabad,Telangana
17.3086745,78.3774147,Outer Ring Road,Kothwalguda,Hyderabad,Telangana
17.2853277,78.3823406,Outer Ring Road,Kothwalguda,Hyderabad,Telangana
17.2942074,78.3804789,Outer Ring Road,Kothwalguda,Hyderabad,Telangana
17.3775383,78.3492757,Outer Ring Road,Manchirevula,Hyderabad,Telangana
17.3768063,78.3489129,Outer Ring Road,Manchirevula,Hyderabad,Telangana
17.3779885,78.3493817,Outer Ring Road,Manchirevula,Hyderabad,Telangana
17.3773165,78.349029,Outer Ring Road,Manchirevula,Hyderabad,Telangana
17.3780275,78.3491955,Outer Ring Road,Manchirevula,Hyderabad,Telangana
17.378755,78.3495623,Outer Ring Road,Manchirevula,Hyderabad,Telangana
17.3785759,78.3493211,Outer Ring Road,Manchirevula,Hyderabad,Telangana
17.3793583,78.3497045,Outer Ring Road,Manchirevula,Hyderabad,Telangana
17.3813722,78.3499831,Outer Ring Road,Manchirevula,Hyderabad,Telangana
17.3790926,78.3494428,Outer Ring Road,Manchirevula,Hyderabad,Telangana
17.379683,78.349781,Outer Ring Road,Manchirevula,Hyderabad,Telangana
17.3814846,78.3502055,Outer Ring Road,Manchirevula,Hyderabad,Telangana
17.3917575,78.3517599,Outer Ring Road,Narsingi,Hyderabad,Telangana
17.3895991,78.3518478,Outer Ring Road,Narsingi,Hyderabad,Telangana
17.3899874,78.3518732,Outer Ring Road,Narsingi,Hyderabad,Telangana
17.3908355,78.3517206,Outer Ring Road,Narsingi,Hyderabad,Telangana
17.3848811,78.3510112,Outer Ring Road,Manchirevula,Hyderabad,Telangana
17.3855554,78.3509733,Outer Ring Road,Manchirevula,Hyderabad,Telangana
17.3904445,78.3518971,Outer Ring Road,Narsingi,Hyderabad,Telangana
17.3960169,78.3505855,Outer Ring Road,Narsingi,Hyderabad,Telangana
17.3922515,78.3517708,Outer Ring Road,Narsingi,Hyderabad,Telangana
17.3338751,78.3694569,Outer Ring Road,Aravind Nagar,Hyderabad,Telangana
17.3593011,78.3547189,Outer Ring Road,Manchirevula,Hyderabad,Telangana
17.3542457,78.3576885,Outer Ring Road,Himayath Sagar,Hyderabad,Telangana
17.3646731,78.3525722,Outer Ring Road,Manchirevula,Hyderabad,Telangana
17.3561994,78.3563976,Outer Ring Road,Himayath Sagar,Hyderabad,Telangana
17.3535911,78.3580496,Outer Ring Road,Himayath Sagar,Hyderabad,Telangana
17.3570179,78.3561678,Outer Ring Road,Himayath Sagar,Hyderabad,Telangana
17.3541772,78.3575096,Outer Ring Road,Himayath Sagar,Hyderabad,Telangana
17.3534418,78.3579144,Outer Ring Road,Himayath Sagar,Hyderabad,Telangana
17.3526696,78.3583403,Outer Ring Road,Himayath Sagar,Hyderabad,Telangana
17.3529103,78.3584273,Outer Ring Road,Himayath Sagar,Hyderabad,Telangana
17.3512178,78.3593412,Outer Ring Road,Himayath Sagar,Hyderabad,Telangana
17.3510536,78.3592134,Outer Ring Road,Himayath Sagar,Hyderabad,Telangana
17.3434966,78.3633996,Outer Ring Road,Himayath Sagar,Hyderabad,Telangana
17.3444392,78.3628283,Outer Ring Road,Himayath Sagar,Hyderabad,Telangana
17.342113,78.3644624,Outer Ring Road,Himayath Sagar,Hyderabad,Telangana
17.3453205,78.3622941,Outer Ring Road,Himayath Sagar,Hyderabad,Telangana
17.3456354,78.3623262,Outer Ring Road,Himayath Sagar,Hyderabad,Telangana
17.3460109,78.3620984,Outer Ring Road,Himayath Sagar,Hyderabad,Telangana
17.3458033,78.3620014,Outer Ring Road,Himayath Sagar,Hyderabad,Telangana
17.3447307,78.3628748,Outer Ring Road,Himayath Sagar,Hyderabad,Telangana
17.3416262,78.3645334,Outer Ring Road,Himayath Sagar,Hyderabad,Telangana
17.3351599,78.3684547,Outer Ring Road,Aravind Nagar,Hyderabad,Telangana
17.3743872,78.4995572,Vijaywada Highway,Malakpet,Hyderabad,Telangana
17.3774703,78.489272,Chaderghat Road,Azampura,Hyderabad,Telangana
17.362216,78.5440559,LB Nagar Service Road,Margadarsi Colony,Hyderabad,Telangana
17.5723042,78.4213671,Medak Road,Gandimaisamma,Hyderabad,Telangana
17.4340683,78.3970092,Road Number 45,CBI Colony,Hyderabad,Telangana
17.4267743,78.5206903,Sitaphalmandi Flyover,Ravindra Nagar,Hyderabad,Telangana
17.4433023,78.4406187,Mumbai Highway,SR Nagar,Hyderabad,Telangana
17.4441924,78.4403139,Mumbai Highway,SR Nagar,Hyderabad,Telangana
17.4217874,78.485517,Lower Tank Bund Road,Children's Park Jn,Hyderabad,Telangana
17.4204911,78.3463636,Paayilis road,Nanakramguda,Hyderabad,Telangana
17.3300027,78.5415776,ZP Road,Sri Ramana Colony,Hyderabad,Telangana
17.4064458,78.4915719,Street No 10,Ashok Nagar,Hyderabad,Telangana
17.4655129,78.3525709,Phillu Street,Gouthami Colony,Hyderabad,Telangana
17.3991169,78.5026946,Vegetable Market Road,Fever Hospital Jn,Hyderabad,Telangana
17.4072155,78.5951942,Hyderabad-Janagam Highway,Kamala Nagar Colony,Hyderabad,Telangana
17.3430762,78.5060564,Inner Ring Road,DMRL X Roads,Hyderabad,Telangana
17.4198973,78.3475893,Paayilis road,Nanakramguda,Hyderabad,Telangana
17.4175327,78.3465078,Paayilis road,Financial District,Hyderabad,Telangana
17.3835715,78.3511017,Healthway,Manchirevula,Hyderabad,Telangana
17.4013475,78.3432639,Healthway,Kokapet,Hyderabad,Telangana
17.4076893,78.3304629,Healthway,Financial District,Hyderabad,Telangana
17.515436,78.3006959,Beeramguda Main Road,Beeramguda,Hyderabad,Telangana
17.4694727,78.4104819,Green Hills Road,Habeeb Nagar,Hyderabad,Telangana
17.4696664,78.4094745,Green Hills Road,Satadar Nagar,Hyderabad,Telangana
17.3943377,78.4617074,Dargah Road,Bazaar Ghat,Hyderabad,Telangana
17.4435796,78.4987312,W Marredpally Road,Patny,Hyderabad,Telangana
17.4440248,78.4989736,W Marredpally Road,Patny,Hyderabad,Telangana
17.4941555,78.4047458,NTR Nagar Road,Kukatpally,Hyderabad,Telangana
17.4941377,78.4047841,NTR Nagar Road,Kukatpally,Hyderabad,Telangana
17.3700301,78.5014465,paltan road no 4,Officers Colony,Hyderabad,Telangana
17.4249078,78.4487327,Saibaba Temple Road,Dwarkapuri Colony,Hyderabad,Telangana
17.4182417,78.4352783,Mithila Nagar Road,Banjara Hills,Hyderabad,Telangana
17.4947271,78.4050155,NTR Nagar Road,Kukatpally,Hyderabad,Telangana
17.4068823,78.5866868,Boduppal Road,Mallikarjuna Nagar,Hyderabad,Telangana
17.4062306,78.5867298,Boduppal Road,Boudha Nagar,Hyderabad,Telangana
17.4376063,78.3886409,Durgam Cheruvu Road,Madhapur,Hyderabad,Telangana
17.4190309,78.3549703,ADP BLVD,Khajaguda,Hyderabad,Telangana
17.4655447,78.5621662,Gayatri Nagar Main Road,Green Hills Colony,Hyderabad,Telangana
17.4641959,78.5616097,Moula-ali - SP Nagar - ECIL Road,Moula Ali,Hyderabad,Telangana
17.4093454,78.516361,Adikmet Flyover,Adikmet,Hyderabad,Telangana
17.4419914,78.3724911,Mindspace road,Telecom Nagar,Hyderabad,Telangana
17.3405431,78.5447207,Bairamalguda Flyover,Reddy Nagar,Hyderabad,Telangana
17.4492052,78.3784873,Trident Internal road,HITEC City,Hyderabad,Telangana
17.4081111,78.5970587,Hyderabad-Janagam Highway,Kamala Nagar Colony,Hyderabad,Telangana
17.4034222,78.3311442,Golden Mile Extention road,Kokapet,Hyderabad,Telangana
17.4063509,78.3914678,OU colony road,OU Staff Colony,Hyderabad,Telangana
17.4008484,78.3521871,Service Road,Narsingi,Hyderabad,Telangana
17.4012401,78.3522697,Service Road,Narsingi,Hyderabad,Telangana
17.4006052,78.3529158,Healthway,Narsingi,Hyderabad,Telangana
17.4011735,78.3532485,Service Road,Narsingi,Hyderabad,Telangana
17.4014641,78.3533071,Service Road,Narsingi,Hyderabad,Telangana
17.4010584,78.395212,Vinayak Nagar road,Gulshan Colony,Hyderabad,Telangana
17.4241814,78.5686803,Road No 2,Ganesh Colony,Hyderabad,Telangana
17.3626448,78.423342,Pedda Tallakunta road,Radha Krishna Nagar,Hyderabad,Telangana
17.4402223,78.4611871,Lane No.4,Brahmanwadi,Hyderabad,Telangana
17.441417,78.3822415,Huda Techno Enclave road,Vittal Rao Nagar,Hyderabad,Telangana
17.5073927,78.3918458,Vertex Lake Veiw Road,Sreenivasa Nagar,Hyderabad,Telangana
17.5474707,78.4646608,Gangastan main road,Gangastan,Hyderabad,Telangana
17.4127484,78.4784456,Indira Park Road,Kattamaisamma Junction,Hyderabad,Telangana
17.4127909,78.4783442,Indira Park Road,Kattamaisamma Junction,Hyderabad,Telangana
17.390651,78.5069699,Golnaka Road,Golnaka,Hyderabad,Telangana
17.5256813,78.4850888,Nizamabad Road,Caton Residential Township,Hyderabad,Telangana
17.3705291,78.4227504,Laxmi Nagar Colony road,Hasan Nagar,Hyderabad,Telangana
17.4175712,78.5574673,Visatath Enclave Lane Number 6,Jaya Raghavendra Nagar,Hyderabad,Telangana
17.4394035,78.368419,Silpa Hill Top Road,Telecom Nagar,Hyderabad,Telangana
17.4894529,78.4201702,Road Number 2,Prakash Nagar,Hyderabad,Telangana
17.4380478,78.3711935,NASR School Driveway,Telecom Nagar,Hyderabad,Telangana
17.4384204,78.3713332,NASR School Driveway,Telecom Nagar,Hyderabad,Telangana
17.4220581,78.3333157,Road No. 1,Nanakramguda,Hyderabad,Telangana
17.4209164,78.3373207,ISB Road,Nanakramguda,Hyderabad,Telangana
17.3303698,78.6079627,"Number 2B, Ward 12 Mansoorabad",Vijayanagar Colony,Hyderabad,Telangana
17.4173383,78.6339501,Korremula Road,Narepally,Hyderabad,Telangana
17.3763944,78.5582862,Nagole-Bandlaguda Main Road,Nagole,Hyderabad,Telangana
17.5059612,78.3883079,High Tension Line Road,Nagarjuna Homes,Hyderabad,Telangana
17.5053191,78.3959386,High Tension Line Road,HMT Hills,Hyderabad,Telangana
17.5048466,78.3957913,Pragathi Nagar Road,HMT Hills,Hyderabad,Telangana
17.5054258,78.3945836,High Tension Line Road,HMT Hills,Hyderabad,Telangana
17.5071274,78.3943943,Aditya Home Line,Aditya Nagar,Hyderabad,Telangana
17.482021,78.3766255,Radha Krishna Road,Venkata Ramana Colony,Hyderabad,Telangana
17.4818565,78.3769813,Radha Krishna Road,Venkata Ramana Colony,Hyderabad,Telangana
17.4923986,78.3483695,Mythri Nagar Lane,Allwyn Colony,Hyderabad,Telangana
17.4118011,78.6079594,Hyderabad-Janagam Highway,Medpally,Hyderabad,Telangana
17.514102,78.5673305,Balaji Nagar Main Road,Santosh Nagar,Hyderabad,Telangana
17.5129041,78.5580116,Balaji Nagar Main Road,Balaji Nagar,Hyderabad,Telangana
17.5135633,78.5529533,Balaji Nagar Main Road,Balaji Nagar,Hyderabad,Telangana
17.5102156,78.4913674,tank road,Manjira Nagar Colony,Hyderabad,Telangana
17.3649603,78.5210627,Kalyan Nagar Road,Madhurapuri,Hyderabad,Telangana
17.4742545,78.3914183,Lodha Road,Phase 7,Hyderabad,Telangana
17.5325648,78.5138742,Bolarum to Kompally Road,Brindavan Colony,Hyderabad,Telangana
17.5353712,78.509614,Bolarum to Kompally Road,Brindavan Colony,Hyderabad,Telangana
17.4961872,78.4192812,Chittaramma Temple Road,Saptagiri Colony,Hyderabad,Telangana
17.5292239,78.3613342,Sri Balaji Gulmohar Township Road,Bachupally,Hyderabad,Telangana
17.4025714,78.372546,Hanuman temple road,Manikonda,Hyderabad,Telangana
17.4606472,78.5324219,5th cross road,Chanakyapuri,Hyderabad,Telangana
17.4961281,78.3879552,sardar patel nagar road,Vasanth Nagar,Hyderabad,Telangana
17.3918694,78.4417252,TGSRTC Mehdipatnam Bus Depot Inner Road,Murad Nagar,Hyderabad,Telangana
17.3686952,78.4574583,Karvan Road,Purana Pul,Hyderabad,Telangana
17.3689741,78.4580583,Karvan Road,Purana Pul,Hyderabad,Telangana
17.413623,78.3720941,Road No.17,Janmabhoomi Colony,Hyderabad,Telangana
17.3823085,78.4938873,Hyderabad Janagam Highway,Chaderghat,Hyderabad,Telangana
17.3823509,78.493953,Hyderabad Janagam Highway,Chaderghat,Hyderabad,Telangana
17.5377967,78.4899783,Nizamabad Road,Caton Residential Township,Hyderabad,Telangana
17.4227458,78.3513004,Sumadhura Acropolis Entry,Nanakramguda,Hyderabad,Telangana
17.410832,78.3316932,ISB Road,Financial District,Hyderabad,Telangana
17.4140109,78.3330611,ISB Road,Financial District,Hyderabad,Telangana
17.3138342,78.3751864,ECO PARK ROAD,Hanuman Nagar,Hyderabad,Telangana
17.3121174,78.3754316,ECO PARK ROAD,Hanuman Nagar,Hyderabad,Telangana
17.3121332,78.3748122,ECO PARK ROAD,Hanuman Nagar,Hyderabad,Telangana
17.315145,78.3736845,ECO PARK ROAD,HMBS Colony,Hyderabad,Telangana
17.3157916,78.374716,ECO PARK ROAD,HMBS Colony,Hyderabad,Telangana
17.3169723,78.3729106,ECO PARK ROAD,HMBS Colony,Hyderabad,Telangana
17.3180673,78.3743908,ECO PARK ROAD,HMBS Colony,Hyderabad,Telangana
17.3174895,78.3753498,ECO PARK ROAD,HMBS Colony,Hyderabad,Telangana
17.3180362,78.3752436,ECO PARK ROAD,HMBS Colony,Hyderabad,Telangana
17.3131726,78.3727637,ECO PARK ROAD,Kothwalguda,Hyderabad,Telangana
17.3135402,78.3726744,ECO PARK ROAD,HMBS Colony,Hyderabad,Telangana
17.4845985,78.5115064,Siddipet Road,Lal Bazaar,Hyderabad,Telangana
17.3466986,78.5179426,Road Number 2,Champapet,Hyderabad,Telangana
17.3441866,78.5329838,Bairamalguda Road,Bhagya Nagar Colony,Hyderabad,Telangana
17.3289703,78.4826056,Inner Ring Road,Tadla Kunta,Hyderabad,Telangana
17.3282479,78.4806482,Inner Ring Road,Tadla Kunta,Hyderabad,Telangana
17.3300427,78.4854553,Inner Ring Road,Phool Bagh,Hyderabad,Telangana
17.416473,78.3907888,Old Bombay Highway,Raidurg,Hyderabad,Telangana
17.4839901,78.3609125,Hafeezpet Hitec Link Road,Hafeezpet,Hyderabad,Telangana
17.4412984,78.3771392,Mindspace Underpass,Vittal Rao Nagar,Hyderabad,Telangana
17.4752256,78.3886734,kphb 7th phase road,APHB Colony,Hyderabad,Telangana
17.4574785,78.5452769,E Anandbagh Main Road,Anantha Saraswati Nagar,Hyderabad,Telangana
17.54698,78.3664199,SRR pride road,Bachupally,Hyderabad,Telangana
17.3595629,78.5046359,Sayeedabad Main Road,Kurmaguda,Hyderabad,Telangana
17.3616295,78.4798846,Darul Shifa Road,Alijah Kotla,Hyderabad,Telangana
17.3577319,78.4791032,Darul Shifa Road,Moghalpura,Hyderabad,Telangana
17.3556239,78.4787116,Darul Shifa Road,Murad Mahal Colony,Hyderabad,Telangana
17.3548013,78.4703749,Shah Ali Banda New Road,Shah Ali Banda,Hyderabad,Telangana
17.3548494,78.4731857,Shah Ali Banda New Road,Shah Ali Banda,Hyderabad,Telangana
17.3547456,78.471783,Shah Ali Banda New Road,Shah Ali Banda,Hyderabad,Telangana
17.3611542,78.4716279,Khilwat Road,Ghansi Bazaar,Hyderabad,Telangana
17.3611472,78.4715355,Khilwat Road,Ghansi Bazaar,Hyderabad,Telangana
17.518937,78.3786978,Nizampet Road,Nizampet,Hyderabad,Telangana
17.4330048,78.398573,Road Number 45,CBI Colony,Hyderabad,Telangana
17.4273639,78.5178888,Sitaphalmandi Road,Sitaphalmandi,Hyderabad,Telangana
17.3417287,78.5458054,Inner Ring Road,Bairamalguda,Hyderabad,Telangana
17.5513641,78.3614999,Mallampet Road,Mallampet,Hyderabad,Telangana
17.3441894,78.5327609,Bairamalguda Road,Bhagya Nagar Colony,Hyderabad,Telangana
17.4790605,78.3771139,Hafeezpet Hitec Link Road,Venkata Ramana Colony,Hyderabad,Telangana
17.4776164,78.3781507,Hafeezpet Hitec Link Road,Venkata Ramana Colony,Hyderabad,Telangana
17.4791594,78.3769834,Hafeezpet Hitec Link Road,Venkata Ramana Colony,Hyderabad,Telangana
17.5030392,78.3981211,Bhagyanagar Hills Road,HMT Hills,Hyderabad,Telangana
17.5236905,78.4261813,Gajularamaram Road,Prakasam Pantulu Nagar,Hyderabad,Telangana
17.5162678,78.4384059,Gajularamaram Road,Srinivas Nagar,Hyderabad,Telangana
17.4332967,78.4868838,Minister's Road,Jawahar Nagar Colony,Hyderabad,Telangana
17.4583321,78.5365813,Malkajgiri Road,R.K. Nagar,Hyderabad,Telangana
17.376319,78.4781661,Osman Shahi Road,Gowliguda,Hyderabad,Telangana
17.3623573,78.4863458,yakutpura shaik faiz kaman road,Patthar Kaman,Hyderabad,Telangana
17.4995995,78.4524993,Quthbullapur Main Road,Vani Nagar,Hyderabad,Telangana
17.5011712,78.4276945,Jagathgiri Gutta,Sanjaypuri,Hyderabad,Telangana
17.5012494,78.4303111,Jagathgiri Gutta,Devamma Basthi,Hyderabad,Telangana
17.3896343,78.4528912,Asif Nagar road,Nataraj nagar,Hyderabad,Telangana
17.3899963,78.4513989,Asif Nagar road,Nataraj nagar,Hyderabad,Telangana
17.4052132,78.5145699,Osmania University Road,DD Colony,Hyderabad,Telangana
17.3937239,78.481863,King koti road,King Koti,Hyderabad,Telangana
17.3943466,78.4846069,King koti road,Ramkote,Hyderabad,Telangana
17.3963956,78.4845897,Hyderguda Main Road,King Koti,Hyderabad,Telangana
17.3974477,78.4835524,Hyderguda Main Road,King Koti,Hyderabad,Telangana
17.3974208,78.4835127,Himayath Nagar Road,King Koti,Hyderabad,Telangana
17.3973784,78.4834964,Hyderguda Main Road,King Koti,Hyderabad,Telangana
17.433773,78.4633605,kundan bagh road,BS Makta,Hyderabad,Telangana
17.4494073,78.4303966,Kalyan Nagar Cross Road,Sultan Nagar,Hyderabad,Telangana
17.3829219,78.4667482,Goshamahal Road,Dar Us Salaam,Hyderabad,Telangana
17.3828505,78.4653373,Goshamahal Road,Dar Us Salaam,Hyderabad,Telangana
17.3672325,78.4878678,Dabeerpura Flyover,Dabeerpura,Hyderabad,Telangana
17.3672916,78.4878918,Dabeerpura Flyover,Dabeerpura,Hyderabad,Telangana
17.3653585,78.4841687,Dabeerpura Nala road,Maidan,Hyderabad,Telangana
17.2964515,78.5332045,Subhedar Malla Reddy Marg,Dawoodkhanguda,Hyderabad,Telangana
17.2964316,78.5331708,Subhedar Malla Reddy Marg,Dawoodkhanguda,Hyderabad,Telangana
17.4375909,78.3740529,Shilpa Layout road,Telecom Nagar,Hyderabad,Telangana
17.4555741,78.5813952,Sainikpuri-ECIL Main Road,Nehru Nagar,Hyderabad,Telangana
17.349049,78.4979383,CRIDA Road,Jawahar Nagar Colony,Hyderabad,Telangana
17.3495643,78.5004814,CRIDA Road,Jawahar Nagar Colony,Hyderabad,Telangana
17.3501328,78.5021905,CRIDA Road,Jawahar Nagar Colony,Hyderabad,Telangana
17.3490303,78.4993251,CRIDA Road,Jawahar Nagar Colony,Hyderabad,Telangana
17.356966,78.5082495,Dhobi Ghat Road,Lakshmi Nagar,Hyderabad,Telangana
17.3574184,78.5115728,Dhobi Ghat Road,Lakshmi Nagar,Hyderabad,Telangana
17.4054084,78.3913544,Abdul Rahman Ave,OU Staff Colony,Hyderabad,Telangana
17.2861077,78.5890045,Street Number 6,Injapur,Hyderabad,Telangana
17.4827121,78.5586547,H. T. Line Road,Prashanti Nagar,Hyderabad,Telangana
17.4826088,78.5588909,H. T. Line Road,Prashanti Nagar,Hyderabad,Telangana
17.4832911,78.5579652,H. T. Line Road,Prashanti Nagar,Hyderabad,Telangana
17.481479,78.5601377,H. T. Line Road,Prashanti Nagar,Hyderabad,Telangana
17.5101783,78.4511839,gajula ramaram rd,Shapur Nagar,Hyderabad,Telangana
17.4637439,78.4737416,Santhosh Reddy Road,Vayu Nagar,Hyderabad,Telangana
17.4009182,78.3771952,Golden temple road,Secretariat Employees Colony,Hyderabad,Telangana
17.3003796,78.4194503,Flyover,Gagan Pahad,Hyderabad,Telangana
17.3002967,78.4195528,Flyover,Gagan Pahad,Hyderabad,Telangana
17.3039343,78.4205934,Flyover,Gagan Pahad,Hyderabad,Telangana
17.3036141,78.4206046,Flyover,Gagan Pahad,Hyderabad,Telangana
17.5805353,78.4275899,Medak Road,Gandimaisamma,Hyderabad,Telangana
17.4069197,78.3846753,Lanco Hills Rd,Janmabhoomi Colony,Hyderabad,Telangana
17.4072781,78.3861301,Manikonda Rd,Janmabhoomi Colony,Hyderabad,Telangana
17.4215872,78.5909001,Street No 5,Sri Lakshmi Nagar Colony,Hyderabad,Telangana
17.4028977,78.5101618,Osmania University Road,Adikmet Jn,Hyderabad,Telangana
17.4129908,78.5208216,Adikmet Road,Boudha Nagar,Hyderabad,Telangana
17.4869421,78.5504277,3rd radial road,Vijayapuri,Hyderabad,Telangana
17.4713065,78.3702426,Green Hamlet Road,Izzat Nagar,Hyderabad,Telangana
17.419706,78.3479619,Wave rock road,Nanakramguda,Hyderabad,Telangana
17.4396395,78.3635149,Gachibowli - Miyapur Highway,J V Colony,Hyderabad,Telangana
17.4384394,78.363423,Outer Ring Road,Telecom Nagar,Hyderabad,Telangana
17.4392199,78.3636581,Gachibowli - Miyapur Highway,Telecom Nagar,Hyderabad,Telangana
17.4500491,78.3637165,Gachibowli - Miyapur Highway,Studiorigin - Interior Designer in Hyderabad,Hyderabad,Telangana
17.4508261,78.3635819,Gachibowli - Miyapur Highway,Studiorigin - Interior Designer in Hyderabad,Hyderabad,Telangana
17.4516152,78.3635109,Gachibowli - Miyapur Highway,Studiorigin - Interior Designer in Hyderabad,Hyderabad,Telangana
17.452724,78.363506,Gachibowli - Miyapur Highway,Studiorigin - Interior Designer in Hyderabad,Hyderabad,Telangana
17.4551662,78.3637188,Gachibowli - Miyapur Highway,Whitefields,Hyderabad,Telangana
17.4555289,78.3638502,Gachibowli - Miyapur Highway,Whitefields,Hyderabad,Telangana
17.4531141,78.3637561,Kothaguda-Kondapur Flyover,Studiorigin - Interior Designer in Hyderabad,Hyderabad,Telangana
17.4575072,78.3652812,Kothaguda-Kondapur Flyover,Kothaguda,Hyderabad,Telangana
17.458648,78.3671368,Hitec City - Kondapur Main Road,jubilee gardens,Hyderabad,Telangana
17.4572594,78.3651676,Kothaguda Underpass,Kothaguda,Hyderabad,Telangana
17.4565391,78.3647671,Gachibowli - Miyapur Highway,Kothaguda,Hyderabad,Telangana
17.4562589,78.3646384,Gachibowli - Miyapur Highway,Whitefields,Hyderabad,Telangana
17.4550578,78.36399,Gachibowli - Miyapur Highway,Whitefields,Hyderabad,Telangana
17.4539852,78.363852,Gachibowli - Miyapur Highway,Whitefields,Hyderabad,Telangana
17.4582407,78.3702887,Hitec City - Kondapur Main Road,jubilee gardens,Hyderabad,Telangana
17.4588159,78.3671451,Hitec City - Kondapur Main Road,jubilee gardens,Hyderabad,Telangana
17.4127733,78.3378408,District 1 Entry,Financial District,Hyderabad,Telangana
17.4127202,78.3379766,District 1 Exit,Financial District,Hyderabad,Telangana
17.4128999,78.3380032,District 1 Exit,Financial District,Hyderabad,Telangana
17.4744168,78.5133759,RA Lines Road,Karkhana,Hyderabad,Telangana
17.4004526,78.4520481,Zafar Marg,Vijay Nagar Colony,Hyderabad,Telangana
17.3347041,78.3765296,Kismatpur Road,HMBS Colony,Hyderabad,Telangana
17.3348643,78.3813928,Kismatpur Road,Sai Baba nagar colony,Hyderabad,Telangana
17.4377914,78.3629788,Outer Ring Road,Telecom Nagar,Hyderabad,Telangana
17.438089,78.3631927,Outer Ring Road,Telecom Nagar,Hyderabad,Telangana
17.5536131,78.4931419,Nizamabad Road,Turkapalli,Hyderabad,Telangana
17.5449971,78.4920094,Nizamabad Road,Brindavan Colony,Hyderabad,Telangana
17.4152604,78.4381283,Banjara Hills Road Number 11,Banjara Hills,Hyderabad,Telangana
17.5491064,78.4931256,Nizamabad Road,Turkapalli,Hyderabad,Telangana
17.5442918,78.4916774,Nizamabad Road,Brindavan Colony,Hyderabad,Telangana
17.5495952,78.4931144,Nizamabad Road,Turkapalli,Hyderabad,Telangana
17.4854866,78.3565409,Manjeera Pipeline Road,Vinayak Nagar Colony,Hyderabad,Telangana
17.488128,78.3499498,Vishali Nagar Road,Ushodaya Enclave,Hyderabad,Telangana
17.4848242,78.3201947,Lingampalli Station Road,Adarsh Nagar,Hyderabad,Telangana
17.4852009,78.3204152,Old Bombay Road,Adarsh Nagar,Hyderabad,Telangana
17.4849936,78.320422,Old Bombay Road,Adarsh Nagar,Hyderabad,Telangana
17.5113698,78.3014803,Beeramguda Main Road,Shirdi Sai Colony,Hyderabad,Telangana
17.5109246,78.3012086,Beeramguda Main Road,Beeramguda Junction,Hyderabad,Telangana
17.496389,78.3809748,Plot no.40/P Driveway,APHB Colony,Hyderabad,Telangana
17.4326688,78.3877572,walking bridge,Kavuri Hills,Hyderabad,Telangana
17.4325804,78.3876949,walking bridge,Kavuri Hills,Hyderabad,Telangana
17.4327631,78.3878238,walking bridge,Kavuri Hills,Hyderabad,Telangana
17.4975607,78.3347971,PJR Layout Main Road,Sri Ram Nagar Colony,Hyderabad,Telangana
17.4254047,78.395769,Road Number 52,BN Reddy Colony,Hyderabad,Telangana
17.4253209,78.3957571,Road Number 52,BN Reddy Colony,Hyderabad,Telangana
17.426217,78.3990615,Road Number 52,Silent Valley Hills,Hyderabad,Telangana
17.426252,78.3990532,Road Number 52,Silent Valley Hills,Hyderabad,Telangana
17.4423538,78.3952704,100 Feet Road,Madhapur,Hyderabad,Telangana
17.4427484,78.3948875,100 Feet Road,Madhapur,Hyderabad,Telangana
17.4683076,78.3311364,Masibanda Link,Sudarshan Nagar Colony,Hyderabad,Telangana
17.4682971,78.3311956,Old Bombay Road,Sudarshan Nagar Colony,Hyderabad,Telangana
17.4883243,78.3819231,KPHB 9th Phase Road,Phase 9,Hyderabad,Telangana
17.400514,78.4699986,Sardar Vallabhai Patel Chowk,Ravindra Bharathi Jn,Hyderabad,Telangana
17.5238509,78.3438352,Road Number 7,Vani Enclave,Hyderabad,Telangana
17.4258753,78.3789037,Dallas centre road,Madhura Nagar Colony,Hyderabad,Telangana
17.4513076,78.3696034,Cross Street 1,Whitefields,Hyderabad,Telangana
17.436865,78.577392,BEL Road,Padmavathi Colony,Hyderabad,Telangana
17.4376936,78.5793344,BEL Road,Mallapur,Hyderabad,Telangana
17.4515208,78.380901,HITEC City Road,HITEC City,Hyderabad,Telangana
17.4211191,78.4105704,Road Number 70,Journalist Colony,Hyderabad,Telangana
17.4211879,78.4105439,Road Number 70,Journalist Colony,Hyderabad,Telangana
17.4212903,78.4107951,Road No 1,Journalist Colony,Hyderabad,Telangana
17.4886915,78.3825059,Vasanth Nagar Main Road,Phase 9,Hyderabad,Telangana
17.4900138,78.3829775,Vasanth Nagar Main Road,Phase 9,Hyderabad,Telangana
17.4912431,78.3836346,Vasanth Nagar Main Road,Phase 9,Hyderabad,Telangana
17.4897615,78.3829353,Vasanth Nagar Main Road,Phase 9,Hyderabad,Telangana
17.4942553,78.3863576,Vasanth Nagar Main Road,Vasanth Nagar,Hyderabad,Telangana
17.4936377,78.3857811,Vasanth Nagar Main Road,Vasanth Nagar,Hyderabad,Telangana
17.4084663,78.4714441,NTR Marg,Adarsh Nagar,Hyderabad,Telangana
17.4039764,78.3701488,Street Number 3,Manikonda,Hyderabad,Telangana
17.4044376,78.3707934,Street No 1,Manikonda,Hyderabad,Telangana
17.4697413,78.3473354,Luxor Avenue,Gouthami Colony,Hyderabad,Telangana
17.416137,78.3775176,Hig towers,Manikonda,Hyderabad,Telangana
17.4157803,78.3777657,Chitrapuri villas,Manikonda,Hyderabad,Telangana
17.483919,78.3729961,Road Number 5B,Venkata Ramana Colony,Hyderabad,Telangana
17.4387849,78.363845,Gachibowl Circle,Telecom Nagar,Hyderabad,Telangana
17.4385687,78.3638212,Gachibowl Circle,Telecom Nagar,Hyderabad,Telangana
17.438737,78.363621,Gachibowl Circle,Telecom Nagar,Hyderabad,Telangana
17.4365473,78.3663935,Old Bombay Road,Telecom Nagar,Hyderabad,Telangana
17.4872824,78.3243979,Lingampally-Huda Colony Road,Sivaji Nagar,Hyderabad,Telangana
17.4949876,78.3323141,MMTS Road,Sri Ram Nagar Colony,Hyderabad,Telangana
17.396343,78.4426901,Golkonda Road,Humayun Nagar,Hyderabad,Telangana
17.4434083,78.4889343,Sardar Patel Road,Viman Nagar,Hyderabad,Telangana
17.4433982,78.487704,Sardar Patel Road,Viman Nagar,Hyderabad,Telangana
17.4434597,78.4875174,بریگیڈیئر سعید روڈ,Viman Nagar,Hyderabad,Telangana
17.3863908,78.4390391,Asif Nagar - Murad Nagar - Gudi Malkapur road,Gudimalkapur,Hyderabad,Telangana
17.3867666,78.4419278,Priya Colony,Murad Nagar,Hyderabad,Telangana
17.3863417,78.4419927,Priya Colony,Murad Nagar,Hyderabad,Telangana
17.4991718,78.4767154,NH 44,Ramaraju Nagar,Hyderabad,Telangana
17.4875458,78.4100356,Kukkatpally Main Road - Mumbai Highway,Sumitra Nagar,Hyderabad,Telangana
17.4867994,78.4103363,Kukkatpally Main Road - Mumbai Highway,Sumitra Nagar,Hyderabad,Telangana
17.3156475,78.4532066,Inner Ring Road,Vinayak Nagar,Hyderabad,Telangana
17.3573372,78.4236059,Inner Ring Road,Upperpally,Hyderabad,Telangana
17.4751106,78.3800222,Hafeezpet to KPHB Road,Venkata Ramana Colony,Hyderabad,Telangana
17.4748595,78.3777191,Hafeezpet to KPHB Road,Khanmet,Hyderabad,Telangana
17.3559074,78.4225534,HH Fortune driveway,Upperpally,Hyderabad,Telangana
17.3555377,78.422153,Hyderguda road,Upperpally,Hyderabad,Telangana
17.3618959,78.5574836,Inner Ring Road,Chanakyapuri,Hyderabad,Telangana
17.3619373,78.5573443,Inner Ring Road,Chanakyapuri,Hyderabad,Telangana
17.3496633,78.5533192,Inner Ring Road,Bhoolaxmi Colony,Hyderabad,Telangana
17.3477634,78.5521145,Inner Ring Road,Bhoolaxmi Colony,Hyderabad,Telangana
17.3515532,78.5546559,LB Nagar - Uppal Road,RTC Colony,Hyderabad,Telangana
17.3530261,78.5564331,Mansoorabad Road,RTC Colony,Hyderabad,Telangana
17.352792,78.5544578,Siris Road,RTC Colony,Hyderabad,Telangana
17.4559658,78.3766669,Jubilee Enclave Road,Kondapur,Hyderabad,Telangana
17.3918859,78.5590212,SuryaNagar Colony Road,Saraswati Colony,Hyderabad,Telangana
17.3412035,78.5597748,Chintalkunta Underpass,Agamaiah Nagar,Hyderabad,Telangana
17.3419221,78.5541723,Chintalkunta Underpass,Omkar Nagar,Hyderabad,Telangana
17.4301331,78.42536,road no 2,Krishna Nagar,Hyderabad,Telangana
17.3736615,78.4772077,Mumbai Highway,Afzalgunj,Hyderabad,Telangana
17.5056144,78.3867208,Nizampet Road,Brindavan Colony,Hyderabad,Telangana
17.410494,78.4650496,Khairatabad Market Road,Khairatabad,Hyderabad,Telangana
17.4106848,78.4665188,Mint Road,Iqbal Minar Jn,Hyderabad,Telangana
17.410545,78.4651972,Khairatabad Market Road,Khairatabad,Hyderabad,Telangana
17.3525912,78.3743667,Chavella road,Vikas Nagar,Hyderabad,Telangana
17.3482437,78.5203749,Singareni Colony Main Road,Mallareddy Nagar,Hyderabad,Telangana
17.3162629,78.4499152,Inner Ring Road,Vinayak Nagar,Hyderabad,Telangana
17.3159353,78.4489033,Inner Ring Road,Vinayak Nagar,Hyderabad,Telangana
17.3159848,78.4490244,Inner Ring Road,Vinayak Nagar,Hyderabad,Telangana
17.3125129,78.4485439,Airport Road,Durga Nagar,Hyderabad,Telangana
17.5055025,78.3945805,High Tension Line Road,HMT Hills,Hyderabad,Telangana
17.5056977,78.4671084,Quthubullapur Main Road,Marri Narayana Reddy Nagar,Hyderabad,Telangana
17.5077174,78.4640224,Quthubullapur Main Road,Jayaram Nagar,Hyderabad,Telangana
17.5067016,78.4662532,Quthubullapur Main Road,Marri Narayana Reddy Nagar,Hyderabad,Telangana
17.5040419,78.4683704,Quthubullapur Main Road,Marri Narayana Reddy Nagar,Hyderabad,Telangana
17.5013179,78.4721381,Quthubullapur Main Road,Vennalagadda,Hyderabad,Telangana
17.3461006,78.5216353,Bairamalguda Road,APSRTC OFFICERS COLONY,Hyderabad,Telangana
17.3449025,78.5285683,Bairamalguda Road,Raghavendra Nagar,Hyderabad,Telangana
17.3465026,78.5251748,Road Number 1A,Press Colony,Hyderabad,Telangana
17.4463874,78.3745512,HITEC City–Madhapur Road,HITEC City,Hyderabad,Telangana
17.4363405,78.5051408,St Johns Road,Chilkalguda,Hyderabad,Telangana
17.4380285,78.5047608,St Johns Road,Chilkalguda,Hyderabad,Telangana
17.4388977,78.5048868,St Johns Road,Chilkalguda,Hyderabad,Telangana
17.4399903,78.5052984,St Johns Road,Nehru Nagar,Hyderabad,Telangana
17.4915981,78.3839562,Vasanth Nagar Main Road,Vasanth Nagar,Hyderabad,Telangana
17.491953,78.3842691,Vasanth Nagar Main Road,Vasanth Nagar,Hyderabad,Telangana
17.4909173,78.3833688,Vasanth Nagar Main Road,Phase 9,Hyderabad,Telangana
17.4905311,78.3831667,Vasanth Nagar Main Road,Phase 9,Hyderabad,Telangana
17.4894671,78.3827811,Vasanth Nagar Main Road,Phase 9,Hyderabad,Telangana
17.4879155,78.3826818,KPHB 9th Phase Road,Phase 9,Hyderabad,Telangana
17.4875713,78.3835859,KPHB 9th Phase Road,Phase 9,Hyderabad,Telangana
17.49935,78.4004739,Jal Vayu Vihar Road,Satavahana Nagar,Hyderabad,Telangana
17.441196,78.501933,Sarojini Devi Road,Nehru Nagar,Hyderabad,Telangana
17.4913715,78.3852847,KPHB 6th Phase Road,Vasanth Nagar,Hyderabad,Telangana
17.4047878,78.5870283,Hyderabad-Janagam Highway,Boudha Nagar,Hyderabad,Telangana
17.4051608,78.5885562,Hyderabad-Janagam Highway,Boudha Nagar,Hyderabad,Telangana
17.4054266,78.5869554,Boduppal Road,Boudha Nagar,Hyderabad,Telangana
17.496197,78.4130995,Vivekananda Nagar Road,eenadu colony,Hyderabad,Telangana
17.4915928,78.4084799,Vivekananda Nagar Road,Chaitanya Nagar,Hyderabad,Telangana
17.4421769,78.4402812,Vengal Rao Nagar Road,Madhura Nagar,Hyderabad,Telangana
17.4439829,78.4342683,Vengal Rao Nagar Road,Vengal Rao Nagar,Hyderabad,Telangana
17.4993264,78.4019478,HMT Sathavahana Nagar Access Road,Satavahana Nagar,Hyderabad,Telangana
17.5031665,78.4002897,Bhagyanagar Hills Road,Satavahana Nagar,Hyderabad,Telangana
17.4047644,78.5047062,VST Main Road,Azamabad X Roads,Hyderabad,Telangana
17.4036511,78.5055152,RTC X Road,Azamabad X Roads,Hyderabad,Telangana
17.4039406,78.5044151,VST Main Road,Azamabad X Roads,Hyderabad,Telangana
17.4048381,78.5047692,VST Main Road,Azamabad X Roads,Hyderabad,Telangana
17.3387473,78.5225249,badangpet-almasguda road,New Maruthi Nagar,Hyderabad,Telangana
17.3360427,78.5262311,badangpet-almasguda road,Om Nagar,Hyderabad,Telangana
17.3666174,78.541309,Vijaywada Highway,Laxmi Nagar Colony,Hyderabad,Telangana
17.4486791,78.4497803,Balkampet road,Suprabhat Colony,Hyderabad,Telangana
17.3207575,78.5608793,Vanasthalipuram Road,BN Reddy Nagar,Hyderabad,Telangana
17.320717,78.5608132,Vanasthalipuram Road,BN Reddy Nagar,Hyderabad,Telangana
17.4421442,78.4771004,Patigadda Road,Sindhi Colony,Hyderabad,Telangana
17.3478433,78.5499251,LB Nagar Service Road,LB Nagar,Hyderabad,Telangana
17.4851636,78.3811846,13th Phase Road,KPHB Colony 9th Phase,Hyderabad,Telangana
17.4125225,78.478187,Lower Tank Bund Road,Kattamaisamma Junction,Hyderabad,Telangana
17.4127018,78.4782756,Indira Park Road,Kattamaisamma Junction,Hyderabad,Telangana
17.4134952,78.339106,Residents Parking Entry,Financial District,Hyderabad,Telangana
17.4134899,78.3391371,Visitor Parking Entry,Financial District,Hyderabad,Telangana
17.4133531,78.3391065,Parking Entry,Financial District,Hyderabad,Telangana
17.4931898,78.3160589,Old Bombay Road,Taranagar,Hyderabad,Telangana
17.4027332,78.5212242,Lane B,DD Colony,Hyderabad,Telangana
17.4223013,78.5083872,Padmarao Nagar Road,Srinivasa Nagar,Hyderabad,Telangana
17.476909,78.4767125,Road Number 3,Nandamuri Nagar,Hyderabad,Telangana
17.341819,78.5464903,Inner Ring Road,Bairamalguda,Hyderabad,Telangana
17.406503,78.5748032,street no. 8,Sri Sri Nagar Colony,Hyderabad,Telangana
17.4436627,78.367678,Mindspace road,J V Colony,Hyderabad,Telangana
17.4252409,78.5694621,Road No 2,Ganesh Colony,Hyderabad,Telangana
17.427524,78.5702589,Road No 2,Ganesh Colony,Hyderabad,Telangana
17.5428969,78.4915022,Bolarum to Kompally Road,Brindavan Colony,Hyderabad,Telangana
17.4734343,78.5640244,Mahesh Nagar Road,Green Hills Colony,Hyderabad,Telangana
17.3493848,78.5485416,LB Nagar Service Road,LB Nagar,Hyderabad,Telangana
17.3476346,78.5497104,Vijaywada Highway,LB Nagar,Hyderabad,Telangana
17.3505205,78.547636,Vijaywada Highway,LB Nagar,Hyderabad,Telangana
17.3531375,78.546272,Vijaywada Highway,NTR Nagar,Hyderabad,Telangana
17.3595697,78.5447366,LB Nagar Service Road,Dwarkapuri,Hyderabad,Telangana
17.4392802,78.5809311,BEL Road,Mallapur,Hyderabad,Telangana
17.4378527,78.5795673,BEL Road,Mallapur,Hyderabad,Telangana
17.4448972,78.5801036,Gulmohar Gardens Annexe Road,Chandrapuri Colony,Hyderabad,Telangana
17.4164593,78.3762075,Hig lower tower roads,Manikonda,Hyderabad,Telangana
17.4201788,78.3760161,Naga Hills Road,Madhura Nagar Colony,Hyderabad,Telangana
17.482205,78.5644184,Varun Enclave,Bhavani Nagar,Hyderabad,Telangana
17.4972485,78.5974805,Balaji Nagar Road,Dammaiguda,Hyderabad,Telangana
17.4697188,78.3456635,Luxor Avenue,Masjid Banda,Hyderabad,Telangana
17.4534448,78.3671876,Whitefields Road,Whitefields,Hyderabad,Telangana
17.4546999,78.3676325,"Alluri Meadows, Road No:1",Whitefields,Hyderabad,Telangana
17.4831632,78.3487756,Vishali Nagar Road,Vishal Nagar,Hyderabad,Telangana
17.4767284,78.3851097,Indu Main Road,APHB Colony,Hyderabad,Telangana
17.4906122,78.3546539,Bhanu Township Rd,Janapriya Nagar,Hyderabad,Telangana
17.4918073,78.3543128,Prajay City Main Road,Janapriya Nagar,Hyderabad,Telangana
17.4514998,78.3711203,N Heights road,Whitefields,Hyderabad,Telangana
17.5086006,78.3136727,Road Number 2,Venkata Ramana Colony,Hyderabad,Telangana
17.4916274,78.3555841,Bhanu Township Rd,Janapriya Nagar,Hyderabad,Telangana
17.4919411,78.3559139,Bhanu Township Rd,Janapriya Nagar,Hyderabad,Telangana
17.4908086,78.3550081,Bhanu Township Rd,Janapriya Nagar,Hyderabad,Telangana
17.4922995,78.3562904,Bhanu Township Rd,Janapriya Nagar,Hyderabad,Telangana
17.4914802,78.3557304,Bhanu Township Rd,Janapriya Nagar,Hyderabad,Telangana
17.5201846,78.3485603,dr.reddy colony,Swarnapuri Colony,Hyderabad,Telangana
17.3700003,78.404106,Chavella road,Sairam Nagar colony,Hyderabad,Telangana
17.3655722,78.4210486,Janapriya Utopia road,Radha Krishna Nagar,Hyderabad,Telangana
17.3812191,78.4689755,Troop Bazar Rd,Goshamahal,Hyderabad,Telangana
17.3515329,78.521598,Singareni Colony Main Road,Mallareddy Nagar,Hyderabad,Telangana
17.3517798,78.521609,Singareni Colony Main Road,Mallareddy Nagar,Hyderabad,Telangana
17.3520114,78.521614,Singareni Colony Main Road,Mallareddy Nagar,Hyderabad,Telangana
17.3913191,78.4649702,Jamia Masjid Road,Nampally,Hyderabad,Telangana
17.3911147,78.4666062,Dargah Road,Nampally,Hyderabad,Telangana
17.3914707,78.465569,Jamia Masjid Road,Nampally,Hyderabad,Telangana
17.400914,78.475584,Basheerbagh road,Basheerbagh Jn,Hyderabad,Telangana
17.3878218,78.5111091,Zinda Tilismath Road,Zinda Tilismath Nagar,Hyderabad,Telangana
17.522471,78.4292023,Chandragiri nagar,Prakasam Pantulu Nagar,Hyderabad,Telangana
17.5209113,78.4318272,Gajularamaram Road,Roda Mestry Nagar,Hyderabad,Telangana
17.3361702,78.5788929,Vijaywada Highway,Sai Nagar,Hyderabad,Telangana
17.3318419,78.4899109,Inner Ring Road,Phool Bagh,Hyderabad,Telangana
17.4001684,78.5546576,Areksoft Technologies Road,Survey Colony,Hyderabad,Telangana
17.3975152,78.5546164,Areksoft Technologies Road,Survey Colony,Hyderabad,Telangana
17.3990268,78.554649,Areksoft Technologies Road,Survey Colony,Hyderabad,Telangana
17.4338627,78.437526,law college road,Padala Ramareddy Colony,Hyderabad,Telangana
17.4334675,78.4389614,law college road,Yellareddyguda,Hyderabad,Telangana
17.38758,78.5110862,Zinda Tilismath Road,Zinda Tilismath Nagar,Hyderabad,Telangana
17.3913413,78.5119571,Amberpet Main Road,Qadri Bagh,Hyderabad,Telangana
17.3184081,78.6539509,Vijaywada Highway,Surya Vamshi Garden City,Hyderabad,Telangana
17.3190525,78.6514493,Vijaywada Highway,Surya Vamshi Garden City,Hyderabad,Telangana
17.4589537,78.3661108,Hitec City - Kondapur Main Road,Kothaguda,Hyderabad,Telangana
17.4350288,78.5055073,Regimental Bazar Main Road,Chilkalguda,Hyderabad,Telangana
17.4350787,78.5055541,St Johns Road,Chilkalguda,Hyderabad,Telangana
17.4348942,78.5055756,St Johns Road,Chilkalguda,Hyderabad,Telangana
17.434516,78.5058116,St Johns Road Underpass,Chilkalguda,Hyderabad,Telangana
17.372604,78.4054428,Chavella road,Saleh Nagar,Hyderabad,Telangana
17.3849523,78.486161,Koti Women's College Road,Sultan Bazar,Hyderabad,Telangana
17.3391738,78.5433228,Bairamalguda Flyover,Reddy Nagar,Hyderabad,Telangana
17.3447928,78.5491683,Inner Ring Road,Vivekananda Nagar,Hyderabad,Telangana
17.3457775,78.5501916,LB Nagar Underpass,Vivekananda Nagar,Hyderabad,Telangana
17.346514,78.5509161,LB Nagar Underpass,Bhoolaxmi Colony,Hyderabad,Telangana
17.3477052,78.5518619,LB Nagar Underpass,Bhoolaxmi Colony,Hyderabad,Telangana
17.3488628,78.5527104,LB Nagar Underpass,Bhoolaxmi Colony,Hyderabad,Telangana
17.3586251,78.5573328,Kamineni Flyover,Nagarjuna Nagar,Hyderabad,Telangana
17.3585628,78.5574481,Kamineni Flyover,Nagarjuna Nagar,Hyderabad,Telangana
17.3495871,78.5534659,Inner Ring Road,Bhoolaxmi Colony,Hyderabad,Telangana
17.3487814,78.552839,LB Nagar Underpass,Bhoolaxmi Colony,Hyderabad,Telangana
17.3476391,78.5519579,LB Nagar Underpass,Bhoolaxmi Colony,Hyderabad,Telangana
17.3464358,78.5510132,LB Nagar Underpass,Bhoolaxmi Colony,Hyderabad,Telangana
17.3456932,78.5502846,LB Nagar Underpass,Vivekananda Nagar,Hyderabad,Telangana
17.3450085,78.5495705,LB Nagar Underpass,Vivekananda Nagar,Hyderabad,Telangana
17.3387279,78.5420971,Bairamalguda Flyover,Saiprakash nagar,Hyderabad,Telangana
17.3384438,78.5417361,Flyover,Saiprakash nagar,Hyderabad,Telangana
17.3398934,78.5437674,Flyover,Reddy Nagar,Hyderabad,Telangana
17.3416704,78.5490891,Flyover,Reddy Nagar,Hyderabad,Telangana
17.3415854,78.5517031,Flyover,Vivekananda Nagar,Hyderabad,Telangana
17.3417335,78.552831,Flyover,Omkar Nagar,Hyderabad,Telangana
17.3408053,78.5479101,Flyover,Reddy Nagar,Hyderabad,Telangana
17.3392118,78.5485865,Flyover,Reddy Nagar,Hyderabad,Telangana
17.3385994,78.5488862,Flyover,Narayana Reddy Nagar,Hyderabad,Telangana
17.3420294,78.5455482,Flyover,Bairamalguda,Hyderabad,Telangana
17.3415621,78.5466847,Flyover,Reddy Nagar,Hyderabad,Telangana
17.3452087,78.5527178,Vijaywada Highway,Bhoolaxmi Colony,Hyderabad,Telangana
17.344172,78.5542449,Vijayavada Highway Flyover,Bhoolaxmi Colony,Hyderabad,Telangana
17.3447743,78.5533005,Vijayavada Highway Flyover,Bhoolaxmi Colony,Hyderabad,Telangana
17.3464693,78.5509838,Vijayavada Highway Flyover,Bhoolaxmi Colony,Hyderabad,Telangana
17.3481527,78.5490721,Vijayavada Highway Flyover,LB Nagar,Hyderabad,Telangana
17.3489892,78.548455,Vijaywada Highway,LB Nagar,Hyderabad,Telangana
17.3761815,78.4294427,Inner Ring Road,Moghal Nagar,Hyderabad,Telangana
17.343045,78.5432076,Bairamalguda Road,Vijaynagar Colony,Hyderabad,Telangana
17.4952089,78.3171185,Chandanagar - RC Puram BHEL Rd Mumbai Highway,Taranagar,Hyderabad,Telangana
17.3786153,78.4822728,Mumbai Highway,Imlibun,Hyderabad,Telangana
17.3381691,78.5408758,Flyover,Saiprakash nagar,Hyderabad,Telangana
17.4952526,78.3180649,RC Puram BHEL - Beeramguda Rd Mumbai Highway,Taranagar,Hyderabad,Telangana
17.4952655,78.3177041,RC Puram BHEL - Beeramguda Rd Mumbai Highway,Taranagar,Hyderabad,Telangana
17.3380979,78.540691,Inner Ring Road,Saiprakash nagar,Hyderabad,Telangana
17.3420011,78.5468273,Flyover,Bairamalguda,Hyderabad,Telangana
17.3416064,78.5457217,Flyover,Bairamalguda,Hyderabad,Telangana
17.4031886,78.457508,AC Guards Rd,Lakdi-ka-pul,Hyderabad,Telangana
17.3424411,78.5459727,Flyover,Bairamalguda,Hyderabad,Telangana
17.3631807,78.5433724,Vijaywada Highway,Margadarsi Colony,Hyderabad,Telangana
17.3646589,78.5429709,Vijaywada Highway,Margadarsi Colony,Hyderabad,Telangana
17.35991,78.4743239,Charminar Road,Moghalpura,Hyderabad,Telangana
17.35992,78.4742388,Charminar Road,Moghalpura,Hyderabad,Telangana
17.3608243,78.4797125,Darul Shifa Road,Alijah Kotla,Hyderabad,Telangana
17.3533412,78.5461277,Vijaywada Highway,NTR Nagar,Hyderabad,Telangana
17.350916,78.547077,Vijaywada Highway,Bahadurguda,Hyderabad,Telangana
17.4505601,78.4042773,Madhapur - Borabanda Road,Guttala Begumpet,Hyderabad,Telangana
17.3625656,78.4800763,Darul Shifa Road,Panjeshah,Hyderabad,Telangana
17.3624503,78.4800553,Darul Shifa Road,Panjeshah,Hyderabad,Telangana
17.3603656,78.479618,Darul Shifa Road,Alijah Kotla,Hyderabad,Telangana
17.4189432,78.5413816,street no 1,Habsiguda x Roads,Hyderabad,Telangana
17.3324513,78.409515,Rajendra nagar road,Budvel,Hyderabad,Telangana
17.3234056,78.4028435,Rajendra nagar road,Rajendra Nagar,Hyderabad,Telangana
17.3933464,78.4761417,Abids Road,SBH Gun Foundry Jn,Hyderabad,Telangana
17.3934244,78.4761692,Fateh Sultan Road,SBH Gun Foundry Jn,Hyderabad,Telangana
17.481577,78.3938408,KPHB 6th Phase Road,Phase 5,Hyderabad,Telangana
17.4782545,78.3948027,KPHB 6th Phase Road,Phase 7,Hyderabad,Telangana
17.383814,78.4751957,Mukharam Jahi Road,Jambagh,Hyderabad,Telangana
17.5464469,78.4668382,Shapur Road,Doolapally,Hyderabad,Telangana
17.369202,78.5390942,New Nagole Main Road,Laxmi Nagar Colony,Hyderabad,Telangana
17.3914284,78.5119437,Amberpet Main Road,Qadri Bagh,Hyderabad,Telangana
17.4112456,78.4771324,Telugu Talli Flyover,Kattamaisamma Junction,Hyderabad,Telangana
17.411198,78.4771845,Telugu Talli Flyover,Kattamaisamma Junction,Hyderabad,Telangana
17.3950052,78.3524973,Healthway,Narsingi,Hyderabad,Telangana
17.3922048,78.3523581,Healthway,Narsingi,Hyderabad,Telangana
17.3974995,78.3526829,Healthway,Narsingi,Hyderabad,Telangana
17.3506543,78.3618237,Healthway,Himayath Sagar,Hyderabad,Telangana
17.3835373,78.3512601,Service Road,Manchirevula,Hyderabad,Telangana
17.3849407,78.3526734,Service Road,Manchirevula,Hyderabad,Telangana
17.3835544,78.3511735,Service Road,Manchirevula,Hyderabad,Telangana
17.3526204,78.3590187,Healthway,Himayath Sagar,Hyderabad,Telangana
17.3544703,78.3579815,Healthway,Himayath Sagar,Hyderabad,Telangana
17.3636399,78.3537475,Healthway,Manchirevula,Hyderabad,Telangana
17.3728022,78.349564,Healthway,Manchirevula,Hyderabad,Telangana
17.3778969,78.3500601,Healthway,Manchirevula,Hyderabad,Telangana
17.3829019,78.3509381,Healthway,Manchirevula,Hyderabad,Telangana
17.4182793,78.3569795,Healthway,Khajaguda,Hyderabad,Telangana
17.4172457,78.3565167,Healthway,Khajaguda,Hyderabad,Telangana
17.4074909,78.3543168,Healthway,Khajaguda,Hyderabad,Telangana
17.4039436,78.3536378,Healthway,Narsingi,Hyderabad,Telangana
17.400126,78.3528456,Healthway,Narsingi,Hyderabad,Telangana
17.4047798,78.2990336,Kanchi Gachibowli Road,Khanapur,Hyderabad,Telangana
17.4131927,78.3008489,Healthway,Khanapur,Hyderabad,Telangana
17.4127152,78.3096889,Healthway,Khanapur,Hyderabad,Telangana
17.4123244,78.3144985,Healthway,Shanthi Nagar,Hyderabad,Telangana
17.4130978,78.3048835,Healthway,Khanapur,Hyderabad,Telangana
17.4121649,78.3154711,Healthway,Shanthi Nagar,Hyderabad,Telangana
17.411949,78.3166158,Healthway,Shanthi Nagar,Hyderabad,Telangana
17.4099491,78.3233783,Healthway,Shanthi Nagar,Hyderabad,Telangana
17.400934,78.3440748,Healthway,Kokapet,Hyderabad,Telangana
17.3735084,78.5021807,Vijaywada Highway,MCH Colony,Hyderabad,Telangana
17.3682658,78.5383413,New Nagole Main Road,Laxmi Nagar Colony,Hyderabad,Telangana
17.3738436,78.4293141,Inner Ring Road,Moghal Nagar,Hyderabad,Telangana
17.4415267,78.3734803,Mindspace road,Telecom Nagar,Hyderabad,Telangana
17.4417426,78.3732408,Mindspace road,Telecom Nagar,Hyderabad,Telangana
17.3093611,78.5241657,Badangpet Road,Beemidi Colony,Hyderabad,Telangana
17.3118215,78.5231234,Badangpet Road,Udyog Nagar,Hyderabad,Telangana
17.3145464,78.5228339,Badangpet Road,Udyog Nagar,Hyderabad,Telangana
17.3186617,78.5198559,Badangpet Road,Udyog Nagar,Hyderabad,Telangana
17.3172432,78.5211005,Badangpet Road,Udyog Nagar,Hyderabad,Telangana
17.4123209,78.4780316,Lower Tank Bund Road,Kattamaisamma Junction,Hyderabad,Telangana
17.4127661,78.478276,Lower Tank Bund Road,Kattamaisamma Junction,Hyderabad,Telangana
17.4445073,78.35901,JV Colony main road,J V Colony,Hyderabad,Telangana
17.4438539,78.3674305,Mindspace road,J V Colony,Hyderabad,Telangana
17.3903193,78.3530171,Service Road,Narsingi,Hyderabad,Telangana
17.4964402,78.4201717,Kukatpally-Jagathgiri Gutta Road,Saptagiri Colony,Hyderabad,Telangana
17.4280957,78.4060137,Road number 54,Nandagiri Hills,Hyderabad,Telangana
17.4306,78.4075702,Road number 54,Jubilee Hills,Hyderabad,Telangana
17.4269479,78.4083557,Road number 56,Nandagiri Hills,Hyderabad,Telangana
17.4358338,78.3012045,Kanchi Gachibowli Road,Gowlidoddi,Hyderabad,Telangana
17.4054025,78.511459,Adikmet Main Road,Adikmet Jn,Hyderabad,Telangana
17.4552714,78.5354669,Malkajgiri Road,R.K. Nagar,Hyderabad,Telangana
17.4078799,78.469542,Telugu Talli Flyover,Iqbal Minar Jn,Hyderabad,Telangana
17.4077871,78.4695454,Telugu Talli Flyover,Iqbal Minar Jn,Hyderabad,Telangana
17.3491748,78.5482033,SBH Road,LB Nagar,Hyderabad,Telangana
17.3358669,78.5814093,Vijaywada Highway,Sai Nagar,Hyderabad,Telangana
17.4019222,78.4601014,Central Water Commission,AC Guards,Hyderabad,Telangana
17.4017381,78.4640689,FTAPCCI Marg,Red Hills,Hyderabad,Telangana
17.4834649,78.3496682,Nanne Estate Road,Vishal Nagar,Hyderabad,Telangana
17.4828928,78.3497152,Nanne Estate Road,Vishal Nagar,Hyderabad,Telangana
17.4004967,78.4649457,FTAPCCI Marg,Red Hills,Hyderabad,Telangana
17.3685101,78.5273835,Vijaywada Highway,Durga Nagar,Hyderabad,Telangana
17.4375329,78.499859,Regimental Bazar Main Road,Patny,Hyderabad,Telangana
17.3372525,78.4668211,TGSRTC Falaknuma Bus Depot Inner Road,Madina Nagar,Hyderabad,Telangana
17.4838428,78.4273058,Prashanti Nagar Industrial Road,Prashanti Nagar,Hyderabad,Telangana
17.4837324,78.4985298,"Ved Vihar, AWHO Colony",Ved Vihar AWHO,Hyderabad,Telangana
17.4837789,78.4984585,"Ved Vihar, AWHO Colony",Ved Vihar AWHO,Hyderabad,Telangana
17.377588,78.48554,TGSRTC MGBS  Bus Station Inner Road,Kali Khabr,Hyderabad,Telangana
17.4491509,78.4775284,Rasool Pura road,Rasoolpura,Hyderabad,Telangana
17.4489151,78.4776072,Rasool Pura road,Rasoolpura,Hyderabad,Telangana
17.4945745,78.3866437,Vasanth Nagar Main Road,Vasanth Nagar,Hyderabad,Telangana
17.3440104,78.5073103,Santosh Nagar Main ROad,DMRL X Roads,Hyderabad,Telangana
17.5050153,78.4024955,Sunrise Valley Street,Satavahana Nagar,Hyderabad,Telangana
17.5066972,78.4017458,PVR Sri Sai Hills Main St,Dattatreya Colony,Hyderabad,Telangana
17.4623248,78.4894887,Akbar Road,Sikh Village,Hyderabad,Telangana
17.4271905,78.5323477,Street No 5,Tarnaka Flyover;TGSRTC Hospital,Hyderabad,Telangana
17.3485016,78.5237724,road number 5,Mallareddy Nagar,Hyderabad,Telangana
17.3971552,78.4838439,Hyderguda Main Road,King Koti,Hyderabad,Telangana
17.4080037,78.4636304,Qabristan Galli,Saifabad,Hyderabad,Telangana
17.3807573,78.544512,sathya nagar,Satya Nagar Colony,Hyderabad,Telangana
17.3802606,78.5468941,sathya nagar,Satya Nagar Colony,Hyderabad,Telangana
17.3804926,78.5461898,sathya nagar,Satya Nagar Colony,Hyderabad,Telangana
17.3804732,78.5463146,sathya nagar,Satya Nagar Colony,Hyderabad,Telangana
17.3805541,78.5460087,sathya nagar,Satya Nagar Colony,Hyderabad,Telangana
17.442145,78.4875836,Mahatma Gandhi Road,Jawahar Nagar Colony,Hyderabad,Telangana
17.4421542,78.4874913,Mahatma Gandhi Road,Jawahar Nagar Colony,Hyderabad,Telangana
17.4418962,78.4869511,S.D. Road,Jawahar Nagar Colony,Hyderabad,Telangana
17.4788129,78.496169,Street 1 R,AWHO Colony,Hyderabad,Telangana
17.4049527,78.5154394,Lane B,DD Colony,Hyderabad,Telangana
17.3677424,78.4854809,Dabeerpura Nala road,Dabeerpura,Hyderabad,Telangana
17.5299129,78.3152557,Lakshmi Nivas,Narendra Nagar,Hyderabad,Telangana
17.3531466,78.5148085,road number 13,Saraswati Colony,Hyderabad,Telangana
17.407572,78.4941995,Nayini Narsimha Reddy Steel Bridge,Jawahar Nagar,Hyderabad,Telangana
17.4035599,78.5057854,Nayini Narsimha Reddy Steel Bridge,Azamabad X Roads,Hyderabad,Telangana
17.411642,78.4825656,Nayini Narsimha Reddy Steel Bridge,Indira Park Jn,Hyderabad,Telangana
17.4078011,78.4932289,Nayini Narsimha Reddy Steel Bridge,Jawahar Nagar,Hyderabad,Telangana
17.4115014,78.4824887,Nayini Narsimha Reddy Steel Bridge,Indira Park Jn,Hyderabad,Telangana
17.4040599,78.5038766,RTC X Road,Azamabad X Roads,Hyderabad,Telangana
17.4187715,78.5503849,street number 12,HMT Nagar,Hyderabad,Telangana
17.4779222,78.3495263,Gouthami Enclave,Vishal Nagar,Hyderabad,Telangana
17.4779937,78.3122619,Aparna Cyberscape,Rail Vihar,Hyderabad,Telangana
17.4507415,78.4031586,Madhapur - Borabanda Road,Guttala Begumpet,Hyderabad,Telangana
17.3510465,78.3668414,Chavella road,Himayath Sagar,Hyderabad,Telangana
17.4413529,78.500938,Sebastian Road,Patny,Hyderabad,Telangana
17.4413399,78.5008998,Sarojini Devi Road,Patny,Hyderabad,Telangana
17.4413739,78.500904,Sarojini Devi Road,Patny,Hyderabad,Telangana
17.4477175,78.492383,General Choudhuri Road,Pratap Colony,Hyderabad,Telangana
17.3021744,78.4754672,Srisailam Highway,Sadat Nagar,Hyderabad,Telangana
17.3952669,78.4860027,Narayanguda Main Road,Ramkote,Hyderabad,Telangana
17.4795286,78.5326886,Sainikpuri Road,Gandhi Nagar,Hyderabad,Telangana
17.4794871,78.5326452,All Saints Road,Gandhi Nagar,Hyderabad,Telangana
17.4794446,78.5325696,All Saints Road,Gandhi Nagar,Hyderabad,Telangana
17.4087129,78.3283115,Service Road,Financial District,Hyderabad,Telangana
17.4096027,78.3262346,Service Road,Shanthi Nagar,Hyderabad,Telangana
17.4742435,78.4261997,Prashanti Nagar Industrial Road,Sriram Nagar,Hyderabad,Telangana
17.4738711,78.4270339,Moosapet Y Junction - Balanagar Road,Sriram Nagar,Hyderabad,Telangana
17.4742587,78.4262668,Moosapet Y Junction - Balanagar Road,Sriram Nagar,Hyderabad,Telangana
17.4210954,78.3454367,Paayilis road,Nanakramguda,Hyderabad,Telangana
17.4883241,78.3494659,Manjeera Pipeline Road,Ushodaya Enclave,Hyderabad,Telangana
17.4776552,78.3495602,Gouthami Enclave,Vishal Nagar,Hyderabad,Telangana
17.4059094,78.478874,Street No.2,Basheer Bagh,Hyderabad,Telangana
17.4054068,78.4785138,Street No.2,Basheer Bagh,Hyderabad,Telangana
17.4487552,78.4419892,KLNY Rythu Market Road,Sanath Nagar,Hyderabad,Telangana
17.4554307,78.4490865,Sanath Nagar Main Road,Fateh Nagar,Hyderabad,Telangana
17.455551,78.4481238,Fatehnagar Flyover,Fateh Nagar,Hyderabad,Telangana
17.4555777,78.4481047,Sanath Nagar Main Road,Fateh Nagar,Hyderabad,Telangana
17.4660702,78.4292835,Bharath Nagar Station Road,Bharath Nagar,Hyderabad,Telangana
17.4261837,78.4381256,Banjara Hills Road Number 6,Green Valley,Hyderabad,Telangana
17.3967386,78.4539382,Zafar Marg,Vijay Nagar Colony,Hyderabad,Telangana
17.3975793,78.455143,vijaynagar colony road,Shanti Nagar,Hyderabad,Telangana
17.3938704,78.4442793,Katha Road,Humayun Nagar,Hyderabad,Telangana
17.396662,78.4958079,Narayanguda Road,Bagh Lingampally,Hyderabad,Telangana
17.4641921,78.3758858,Hitex Road,Khanmet,Hyderabad,Telangana
17.346308,78.551247,Vijaywada Highway,Bhoolaxmi Colony,Hyderabad,Telangana
17.4699235,78.4064996,Green Hills Road,Khaitalpur,Hyderabad,Telangana
17.3489846,78.5487343,Vijayavada Highway Flyover,LB Nagar,Hyderabad,Telangana
17.3484262,78.5491825,Vijayavada Highway Flyover,LB Nagar,Hyderabad,Telangana
17.4727656,78.3108737,CyberZon Approach road,Nallagandla,Hyderabad,Telangana
17.4729782,78.3123143,Cyberzon Entry road,Gulmohar Park Colony,Hyderabad,Telangana
17.4673043,78.348815,Gouthami Enclave,Gouthami Colony,Hyderabad,Telangana
17.4042732,78.5150663,Lane C,DD Colony,Hyderabad,Telangana
17.4047632,78.5152622,Shivam Road,DD Colony,Hyderabad,Telangana
17.4042346,78.5151422,Lane C,DD Colony,Hyderabad,Telangana
17.4198332,78.4478247,Road Number 1,Dwarkapuri Colony,Hyderabad,Telangana
17.4594943,78.4905774,Sikh Village Road,Wahab Nagar,Hyderabad,Telangana
17.4819881,78.3202991,Old Bombay Road,Gopi Nagar,Hyderabad,Telangana
17.4820062,78.3202492,Old Bombay Road,Gopi Nagar,Hyderabad,Telangana
17.3427219,78.5129377,APJ Abdul Kalam Flyover,Kanchan Bagh,Hyderabad,Telangana
17.3395821,78.5005833,APJ Abdul Kalam Flyover,Riyasat Nagar,Hyderabad,Telangana
17.3294845,78.4843201,Chandrayangutta Flyover,Tadla Kunta,Hyderabad,Telangana
17.3295805,78.4842804,Chandrayangutta Flyover,Tadla Kunta,Hyderabad,Telangana
17.353153,78.4534115,Flyover,Bahadurpura,Hyderabad,Telangana
17.3528118,78.4531359,Flyover,Ramnaspura,Hyderabad,Telangana
17.3598462,78.4552492,Flyover,Devi Bagh,Hyderabad,Telangana
17.3598259,78.4553219,Flyover,Devi Bagh,Hyderabad,Telangana
17.3184317,78.4278592,Flyover,Adarsh Nagar,Hyderabad,Telangana
17.3184333,78.4276757,Flyover,Adarsh Nagar,Hyderabad,Telangana
17.3112827,78.4233776,Flyover,Netaji Nagar,Hyderabad,Telangana
17.4404436,78.3754267,Mindspace Junction Flyover,Vittal Rao Nagar,Hyderabad,Telangana
17.4405797,78.3754992,Mindspace Junction Flyover,Vittal Rao Nagar,Hyderabad,Telangana
17.440883,78.3750794,Mindspace road,Vittal Rao Nagar,Hyderabad,Telangana
17.4408666,78.3746756,Mindspace road,Telecom Nagar,Hyderabad,Telangana
17.4341806,78.3841418,Inorbit Mall Road,Madhapur,Hyderabad,Telangana
17.4347845,78.3681942,Gachibowli Flyover,Telecom Nagar,Hyderabad,Telangana
17.4404217,78.3609121,Old Bombay Road,J V Colony,Hyderabad,Telangana
17.4501781,78.3795319,HITEC City Road,HITEC City,Hyderabad,Telangana
17.485392,78.3593113,Hafeezpet Flyover,Hafeezpet,Hyderabad,Telangana
17.4854414,78.3593888,Hafeezpet Flyover,Hafeezpet,Hyderabad,Telangana
17.480041,78.361091,Hafeezpet Flyover,Aditya Nagar,Hyderabad,Telangana
17.4800333,78.3610134,Hafeezpet Flyover,Aditya Nagar,Hyderabad,Telangana
17.480708,78.3897247,Hitec - Kukatpally Main Road,Phase 5,Hyderabad,Telangana
17.2981715,78.4187312,Flyover,Gagan Pahad,Hyderabad,Telangana
17.2982131,78.4188977,Flyover,Gagan Pahad,Hyderabad,Telangana
17.305376,78.4211751,Flyover,Sri Rama Nagar,Hyderabad,Telangana
17.3057254,78.4211559,Flyover,Sri Rama Nagar,Hyderabad,Telangana
17.4684107,78.4423461,Babu Jagjivan Ram Flyover,Bhavani Nagar,Hyderabad,Telangana
17.4685087,78.442418,Babu Jagjivan Ram Flyover,Bhavani Nagar,Hyderabad,Telangana
17.4592287,78.432673,Moosapet Flyover,Banjara Nagar,Hyderabad,Telangana
17.4591339,78.432563,Moosapet Flyover,Banjara Nagar,Hyderabad,Telangana
17.4663614,78.4293862,Moosapet Flyover,Bharath Nagar,Hyderabad,Telangana
17.4665897,78.4291068,Moosapet Road,Bharath Nagar,Hyderabad,Telangana
17.3908414,78.4640481,yousuf baba darga road,Aghapura,Hyderabad,Telangana
17.3849001,78.463342,Habeeb Nagar Main Road,Dar Us Salaam,Hyderabad,Telangana
17.4316278,78.3717391,Bio-Diversity Park Level 1 Flyover,Telecom Nagar,Hyderabad,Telangana
17.4331475,78.3746671,Hi Tech City Main Road,Telecom Nagar,Hyderabad,Telangana
17.426877,78.3769195,Bio-Diversity Park Level 1 Flyover,Madhura Nagar Colony,Hyderabad,Telangana
17.4239543,78.380287,Old Bombay Highway,Madhura Nagar Colony,Hyderabad,Telangana
17.4189073,78.3874306,Shaikpet Flyover,Prashant Hills,Hyderabad,Telangana
17.4189976,78.3874814,Shaikpet Flyover,Prashant Hills,Hyderabad,Telangana
17.4034715,78.4088086,Old Bombay Highway,Aziz Bagh,Hyderabad,Telangana
17.4037787,78.4085913,Old Bombay Highway,Aziz Bagh,Hyderabad,Telangana
17.403635,78.4087758,Shaikpet Flyover,Aziz Bagh,Hyderabad,Telangana
17.4035426,78.4086971,Shaikpet Flyover,Aziz Bagh,Hyderabad,Telangana
17.4583157,78.369718,Kothaguda-Kondapur Flyover,jubilee gardens,Hyderabad,Telangana
17.4704214,78.3652839,Kothaguda-Kondapur Flyover,Raghavendra Colony,Hyderabad,Telangana
17.4570291,78.3607437,Kothaguda-Kondapur Flyover,Kothaguda,Hyderabad,Telangana
17.4508363,78.3636264,Kothaguda-Kondapur Flyover,Studiorigin - Interior Designer in Hyderabad,Hyderabad,Telangana
17.4052741,78.514799,Osmania University Road,DD Colony,Hyderabad,Telangana
17.4052026,78.5147862,Osmania University Road,DD Colony,Hyderabad,Telangana
17.412148,78.5200731,Adikmet Flyover,Lalitha Nagar,Hyderabad,Telangana
17.4086008,78.5150281,Adikmet Flyover,Adikmet,Hyderabad,Telangana
17.3444472,78.5488062,Bairamalguda Flyover,Vivekananda Nagar,Hyderabad,Telangana
17.3443634,78.5489027,Bairamalguda Flyover,Vivekananda Nagar,Hyderabad,Telangana
17.3381154,78.5408879,Flyover,Saiprakash nagar,Hyderabad,Telangana
17.3381918,78.5410838,Flyover,Saiprakash nagar,Hyderabad,Telangana
17.3390207,78.5431137,Inner Ring Road,Saiprakash nagar,Hyderabad,Telangana
17.3380181,78.540364,Inner Ring Road,Saiprakash nagar,Hyderabad,Telangana
17.4036216,78.4561889,Masab Tank Flyover,Shanti Nagar,Hyderabad,Telangana
17.4035767,78.4561462,Masab Tank Flyover,Shanti Nagar,Hyderabad,Telangana
17.3757327,78.4971532,Sir Louis Flyover,Kala Daira,Hyderabad,Telangana
17.3704613,78.5574782,Nagole Flyover,Ananda Nagar,Hyderabad,Telangana
17.3704624,78.5573627,Nagole Flyover,Ananda Nagar,Hyderabad,Telangana
17.3803697,78.5580801,Nagole Flyover,Mamatha Nagar,Hyderabad,Telangana
17.3806018,78.5582193,Nagole Flyover,Mamatha Nagar,Hyderabad,Telangana
17.439807,78.5446639,Maula Ali Flyover,Indira Nagar,Hyderabad,Telangana
17.4397735,78.5447619,Maula Ali Flyover,Indira Nagar,Hyderabad,Telangana
17.4476871,78.5505647,Maula Ali Flyover,Ambedkar Nagar,Hyderabad,Telangana
17.4517367,78.4502884,Fatehnagar Flyover,Suprabhat Colony,Hyderabad,Telangana
17.4581386,78.4502472,Fatehnagar Flyover,Fateh Nagar,Hyderabad,Telangana
17.4233766,78.4486917,Road Number 1,Dwarkapuri Colony,Hyderabad,Telangana
17.3503718,78.5540791,Kamineni Flyover,RTC Colony,Hyderabad,Telangana
17.3504317,78.55395,Kamineni Flyover,RTC Colony,Hyderabad,Telangana
17.4011942,78.4130324,Tolichowki Flyover,Tolichowki,Hyderabad,Telangana
17.4010786,78.4129965,Tolichowki Flyover,Tolichowki,Hyderabad,Telangana
17.3983706,78.4186626,Tolichowki Flyover,Balreddy Nagar,Hyderabad,Telangana
17.3978166,78.4193287,Tolichowki Flyover,Balreddy Nagar,Hyderabad,Telangana
17.4414729,78.4482172,Sanjeeva Reddy Nagar Colony Main Road,Srinivas Nagar,Hyderabad,Telangana
17.4140494,78.4791537,Lower Tank Bund Road,Kattamaisamma Junction,Hyderabad,Telangana
17.4713117,78.3925232,KPHB 6th Phase Road,APHB Colony,Hyderabad,Telangana
17.3487089,78.5486532,Vijayavada Highway Flyover,LB Nagar,Hyderabad,Telangana
17.3440317,78.5548314,Vijaywada Highway,Bhoolaxmi Colony,Hyderabad,Telangana
17.2767397,78.4035559,Flyover,Sathamrai,Hyderabad,Telangana
17.2765876,78.4036591,Flyover,Sathamrai,Hyderabad,Telangana
17.2796531,78.4092383,Flyover,Sathamrai,Hyderabad,Telangana
17.280015,78.4093797,Flyover,Sathamrai,Hyderabad,Telangana
17.3111884,78.4234753,Flyover,Netaji Nagar,Hyderabad,Telangana
17.4349178,78.5408358,Lalaguda Flyover,Santhi Nagar,Hyderabad,Telangana
17.4348325,78.540885,Lalaguda Flyover,Santhi Nagar,Hyderabad,Telangana
17.4315863,78.5359274,Lalaguda Flyover,Santhi Nagar,Hyderabad,Telangana
17.431611,78.5358259,Lalaguda Flyover,Santhi Nagar,Hyderabad,Telangana
17.4261518,78.5233889,Sitaphalmandi Flyover,Ravindra Nagar,Hyderabad,Telangana
17.4273434,78.5179709,Sitaphalmandi Flyover,Sitaphalmandi,Hyderabad,Telangana
17.4273461,78.5178727,Sitaphalmandi Road,Sitaphalmandi,Hyderabad,Telangana
17.4765122,78.5264423,R K Puram Flyover,Venkateshwara Colony,Hyderabad,Telangana
17.4985901,78.4764332,Nizamabad Road,Ramaraju Nagar,Hyderabad,Telangana
17.4989972,78.4767885,Nizamabad Road,Ramaraju Nagar,Hyderabad,Telangana
17.4967052,78.475498,Nizamabad Road,Vennalagadda,Hyderabad,Telangana
17.4968507,78.4757201,Nizamabad Road,Ramaraju Nagar,Hyderabad,Telangana
17.4928841,78.4744974,Nizamabad Road,Vennalagadda,Hyderabad,Telangana
17.4660457,78.3849225,Private Access Road for Kohinoor and Pearl,Khanmet,Hyderabad,Telangana
17.4658384,78.3822339,Kohinoor by Auro Realty Access Road,Khanmet,Hyderabad,Telangana
17.492267,78.4055026,A S Raju Nagar Rd,Kukatpally,Hyderabad,Telangana
17.4933622,78.4044269,Usha Mullapudi Rd,Kukatpally,Hyderabad,Telangana
17.4938303,78.4046848,Street Number 4,Kukatpally,Hyderabad,Telangana
17.4561834,78.3937499,Environ road,Chanda Naik Thanda,Hyderabad,Telangana
17.4698038,78.39176,KPHB 6th Phase Road,APHB Colony,Hyderabad,Telangana
17.469567,78.391575,Khaitalpur Road,APHB Colony,Hyderabad,Telangana
17.4695115,78.3915841,KPHB 6th Phase Road,APHB Colony,Hyderabad,Telangana
17.4693791,78.3918923,Khaitalpur Road,APHB Colony,Hyderabad,Telangana
17.469494,78.3915283,Khaitalpur Road,APHB Colony,Hyderabad,Telangana
17.4220425,78.4320387,Banjara Hills Road Number 14,Nandi Nagar,Hyderabad,Telangana
17.4219877,78.4321289,Banjara Hills Road Number 14,Nandi Nagar,Hyderabad,Telangana
17.4220138,78.4319491,Banjara Hills Road Number 14,Nandi Nagar,Hyderabad,Telangana
17.4226383,78.4286499,Banjara Hills Road Number 14,BN Reddy Colony,Hyderabad,Telangana
17.4227557,78.428397,Banjara Hills Road Number 14,BN Reddy Colony,Hyderabad,Telangana
17.4226015,78.4279368,Banjara Hills Road Number 14,BN Reddy Colony,Hyderabad,Telangana
17.4226634,78.4278972,Banjara Hills Road Number 14,BN Reddy Colony,Hyderabad,Telangana
17.4226963,78.4286923,Banjara Hills Road Number 14,BN Reddy Colony,Hyderabad,Telangana
17.4226866,78.4283983,Banjara Hills Road Number 14,BN Reddy Colony,Hyderabad,Telangana
17.4179078,78.5424622,street no 2,Habsiguda x Roads,Hyderabad,Telangana
17.4177135,78.5422487,street no 2,Habsiguda x Roads,Hyderabad,Telangana
17.4166138,78.5410673,street no 2,Habsiguda,Hyderabad,Telangana
17.4964651,78.4985969,Kanajiguda,Subhodaya Nagar,Hyderabad,Telangana
17.4098414,78.4587537,Kammari Krishna St,Chintal Basti,Hyderabad,Telangana
17.5001593,78.3945588,Pragathi Nagar Road,Samatha Nagar,Hyderabad,Telangana
17.3697365,78.4227586,Laxmi Nagar Colony road,Hasan Nagar,Hyderabad,Telangana
17.3992039,78.4945088,Narayanaguda Road,Chikkadpally,Hyderabad,Telangana
17.3991839,78.4943286,Narayanaguda Road,Chikkadpally,Hyderabad,Telangana
17.4935296,78.5771594,Street Number 1,Saket,Hyderabad,Telangana
17.4529002,78.3675215,Manbhum Internal Road,Whitefields,Hyderabad,Telangana
17.4529656,78.3671484,Manbhum Internal Road,Whitefields,Hyderabad,Telangana
17.4465511,78.3634656,Gachibowli - Miyapur Highway,J V Colony,Hyderabad,Telangana
17.4458706,78.3633419,Gachibowli - Miyapur Highway,J V Colony,Hyderabad,Telangana
17.3967968,78.4473354,Akber Rd,Venkatadri Colony,Hyderabad,Telangana
17.384906,78.3675957,Alkapur Main road,Greenlands,Hyderabad,Telangana
17.4863334,78.5436246,road number 5,Vayupuri,Hyderabad,Telangana
17.4756505,78.3917275,Lodha Road,Phase 7,Hyderabad,Telangana
17.4844669,78.3803416,9th Phase Road,Venkata Ramana Colony,Hyderabad,Telangana
17.4588731,78.3966353,CRMP Road,Parvatha Nagar,Hyderabad,Telangana
17.4225437,78.3820372,Khajaguda Nanakramguda road,Prashant Hills,Hyderabad,Telangana
17.3744987,78.5325375,chaitanya puri main road,Vidyut Nagar,Hyderabad,Telangana
17.3421932,78.5553514,Bairamalguda Main Road,Bhoolaxmi Colony,Hyderabad,Telangana
17.3417875,78.5585839,Vijaywada Highway,Agamaiah Nagar,Hyderabad,Telangana
17.3451826,78.5495802,LB Nagar Underpass,Vivekananda Nagar,Hyderabad,Telangana
17.3446135,78.5491588,Inner Ring Road,Vivekananda Nagar,Hyderabad,Telangana
17.3209795,78.4331105,Inner Ring Road,Adarsh Nagar,Hyderabad,Telangana
17.320875,78.4330463,Inner Ring Road,Adarsh Nagar,Hyderabad,Telangana
17.4358961,78.511948,Rail Nilayam Road Underpass,Chilkalguda,Hyderabad,Telangana
17.4352135,78.5121592,Rail Nilayam Road Underpass,Chilkalguda,Hyderabad,Telangana
17.4349078,78.5123072,Rail Nilayam Road,Chilkalguda,Hyderabad,Telangana
17.4358492,78.5118382,Rail Nilayam Road Underpass,Chilkalguda,Hyderabad,Telangana
17.4347673,78.5057501,St Johns Road,Chilkalguda,Hyderabad,Telangana
17.4347371,78.5056101,St Johns Road,Chilkalguda,Hyderabad,Telangana
17.4310305,78.4925281,Rashtrapati Road,Jeera,Hyderabad,Telangana
17.4311277,78.4926813,Rashtrapati Road,Jeera,Hyderabad,Telangana
17.4315782,78.4927112,Rashtrapati Road,Jeera,Hyderabad,Telangana
17.4316443,78.4928302,Rashtrapati Road,Jeera,Hyderabad,Telangana
17.4337437,78.4852532,Minister's Road,Jawahar Nagar Colony,Hyderabad,Telangana
17.4382955,78.3759224,Mindspace Underpass,Telecom Nagar,Hyderabad,Telangana
17.4381886,78.3760635,Mindspace Underpass,Telecom Nagar,Hyderabad,Telangana
17.4412913,78.3772579,Mindspace Underpass,Vittal Rao Nagar,Hyderabad,Telangana
17.4606578,78.3667076,Kothaguda Underpass,jubilee gardens,Hyderabad,Telangana
17.352511,78.3599734,Service Road,Himayath Sagar,Hyderabad,Telangana
17.469685,78.37218,Hitex Road,Izzat Nagar,Hyderabad,Telangana
17.5265273,78.5245598,Amherst Road,Risala Bazaar,Hyderabad,Telangana
17.492949,78.3160961,Old Bombay Road,Taranagar,Hyderabad,Telangana
17.4073372,78.4418571,Kahaf Masjid St,Bhola Nagar,Hyderabad,Telangana
17.4108599,78.4503623,Prem Nagar road,Sri Ram Nagar Colony,Hyderabad,Telangana
17.4963392,78.4103873,Road Number 33,eenadu colony,Hyderabad,Telangana
17.455772,78.3641712,Kothaguda-Kondapur Flyover,Whitefields,Hyderabad,Telangana
17.4563816,78.364526,Kothaguda-Kondapur Flyover,Kothaguda,Hyderabad,Telangana
17.3129458,78.3753445,ECO PARK ROAD,Hanuman Nagar,Hyderabad,Telangana
17.3158661,78.3751083,ECO PARK ROAD,Hanuman Nagar,Hyderabad,Telangana
17.3124844,78.3758082,ECO PARK ROAD,Hanuman Nagar,Hyderabad,Telangana
17.3126469,78.3756257,ECO PARK ROAD,Hanuman Nagar,Hyderabad,Telangana
17.5603851,78.3717644,Service Road,Mallampet,Hyderabad,Telangana
17.3737018,78.5576668,LB Nagar - Uppal Road,Ananda Nagar,Hyderabad,Telangana
17.4136732,78.4110005,Road Number 6,Film Nagar,Hyderabad,Telangana
17.3698835,78.4430514,Karvan Road,Joshi Wadi,Hyderabad,Telangana
17.3695292,78.4439144,Karvan Road,Joshi Wadi,Hyderabad,Telangana
17.3514875,78.5083379,Bairamalguda Road,IS Sadan Jn,Hyderabad,Telangana
17.5322148,78.4884341,Nizamabad Road,Caton Residential Township,Hyderabad,Telangana
17.3437045,78.5072708,Santosh Nagar Main ROad,DMRL X Roads,Hyderabad,Telangana
17.4887799,78.3809733,KPHB 9th Phase Road,Phase 9,Hyderabad,Telangana
17.4893456,78.3798287,KPHB 9th Phase Road,Phase 9,Hyderabad,Telangana
17.4279813,78.3756826,Bio-Diversity Park Level 1 Flyover,Madhura Nagar Colony,Hyderabad,Telangana
17.4289968,78.3745974,Hi Tech City Main Road,Madhura Nagar Colony,Hyderabad,Telangana
17.4294143,78.3742469,Bio-Diversity Park Level 1 Flyover,Madhura Nagar Colony,Hyderabad,Telangana
17.4201851,78.4480156,Road Number 1,Dwarkapuri Colony,Hyderabad,Telangana
17.4200607,78.4481637,Road Number 1,Dwarkapuri Colony,Hyderabad,Telangana
17.4416885,78.3734013,Mindspace road,Telecom Nagar,Hyderabad,Telangana
17.4415702,78.3736983,Mindspace road,Telecom Nagar,Hyderabad,Telangana
17.4591205,78.4131435,"Goods Shed Road, Moosapet",Kottur Sitaiah Nagar,Hyderabad,Telangana
17.441318,78.3739316,Mindspace road,Telecom Nagar,Hyderabad,Telangana
17.4427169,78.3701754,Mindspace road,Telecom Nagar,Hyderabad,Telangana
17.4428761,78.3696225,Mindspace road,Telecom Nagar,Hyderabad,Telangana
17.4423895,78.3772304,HITEC City Road,Vittal Rao Nagar,Hyderabad,Telangana
17.4331906,78.5034303,platform 9,Chilkalguda,Hyderabad,Telangana
17.4332296,78.5034154,platform 8,Chilkalguda,Hyderabad,Telangana
17.4326011,78.5011093,platform 9,Boiguda,Hyderabad,Telangana
17.4326297,78.5010973,platform 8,Boiguda,Hyderabad,Telangana
17.4334762,78.5044123,platform 8,Chilkalguda,Hyderabad,Telangana
17.4334549,78.5044299,platform 9,Chilkalguda,Hyderabad,Telangana
17.4325578,78.5008265,platform 8,Boiguda,Hyderabad,Telangana
17.4325291,78.5008343,platform 9,Boiguda,Hyderabad,Telangana
17.4326421,78.5011559,platform 8,Boiguda,Hyderabad,Telangana
17.4326123,78.5011655,platform 9,Boiguda,Hyderabad,Telangana
17.4323628,78.500868,platform 10,Boiguda,Hyderabad,Telangana
17.4330698,78.5019753,platform 7,Chilkalguda,Hyderabad,Telangana
17.4335904,78.5040882,platform 7,Chilkalguda,Hyderabad,Telangana
17.4328399,78.5010964,platform 7,Boiguda,Hyderabad,Telangana
17.4327592,78.5007686,platform 7,Boiguda,Hyderabad,Telangana
17.4330096,78.5016265,platform 6,Chilkalguda,Hyderabad,Telangana
17.4331811,78.5023187,platform 6,Chilkalguda,Hyderabad,Telangana
17.4328748,78.5010898,platform 6,Boiguda,Hyderabad,Telangana
17.4327974,78.5007519,platform 6,Boiguda,Hyderabad,Telangana
17.4332129,78.501855,platform 5,Chilkalguda,Hyderabad,Telangana
17.4332729,78.5017672,platform 4,Chilkalguda,Hyderabad,Telangana
17.4337609,78.5039953,platform 5,Chilkalguda,Hyderabad,Telangana
17.4330261,78.5010539,platform 5,Boiguda,Hyderabad,Telangana
17.433309,78.5016812,platform 3,Chilkalguda,Hyderabad,Telangana
17.4333205,78.5016797,platform 2,Chilkalguda,Hyderabad,Telangana
17.4339056,78.5039388,platform 2,Chilkalguda,Hyderabad,Telangana
17.4338954,78.5039424,platform 3,Chilkalguda,Hyderabad,Telangana
17.433506,78.5021973,platform 2,Chilkalguda,Hyderabad,Telangana
17.4334803,78.5022029,platform 3,Chilkalguda,Hyderabad,Telangana
17.4332039,78.5009827,platform 2,Boiguda,Hyderabad,Telangana
17.4331787,78.5009874,platform 3,Boiguda,Hyderabad,Telangana
17.4331208,78.5006633,platform 2,Boiguda,Hyderabad,Telangana
17.4330963,78.5006681,platform 3,Boiguda,Hyderabad,Telangana
17.4334072,78.5015615,platform 1,Chilkalguda,Hyderabad,Telangana
17.4333903,78.5009956,platform 1,Boiguda,Hyderabad,Telangana
17.4332779,78.5006436,platform 1,Boiguda,Hyderabad,Telangana
17.4397589,78.3718426,Shilpa Layout road,Telecom Nagar,Hyderabad,Telangana
17.4394876,78.3722342,Shilpa Layout road,Telecom Nagar,Hyderabad,Telangana
17.4657385,78.5618666,Gayatri Nagar Main Road,Green Hills Colony,Hyderabad,Telangana
17.4340588,78.4365078,street no 1,Padala Ramareddy Colony,Hyderabad,Telangana
17.4340913,78.4364404,law college road,Padala Ramareddy Colony,Hyderabad,Telangana
17.4341085,78.436538,law college road,Padala Ramareddy Colony,Hyderabad,Telangana
17.4340669,78.4366971,law college road,Padala Ramareddy Colony,Hyderabad,Telangana
17.4352876,78.4346485,street no 1,Padala Ramareddy Colony,Hyderabad,Telangana
17.4319696,78.4378971,street no 1,Padala Ramareddy Colony,Hyderabad,Telangana
17.4338478,78.4366668,street no 1,Padala Ramareddy Colony,Hyderabad,Telangana
17.4715603,78.3869011,Hitec - Kukatpally Main Road,APHB Colony,Hyderabad,Telangana
17.4716675,78.3869585,Hitec - Kukatpally Main Road,APHB Colony,Hyderabad,Telangana
17.3918562,78.4763757,King koti road,Abids,Hyderabad,Telangana
17.3452692,78.5078702,Santosh Nagar Main ROad,Maruti Nagar,Hyderabad,Telangana
17.4106406,78.4640802,Khairatabad Market Road,Khairatabad,Hyderabad,Telangana
17.4637864,78.378433,Ghousia Masjid Line,Khanmet,Hyderabad,Telangana
17.4256211,78.4490306,Road Number 1,Dwarkapuri Colony,Hyderabad,Telangana
17.4374414,78.4482763,Balkampet road,Ameerpet,Hyderabad,Telangana
17.3518372,78.4726198,Charminar Road,Shah Ali Banda,Hyderabad,Telangana
17.4358692,78.3011536,Kanchi Gachibowli Road,Gowlidoddi,Hyderabad,Telangana
17.4420752,78.3823508,Huda Techno Enclave road,Vittal Rao Nagar,Hyderabad,Telangana
17.3620679,78.4710673,Purana Pul Road,Ghansi Bazaar,Hyderabad,Telangana
17.4341499,78.3385861,Road Number 3,Nanakramguda,Hyderabad,Telangana
17.4328516,78.3409374,Road Number 2,Nanakramguda,Hyderabad,Telangana
17.4346755,78.3399146,ISB Ring Road,Nanakramguda,Hyderabad,Telangana
17.4354788,78.3383649,Road Number 4,Nanakramguda,Hyderabad,Telangana
17.4365043,78.3407797,Road Number 7,Gachibowli,Hyderabad,Telangana
17.4366817,78.3395007,Road number 6,Gachibowli,Hyderabad,Telangana
17.4369826,78.3387623,Road number 6,Gachibowli,Hyderabad,Telangana
17.4266798,78.3318001,Gopanpally - Wipro Road,Gowlidoddi,Hyderabad,Telangana
17.444527,78.580948,Gulmohar Gardens Annexe Road,Chandrapuri Colony,Hyderabad,Telangana
17.4444185,78.5811581,Gulmohar Gardens Annexe Road,Chandrapuri Colony,Hyderabad,Telangana
17.4392623,78.4470343,Street 7,Ameerpet,Hyderabad,Telangana
17.3231302,78.4302711,Inner Ring Road,Adarsh Nagar,Hyderabad,Telangana
17.3399402,78.5011357,APJ Abdul Kalam Flyover,Riyasat Nagar,Hyderabad,Telangana
17.342844,78.5120251,APJ Abdul Kalam Flyover,Kanchan Bagh,Hyderabad,Telangana
17.3432166,78.5101051,Inner Ring Road,Maruti Nagar,Hyderabad,Telangana
17.3513139,78.5546309,Kamineni Flyover,RTC Colony,Hyderabad,Telangana
17.3512524,78.5547464,Kamineni Flyover,RTC Colony,Hyderabad,Telangana
17.3568275,78.5568147,Kamineni Flyover,Nagarjuna Nagar,Hyderabad,Telangana
17.3567944,78.5569272,Kamineni Flyover,Nagarjuna Nagar,Hyderabad,Telangana
17.3717592,78.557463,Nagole Flyover,Ananda Nagar,Hyderabad,Telangana
17.3717107,78.5575779,Nagole Flyover,Ananda Nagar,Hyderabad,Telangana
17.3794371,78.5580177,Nagole Flyover,Mamatha Nagar,Hyderabad,Telangana
17.3794334,78.5581447,Nagole Flyover,Mamatha Nagar,Hyderabad,Telangana
17.4042399,78.5569615,Inner Ring Road,Prashanth Nagar,Hyderabad,Telangana
17.4043626,78.5571032,Inner Ring Road,Prashanth Nagar,Hyderabad,Telangana
17.4014252,78.5602229,Uppal Skywalk,Uppal,Hyderabad,Telangana
17.4015075,78.5610833,Uppal Skywalk,Uppal,Hyderabad,Telangana
17.3555547,78.52047,road number 13,Singareni Colony,Hyderabad,Telangana
17.3556458,78.519153,road number 13,Singareni Colony,Hyderabad,Telangana
17.4176418,78.4971361,Mahatma Nagar Road,Musheerabad,Hyderabad,Telangana
17.3919531,78.4418266,TGSRTC Mehdipatnam Bus Depot Inner Road,Murad Nagar,Hyderabad,Telangana
17.382162,78.4392729,Karwan road,Sarada Nagar,Hyderabad,Telangana
17.3824054,78.4388095,Karwan road,ASR Nagar,Hyderabad,Telangana
17.3833122,78.4383308,Gudi Malkapur road,ASR Nagar,Hyderabad,Telangana
17.4268271,78.411794,Road Number 65,Jubilee Hills,Hyderabad,Telangana
17.4866053,78.320193,Old Bombay Road,Sivaji Nagar,Hyderabad,Telangana
17.3929319,78.4267097,Khader Bagh road,Kakatiya Nagar,Hyderabad,Telangana
17.3929351,78.4267572,Khader Bagh road,Kakatiya Nagar,Hyderabad,Telangana
17.4155982,78.4986993,Ramnagar Road,Zamistanpur,Hyderabad,Telangana
17.4270304,78.4523425,Ameerpet Road - Panjagutta Main Road,Panjagutta,Hyderabad,Telangana
17.4279626,78.4535574,Greenlands Road,Panjagutta,Hyderabad,Telangana
17.4261377,78.4505185,Nagarjuna Circle Road,Panjagutta,Hyderabad,Telangana
17.3793724,78.5164254,Moosarambagh Road,East Prasanthi Nagar,Hyderabad,Telangana
17.4654687,78.3418573,Masjid Banda Main Road,Masjid Banda,Hyderabad,Telangana
17.4653933,78.3417233,Masjid Banda Main Road,Masjid Banda,Hyderabad,Telangana
17.46532,78.3417247,Masjid Banda Main Road,Masjid Banda,Hyderabad,Telangana
17.4264887,78.4525409,Somajiguda Road - Panjagutta Main Road,Panjagutta,Hyderabad,Telangana
17.4855108,78.3201451,Old Bombay Road,Sivaji Nagar,Hyderabad,Telangana
17.484989,78.3205522,Lingampally-Huda Colony Road,Adarsh Nagar,Hyderabad,Telangana
17.358808,78.5223137,Saidabad Main Road,Habib Nagar,Hyderabad,Telangana
17.3590075,78.5229542,Saidabad Main Road,Habib Nagar,Hyderabad,Telangana
17.4038531,78.5161171,Lane C,DD Colony,Hyderabad,Telangana
17.4040694,78.5172977,Durgabai Deshmukh Colony E-Lane,DD Colony,Hyderabad,Telangana
17.3920788,78.5136976,Tilak Nagar Road,Qadri Bagh,Hyderabad,Telangana
17.3274175,78.6024953,Vijaywada Highway,RTC Supervisors Colony,Hyderabad,Telangana
17.429762,78.4265897,Sri Nagar Colony Main Road,Krishna Nagar,Hyderabad,Telangana
17.4042666,78.4646855,Lakdikapul Road,Saifabad,Hyderabad,Telangana
17.5088716,78.481389,sri sai enclave road,Jeedimetla Village,Hyderabad,Telangana
17.5089681,78.4831994,Road Number 2,Spring Fields Colony,Hyderabad,Telangana
17.5185857,78.4820232,Nizamabad Road,Caton Residential Township,Hyderabad,Telangana
17.5157395,78.4808089,Nizamabad Road,PET Bashirabad,Hyderabad,Telangana
17.3368381,78.4428499,Dr.Manmohan Singh Flyover,Hasan Nagar,Hyderabad,Telangana
17.336565,78.4426289,Dr.Manmohan Singh Flyover,Hasan Nagar,Hyderabad,Telangana
17.3803927,78.5172261,Moosarambagh Road,East Prasanthi Nagar,Hyderabad,Telangana
17.3793462,78.5164567,Moosarambagh Road,East Prasanthi Nagar,Hyderabad,Telangana
17.3805286,78.5174729,Moosarambagh Road,Annapurna Nagar,Hyderabad,Telangana
17.3806947,78.5174782,Moosarambagh Road,Annapurna Nagar,Hyderabad,Telangana
17.3505393,78.4524093,Dr.Manmohan Singh Flyover,Ramnaspura,Hyderabad,Telangana
17.3229365,78.4331693,Dr.Manmohan Singh Flyover,Indra Reddy Nagar,Hyderabad,Telangana
17.3785387,78.4821693,Mumbai Highway,Imlibun,Hyderabad,Telangana
17.3783886,78.482191,Mumbai Highway,Imlibun,Hyderabad,Telangana
17.3217951,78.6331858,Vijaywada Highway,Surya Vamshi Garden City,Hyderabad,Telangana
17.3214185,78.6304568,Vijaywada Highway,Surya Vamshi Garden City,Hyderabad,Telangana
17.3219021,78.6331043,Vijaywada Highway,Surya Vamshi Garden City,Hyderabad,Telangana
17.3215102,78.6304319,Vijaywada Highway,Surya Vamshi Garden City,Hyderabad,Telangana
17.4226433,78.3819304,Khajaguda Nanakramguda road,Prashant Hills,Hyderabad,Telangana
17.4009582,78.475443,Basheerbagh road,Basheerbagh Jn,Hyderabad,Telangana
17.439176,78.4367793,Madhuranagar Main Road,Madhura Nagar,Hyderabad,Telangana
17.4395995,78.4326098,Madhuranagar Main Road,Vengal Rao Nagar,Hyderabad,Telangana
17.4395211,78.432592,Madhuranagar Main Road,Vengal Rao Nagar,Hyderabad,Telangana
17.4387942,78.4403747,Madhuranagar Main Road,Madhura Nagar,Hyderabad,Telangana
17.4406591,78.3786441,Mindspace Madhapur Rd,Vittal Rao Nagar,Hyderabad,Telangana
17.3994789,78.4606858,Niloufer hospital road,AC Guards,Hyderabad,Telangana
17.377347,78.4858661,TGSRTC MGBS  Bus Station Inner Road,Kali Khabr,Hyderabad,Telangana
17.3775188,78.4855216,TGSRTC MGBS  Bus Station Inner Road,Kali Khabr,Hyderabad,Telangana
17.377584,78.4855739,TGSRTC MGBS  Bus Station Inner Road,Kali Khabr,Hyderabad,Telangana
17.3770252,78.4863967,Chaderghat Road,Kali Khabr,Hyderabad,Telangana
17.3769712,78.4864667,Chaderghat Road,Kali Khabr,Hyderabad,Telangana
17.4260431,78.4527953,Somajiguda Road - Panjagutta Main Road,Panjagutta,Hyderabad,Telangana
17.4255781,78.3781944,Old Bombay Highway,Madhura Nagar Colony,Hyderabad,Telangana
17.4258867,78.3781503,Old Bombay Road,Madhura Nagar Colony,Hyderabad,Telangana
17.4266481,78.3772437,Old Bombay Road,Madhura Nagar Colony,Hyderabad,Telangana
17.3948445,78.5687244,Uppal - Nagole Bypass Road,Santhi Nagar,Hyderabad,Telangana
17.3961387,78.3326584,Kokapet Grampanchayath road,Kokapet,Hyderabad,Telangana
17.4415536,78.3915557,Ayyappa Society Main Road,Madhapur,Hyderabad,Telangana
17.5404157,78.4908214,Nizamabad Road,Brindavan Colony,Hyderabad,Telangana
17.3271487,78.4870295,RCI road,Hafiz Baba Nagar,Hyderabad,Telangana
17.3215135,78.490935,RCI road,Maqbool Nagar,Hyderabad,Telangana
17.4217967,78.4969145,Center Basti Road,PS Colony,Hyderabad,Telangana
17.4217242,78.4969101,Center Basti Road,PS Colony,Hyderabad,Telangana
17.421634,78.496916,Center Basti Road,PS Colony,Hyderabad,Telangana
17.4556487,78.4477308,Sanath Nagar Main Road,Fateh Nagar,Hyderabad,Telangana
17.4556112,78.4479066,Sanath Nagar Main Road,Fateh Nagar,Hyderabad,Telangana
17.3334208,78.5694511,Vanasthalipuram Main Road,Vanasthalipuram,Hyderabad,Telangana
17.3334137,78.5694027,Vanasthalipuram Main Road,Vanasthalipuram,Hyderabad,Telangana
17.4440654,78.374712,HITEC City–Madhapur Road,Vittal Rao Nagar,Hyderabad,Telangana
17.4440546,78.3746232,HITEC City–Madhapur Road,Vittal Rao Nagar,Hyderabad,Telangana
17.4594966,78.3961585,CRMP Road,Parvatha Nagar,Hyderabad,Telangana
17.4102475,78.5172101,Lalitha Nagar Road,Lalitha Nagar,Hyderabad,Telangana
17.5478759,78.4926327,Nizamabad Road,Turkapalli,Hyderabad,Telangana
17.4679709,78.3983172,Khaitalpur Road,Khaitalpur,Hyderabad,Telangana
17.5154591,78.3834527,Eswar Villas road,Nizampet,Hyderabad,Telangana
17.5203549,78.4826123,Nizamabad Road,Caton Residential Township,Hyderabad,Telangana
17.4306002,78.4357722,lane no 2,Srinagar Colony,Hyderabad,Telangana
17.3699984,78.514962,Moosarambagh Road,Asmangadh,Hyderabad,Telangana
17.4443759,78.4685775,Sardar Patel Road,Prakash Nagar,Hyderabad,Telangana
17.4442359,78.4705593,Sardar Patel Road,Prakash Nagar,Hyderabad,Telangana
17.4441173,78.4700368,Sardar Patel Road,Prakash Nagar,Hyderabad,Telangana
17.4713175,78.3832446,Hitec - Kukatpally Main Road,Khanmet,Hyderabad,Telangana
17.4996335,78.5223628,Hislop Road,Saraswati Nagar,Hyderabad,Telangana
17.5032533,78.5248545,Hislop Road,GV Reddy Colony,Hyderabad,Telangana
17.3007007,78.4757948,Srisailam Highway,Sadat Nagar,Hyderabad,Telangana
17.3774098,78.4895542,Chaderghat Road,Azampura,Hyderabad,Telangana
17.3774639,78.48959,Chaderghat Road,Azampura,Hyderabad,Telangana
17.4074219,78.5135318,Adikmet Main Road,Adikmet,Hyderabad,Telangana
17.3912791,78.5109382,Golnaka Road,Qadri Bagh,Hyderabad,Telangana
17.391196,78.5109545,Golnaka Road,Qadri Bagh,Hyderabad,Telangana
17.3915711,78.5129161,Amberpet Main Road,Qadri Bagh,Hyderabad,Telangana
17.3914822,78.5129324,Amberpet Main Road,Qadri Bagh,Hyderabad,Telangana
17.3916606,78.5133598,Amberpet Main Road,Qadri Bagh,Hyderabad,Telangana
17.3917498,78.5137894,Amberpet Main Road,Qadri Bagh,Hyderabad,Telangana
17.3915855,78.5133748,Amberpet Main Road,Qadri Bagh,Hyderabad,Telangana
17.3917091,78.5137967,Tilak Nagar Road,Qadri Bagh,Hyderabad,Telangana
17.3923167,78.5177903,Uppal Road,Bharat Nagar,Hyderabad,Telangana
17.3925396,78.5193144,Uppal Road,Bharat Nagar,Hyderabad,Telangana
17.3922333,78.5177983,Amberpet Main Road,Bharat Nagar,Hyderabad,Telangana
17.3924534,78.519322,Amberpet Main Road,Bharat Nagar,Hyderabad,Telangana
17.3920905,78.5162541,Amberpet Main Road,Bharat Nagar,Hyderabad,Telangana
17.3920138,78.5162651,Amberpet Main Road,Bharat Nagar,Hyderabad,Telangana
17.3911847,78.5103147,Golnaka Road,Golnaka,Hyderabad,Telangana
17.3910971,78.509735,Golnaka Road,Golnaka,Hyderabad,Telangana
17.3911153,78.5103287,Golnaka Road,Golnaka,Hyderabad,Telangana
17.391042,78.5097443,Golnaka Road,Golnaka,Hyderabad,Telangana
17.4434097,78.4791366,Sardar Patel Road,Sindhi Colony,Hyderabad,Telangana
17.4374986,78.3739906,Shilpa Layout road,Telecom Nagar,Hyderabad,Telangana
17.3784252,78.4821153,Mumbai Highway,Imlibun,Hyderabad,Telangana
17.4315701,78.3782899,Dallas centre road,Madhura Nagar Colony,Hyderabad,Telangana
17.4317725,78.5204478,RRB Road,Sitaphalmandi,Hyderabad,Telangana
17.4376798,78.4943686,Rashtrapati Road,Patny,Hyderabad,Telangana
17.5377065,78.4878177,Jayabheri Park Road,Caton Residential Township,Hyderabad,Telangana
17.4873477,78.3519293,Manjeera Pipeline Road,Vinayak Nagar Colony,Hyderabad,Telangana
17.4868807,78.3530311,Manjeera Pipeline Road,Vinayak Nagar Colony,Hyderabad,Telangana
17.487454,78.35148,Manjeera Pipeline Road,Vinayak Nagar Colony,Hyderabad,Telangana
17.3784035,78.4822781,TGSRTC MGBS  Bus Station Road,Imlibun,Hyderabad,Telangana
17.3715357,78.5421724,New Nagole Main Road,SBI Colony,Hyderabad,Telangana
17.3705309,78.5403807,New Nagole Main Road,Laxmi Nagar Colony,Hyderabad,Telangana
17.4971938,78.4142236,Bhashyam School Road,Saptagiri Colony,Hyderabad,Telangana
17.4981605,78.4147902,Vivekananda Nagar Road,Saptagiri Colony,Hyderabad,Telangana
17.4974143,78.4142051,Vivekananda Nagar Road,Saptagiri Colony,Hyderabad,Telangana
17.4964612,78.4133901,Vivekananda Nagar Road,Saptagiri Colony,Hyderabad,Telangana
17.4460836,78.5185439,Addagutta,Subash Nagar,Hyderabad,Telangana
17.3983474,78.4817599,Hyderguda Main Road,Hyderguda,Hyderabad,Telangana
17.4895767,78.571387,Saket Road,Jai Jawan Nagar,Hyderabad,Telangana
17.4987077,78.5841223,Dammaiguda Road,Sairam Nagar,Hyderabad,Telangana
17.489455,78.5710452,Saket Road,Jai Jawan Nagar,Hyderabad,Telangana
17.4974624,78.4203186,Kukatpally-Jagathgiri Gutta Road,Madhavaram Colony,Hyderabad,Telangana
17.4965373,78.4202234,Kukatpally-Jagathgiri Gutta Road,Saptagiri Colony,Hyderabad,Telangana
17.4971617,78.4201664,Kukatpally-Jagathgiri Gutta Road,Saptagiri Colony,Hyderabad,Telangana
17.4958159,78.420215,Kukatpally-Jagathgiri Gutta Road,Saptagiri Colony,Hyderabad,Telangana
17.5453435,78.4717512,Doolapally Road,Doolapally,Hyderabad,Telangana
17.5460232,78.4695573,Doolapally Road,Doolapally,Hyderabad,Telangana
17.5463656,78.4681036,Doolapally Road,Doolapally,Hyderabad,Telangana
17.5460691,78.4693771,Doolapally Road,Doolapally,Hyderabad,Telangana
17.545904,78.4697283,Doolapally Road,Doolapally,Hyderabad,Telangana
17.54534,78.4720777,Doolapally Road,Doolapally,Hyderabad,Telangana
17.4958337,78.3342895,PJR Layout Main Road,Sri Ram Nagar Colony,Hyderabad,Telangana
17.4958351,78.3342414,PJR Layout Main Road,Sri Ram Nagar Colony,Hyderabad,Telangana
17.3883819,78.3616219,Caterpillar road,Narsingi,Hyderabad,Telangana
17.3861549,78.3595542,Caterpillar road,Narsingi,Hyderabad,Telangana
17.3866643,78.3598295,Caterpillar road,Narsingi,Hyderabad,Telangana
17.386601,78.3598894,Caterpillar road,Narsingi,Hyderabad,Telangana
17.3839004,78.4389972,Gudi Malkapur road,ASR Nagar,Hyderabad,Telangana
17.3846628,78.439476,Gudi Malkapur road,Sarada Nagar,Hyderabad,Telangana
17.4375257,78.3543131,Pullela Gopichand Road,Gachibowli,Hyderabad,Telangana
17.4250938,78.3950541,Road Number 52,BN Reddy Colony,Hyderabad,Telangana
17.4248116,78.3946709,Road Number 52,BN Reddy Colony,Hyderabad,Telangana
17.4247563,78.394547,Road Number 52,BN Reddy Colony,Hyderabad,Telangana
17.4247243,78.3945796,Road Number 52,BN Reddy Colony,Hyderabad,Telangana
17.4250393,78.3950108,Road Number 52,BN Reddy Colony,Hyderabad,Telangana
17.4249672,78.3949015,Road Number 52,BN Reddy Colony,Hyderabad,Telangana
17.4421047,78.3718603,Mindspace road,Telecom Nagar,Hyderabad,Telangana
17.3737404,78.5499112,New Nagole Main Road,Samathapura Colony,Hyderabad,Telangana
17.3676182,78.5398808,Vijaywada Highway,Laxmi Nagar Colony,Hyderabad,Telangana
17.3679796,78.5323709,Vijaywada Highway,Vivekananda Nagar,Hyderabad,Telangana
17.3333888,78.5655209,Masjid Road,CBI Colony,Hyderabad,Telangana
17.3394801,78.4681419,Falaknuma Road,Sriram Nagar,Hyderabad,Telangana
17.4416059,78.4474053,Sanjeeva Reddy Nagar Colony Main Road,Srinivas Nagar,Hyderabad,Telangana
17.4342442,78.3655734,Road Number 7,Telecom Nagar,Hyderabad,Telangana
17.4410349,78.3778636,Mindspace Madhapur Rd,Vittal Rao Nagar,Hyderabad,Telangana
17.4410669,78.3777081,Mindspace Madhapur Rd,Vittal Rao Nagar,Hyderabad,Telangana
17.479492,78.3199699,Old Bombay Road,Anand Nagar,Hyderabad,Telangana
17.3546052,78.552373,Road Number 1,Sivaganga Colony,Hyderabad,Telangana
17.4939414,78.3860623,Vasanth Nagar Main Road,Vasanth Nagar,Hyderabad,Telangana
17.3930467,78.5680137,Uppal - Nagole Bypass Road,Santhi Nagar,Hyderabad,Telangana
17.394886,78.5686368,Uppal - Nagole Bypass Road,Santhi Nagar,Hyderabad,Telangana
17.3930608,78.5679078,Uppal - Nagole Bypass Road,Santhi Nagar,Hyderabad,Telangana
17.3930874,78.5679533,Uppal - Nagole Bypass Road,Santhi Nagar,Hyderabad,Telangana
17.4211639,78.4103756,Road Number 70,Journalist Colony,Hyderabad,Telangana
17.421206,78.4102869,Road Number 70,Journalist Colony,Hyderabad,Telangana
17.4295773,78.4281581,road number 5,Kamalapuri Colony,Hyderabad,Telangana
17.4272507,78.4325489,road number 1,Kamalapuri Colony,Hyderabad,Telangana
17.4281207,78.4328577,Kamalapui colony main road,Kamalapuri Colony,Hyderabad,Telangana
17.4642087,78.430279,Bharath Nagar Station Road,Bharath Nagar,Hyderabad,Telangana
17.496059,78.3951129,JNTU Road,KPHB Colony,Hyderabad,Telangana
17.4962838,78.3945222,JNTU Road,KPHB Colony,Hyderabad,Telangana
17.4889419,78.569441,Saket Road,Jai Jawan Nagar,Hyderabad,Telangana
17.4883641,78.5678909,Saket Road,Arun Nagar,Hyderabad,Telangana
17.4638029,78.3791406,Ghousia Masjid Line,Khanmet,Hyderabad,Telangana
17.3292212,78.5672449,Goverment Hospital Road,TV Colony,Hyderabad,Telangana
17.3273668,78.5874968,Shivalayam Road,NARASHIMA RAO NAGAR,Hyderabad,Telangana
17.3263903,78.5873969,Shivalayam Road,NARASHIMA RAO NAGAR,Hyderabad,Telangana
17.501618,78.4256617,Jagathgiri Gutta,Jagadgirigutta,Hyderabad,Telangana
17.5015653,78.425872,Jagathgiri Gutta,Jagadgirigutta,Hyderabad,Telangana
17.3978516,78.497532,Bagh Lingampally Main Road,Bagh Lingampally,Hyderabad,Telangana
17.3970463,78.4970232,Bagh Lingampally Main Road,Bagh Lingampally,Hyderabad,Telangana
17.5048399,78.3584328,Miyapur-Janapriya West City Road,Jayaprakash Narayan Nagar,Hyderabad,Telangana
17.393831,78.3758476,Neknampur Road,Puppalguda,Hyderabad,Telangana
17.4480807,78.5753318,NFC Main Road,Surya Nagar,Hyderabad,Telangana
17.4486343,78.5754249,Sainikpuri-ECIL Main Road,Surya Nagar,Hyderabad,Telangana
17.4485148,78.5754484,NFC Main Road,Surya Nagar,Hyderabad,Telangana
17.4457423,78.3845952,Huda Techno Enclave road,Vittal Rao Nagar,Hyderabad,Telangana
17.4453485,78.3841855,Huda Techno Enclave road,Vittal Rao Nagar,Hyderabad,Telangana
17.4454576,78.3842752,Huda Techno Enclave road,Vittal Rao Nagar,Hyderabad,Telangana
17.4727013,78.3093632,CyberZon Approach road,Nallagandla,Hyderabad,Telangana
17.3290145,78.5686491,e-seva road,Vanasthalipuram,Hyderabad,Telangana
17.4308037,78.3332177,Goldcrest School road,Gowlidoddi,Hyderabad,Telangana
17.5601405,78.3660878,Mallampet Road,Mallampet,Hyderabad,Telangana
17.4984369,78.4649584,road number 6,New Vivekananda Nagar,Hyderabad,Telangana
17.4979249,78.4643205,Sai Baba Nagar road no. 7,New Vivekananda Nagar,Hyderabad,Telangana
17.4914468,78.3982676,Road Number 3,KPHB Colony,Hyderabad,Telangana
17.4838399,78.3975238,KPHB 9th Phase Road,Phase 3,Hyderabad,Telangana
17.4402352,78.4474058,7th lane,Srinivas Nagar,Hyderabad,Telangana
17.506578,78.4929627,HMT colony road,Kistamma Enclave,Hyderabad,Telangana
17.5063346,78.4923061,Alwal Road,Kistamma Enclave,Hyderabad,Telangana
17.5064912,78.4929781,Alwal Road,Kistamma Enclave,Hyderabad,Telangana
17.5065065,78.4932055,Alwal Road,Kistamma Enclave,Hyderabad,Telangana
17.3637089,78.4285249,Hyderguda road,Rambagh Colony,Hyderabad,Telangana
17.5011111,78.312505,RC Puram BHEL - Beeramguda Rd Mumbai Highway,Kakatiya Nagar,Hyderabad,Telangana
17.4983621,78.313907,RC Puram BHEL - Beeramguda Rd Mumbai Highway,Gowtami Nagar Colony,Hyderabad,Telangana
17.4950908,78.3237498,Chandanagar - RC Puram BHEL Rd Mumbai Highway,Chandanagar,Hyderabad,Telangana
17.4949485,78.323778,Chandanagar - RC Puram BHEL Rd Mumbai Highway,Chandanagar,Hyderabad,Telangana
17.5004237,78.4161244,Jagathgiri Gutta Road,Sai Nagar,Hyderabad,Telangana
17.5016464,78.4208948,Jagathgiri Gutta Road,Anjaih Nagar,Hyderabad,Telangana
17.500334,78.4159316,Jagathgiri Gutta Road,Sai Nagar,Hyderabad,Telangana
17.2921353,78.4501634,Airport Road,Madhuban Colony,Hyderabad,Telangana
17.3697732,78.4191551,ambience Road,Sirimalle Nagar,Hyderabad,Telangana
17.396247,78.4964528,Barkatpura Main Road,Bagh Lingampally,Hyderabad,Telangana
17.3793228,78.4842279,MGBS Road,Imlibun,Hyderabad,Telangana
17.3781147,78.4828771,TGSRTC MGBS  Bus Station Road,Imlibun,Hyderabad,Telangana
17.3207344,78.5604793,Vanasthalipuram Road,Chaitanya Nagar,Hyderabad,Telangana
17.3604189,78.523369,Gaddiannaram Main Road,Habib Nagar,Hyderabad,Telangana
17.3613373,78.5224892,Gaddiannaram Main Road,Gaddiannaram,Hyderabad,Telangana
17.5132378,78.3871324,Eswar Villas road,Srinivasa Nagar,Hyderabad,Telangana
17.3814911,78.5180766,Moosarambagh Road,Annapurna Nagar,Hyderabad,Telangana
17.4590837,78.4325197,Borabanda Mothinagar road,Banjara Nagar,Hyderabad,Telangana
17.3205694,78.6146253,Old Hayatnagar Road,Greenwood Colony,Hyderabad,Telangana
17.3204129,78.6145073,Old Hayatnagar Road,Greenwood Colony,Hyderabad,Telangana
17.4978656,78.5994363,Balaji Nagar Road,Nagaram,Hyderabad,Telangana
17.3621147,78.4718356,Purana Pul Road,Ghansi Bazaar,Hyderabad,Telangana
17.3397612,78.5033119,TGSRTC Midhani Bus Station Inner Road,Riyasat Nagar,Hyderabad,Telangana
17.3398244,78.5041475,TGSRTC Midhani Bus Depot Inner Road,DMRL X Roads,Hyderabad,Telangana
17.4862283,78.5544885,H. T. Line Road,Chandrapuri Colony,Hyderabad,Telangana
17.4859272,78.5547832,H. T. Line Road,Chandrapuri Colony,Hyderabad,Telangana
17.485953,78.5548177,H. T. Line Road,Chandrapuri Colony,Hyderabad,Telangana
17.3903765,78.5163193,Moosarambagh Road,Qadri Bagh,Hyderabad,Telangana
17.3903863,78.516397,Moosarambagh Road,Qadri Bagh,Hyderabad,Telangana
17.3885712,78.5165056,Moosarambagh Road,Qadri Bagh,Hyderabad,Telangana
17.388567,78.5164231,Moosarambagh Road,Qadri Bagh,Hyderabad,Telangana
17.4460441,78.3850301,Huda Techno Enclave road,Vittal Rao Nagar,Hyderabad,Telangana
17.3744281,78.5522691,New Nagole Main Road,Samathapura Colony,Hyderabad,Telangana
17.3746195,78.5528049,New Nagole Main Road,Samathapura Colony,Hyderabad,Telangana
17.4355076,78.39441,Road Number 45,Kavuri Hills,Hyderabad,Telangana
17.4351833,78.3948294,Durgam Cheruvu - Madhapur Road,Kavuri Hills,Hyderabad,Telangana
17.4355681,78.3944371,kavuri hills road,Kavuri Hills,Hyderabad,Telangana
17.4353707,78.3946755,Road Number 45,Kavuri Hills,Hyderabad,Telangana
17.4351255,78.3950301,Road Number 45,Kavuri Hills,Hyderabad,Telangana
17.3726299,78.5461976,New Nagole Main Road,Vijayapuri Colony,Hyderabad,Telangana
17.3675827,78.4638892,High Court Road,Petlaburz,Hyderabad,Telangana
17.3675407,78.4639201,High Court Road,Petlaburz,Hyderabad,Telangana
17.3674904,78.4637576,High Court Road,Petlaburz,Hyderabad,Telangana
17.3675337,78.4637329,High Court Road,Petlaburz,Hyderabad,Telangana
17.4696938,78.3610236,Seshadri Marg,Raghavendra Colony,Hyderabad,Telangana
17.4698211,78.3581154,Seshadri Marg,Raghavendra Colony,Hyderabad,Telangana
17.3313289,78.5261357,badangpet-almasguda road,Jillelaguda,Hyderabad,Telangana
17.3267726,78.5262067,badangpet-almasguda road,Vijaya homes,Hyderabad,Telangana
17.4032608,78.3904035,Huda Colony Main Road,Tana shah Nagar,Hyderabad,Telangana
17.4621079,78.5333029,Lane Number 2,Dayanand Nagar,Hyderabad,Telangana
17.5124404,78.4476303,Jeedimetla Main Road,Shapur Nagar,Hyderabad,Telangana
17.5124853,78.4475718,Pipe Line Road,Shapur Nagar,Hyderabad,Telangana
17.5150055,78.4471009,Jeedimetla Main Road,Shapur Nagar,Hyderabad,Telangana
17.5125017,78.4477995,Pipe Line Road,Shapur Nagar,Hyderabad,Telangana
17.51166,78.4477747,Jeedimetla Main Road,Shapur Nagar,Hyderabad,Telangana
17.4279592,78.4034464,Road No 46,Nandagiri Hills,Hyderabad,Telangana
17.3445685,78.5306125,Bairamalguda Road,Sai Nagar,Hyderabad,Telangana
17.4296903,78.4478452,Sri Nagar Colony Main Road,Nagarjuna Hills,Hyderabad,Telangana
17.4299042,78.4490027,Sri Nagar Colony Main Road,Nagarjuna Hills,Hyderabad,Telangana
17.4297777,78.4477494,Sri Nagar Colony Main Road,Nagarjuna Hills,Hyderabad,Telangana
17.4299158,78.4433734,Sri Nagar Colony Main Road,Yellareddyguda,Hyderabad,Telangana
17.5408698,78.3866383,Hanuman Marg,Simhapuri Colony,Hyderabad,Telangana
17.3528145,78.3697599,PBEL City Road,Vikas Nagar,Hyderabad,Telangana
17.4296561,78.4480497,Sri Nagar Colony Main Road,Nagarjuna Hills,Hyderabad,Telangana
17.4297325,78.4480521,Sri Nagar Colony Main Road,Nagarjuna Hills,Hyderabad,Telangana
17.4439332,78.4408459,RJ Restaurant road,SR Nagar,Hyderabad,Telangana
17.3461358,78.5514385,Vijaywada Highway,Bhoolaxmi Colony,Hyderabad,Telangana
17.3270734,78.6053646,Kuntloor Road,Hayathnagar,Hyderabad,Telangana
17.3270812,78.6053107,Kuntloor Road,Hayathnagar,Hyderabad,Telangana
17.3400399,78.563379,Vijaywada Highway,JP Homes,Hyderabad,Telangana
17.4349993,78.5056848,St Johns Road,Chilkalguda,Hyderabad,Telangana
17.4349907,78.5055662,St Johns Road,Chilkalguda,Hyderabad,Telangana
17.4851835,78.320242,Old Bombay Road,Adarsh Nagar,Hyderabad,Telangana
17.3658856,78.4593939,Hussaini Alam Road,Purana Pul,Hyderabad,Telangana
17.4266458,78.4524471,Somajiguda Road - Panjagutta Main Road,Panjagutta,Hyderabad,Telangana
17.4832064,78.3261299,Diamonds block walkway,Nehru Nagar,Hyderabad,Telangana
17.5300365,78.4865848,Nizamabad Road,Caton Residential Township,Hyderabad,Telangana
17.5219891,78.4827383,Nizamabad Road,Caton Residential Township,Hyderabad,Telangana
17.4114439,78.5494716,genpact shortcut,Brindavan Colony,Hyderabad,Telangana
17.4109578,78.5492482,genpact shortcut,Brindavan Colony,Hyderabad,Telangana
17.4073282,78.5474019,genpact shortcut,VV Nagar,Hyderabad,Telangana
17.3943235,78.4990537,TGSRTC Barkatpura Bus Depot  Road,Barkatpura,Hyderabad,Telangana
17.3491571,78.5539882,Road No 3,Bhoolaxmi Colony,Hyderabad,Telangana
17.349074,78.5487938,LB Nagar Service Road,LB Nagar,Hyderabad,Telangana
17.4072044,78.4670828,Telephone Bhavan Road,Iqbal Minar Jn,Hyderabad,Telangana
17.4674081,78.3355424,Link Road 12,Sudarshan Nagar Colony,Hyderabad,Telangana
17.4673905,78.3355715,Link Road 12,Sudarshan Nagar Colony,Hyderabad,Telangana
17.467195,78.3356393,Masibanda Link,Sudarshan Nagar Colony,Hyderabad,Telangana
17.4349486,78.5055106,Regimental Bazar Main Road,Chilkalguda,Hyderabad,Telangana
17.4350963,78.5056515,St Johns Road,Chilkalguda,Hyderabad,Telangana
17.4653145,78.341752,Masjid Banda Main Road,Masjid Banda,Hyderabad,Telangana
17.4655806,78.3417557,Masjid Banda Main Road,Masjid Banda,Hyderabad,Telangana
17.5590021,78.3645073,Mallampet Road,Mallampet,Hyderabad,Telangana
17.3415767,78.5471567,Flyover,Reddy Nagar,Hyderabad,Telangana
17.3155538,78.4645177,Inner Ring Road,Moghuls Colony,Hyderabad,Telangana
17.4570334,78.4992487,P&T colony,Vikrampuri,Hyderabad,Telangana
17.4348425,78.5048968,Regimental Bazar Main Road,Chilkalguda,Hyderabad,Telangana
17.5398153,78.4908636,Nizamabad Road,Brindavan Colony,Hyderabad,Telangana
17.5452954,78.4922181,Nizamabad Road,Shanti Niketan Colony,Hyderabad,Telangana
17.5257891,78.4841664,Nizamabad Road,Caton Residential Township,Hyderabad,Telangana
17.5235008,78.4835899,Nizamabad Road,Caton Residential Township,Hyderabad,Telangana
17.5321227,78.4873017,Nizamabad Road,Caton Residential Township,Hyderabad,Telangana
17.518996,78.4818215,Nizamabad Road,Caton Residential Township,Hyderabad,Telangana
17.5213719,78.482849,Nizamabad Road,Caton Residential Township,Hyderabad,Telangana
17.5225506,78.4831059,Nizamabad Road,Caton Residential Township,Hyderabad,Telangana
17.3640355,78.427931,Hyderguda road,Rambagh Colony,Hyderabad,Telangana
17.4330537,78.3602339,PJR Flyover,Telecom Nagar,Hyderabad,Telangana
17.3196368,78.647857,Vijaywada Highway,Surya Vamshi Garden City,Hyderabad,Telangana
17.3195198,78.6478465,Vijaywada Highway,Surya Vamshi Garden City,Hyderabad,Telangana
17.3198111,78.64456,Vijaywada Highway,Surya Vamshi Garden City,Hyderabad,Telangana
17.3204826,78.6419837,Vijaywada Highway,Surya Vamshi Garden City,Hyderabad,Telangana
17.3203615,78.6419359,Vijaywada Highway,Surya Vamshi Garden City,Hyderabad,Telangana
17.3211365,78.6399961,Vijaywada Highway,Surya Vamshi Garden City,Hyderabad,Telangana
17.4202252,78.4841957,Lower Tank Bund Road,Children's Park Jn,Hyderabad,Telangana
17.4270159,78.5502481,Nacharam Road,Karthikeya Nagar,Hyderabad,Telangana
17.4268688,78.5311247,Habsiguda Main Road,Tarnaka Flyover;TGSRTC Hospital,Hyderabad,Telangana
17.4267618,78.5310779,Maula Ali Road,Tarnaka Flyover;TGSRTC Hospital,Hyderabad,Telangana
17.4057908,78.4516032,First Lancer Road,Masab Tank,Hyderabad,Telangana
17.4069013,78.4512764,Road Number 1,Masab Tank,Hyderabad,Telangana
17.4057593,78.4516536,Road Number 1,Masab Tank,Hyderabad,Telangana
17.5104822,78.4797684,Nizamabad Road,Jeedimetla Village,Hyderabad,Telangana
17.3473172,78.5499442,Vijaywada Highway,LB Nagar,Hyderabad,Telangana
17.4964444,78.3692912,Metro Water Works Road,Madhava Nagar,Hyderabad,Telangana
17.4673788,78.3587692,Concrete Orchids Road,Raghavendra Colony,Hyderabad,Telangana
17.4405505,78.3630679,Gachibowli - Miyapur Highway,J V Colony,Hyderabad,Telangana
17.5056665,78.3917421,High Tension Line Road,Sreenivasa Nagar,Hyderabad,Telangana
17.4687932,78.3364,Link Road 12,Ravi Colony,Hyderabad,Telangana
17.4374039,78.4400859,Yousufguda Main Road,Madhura Nagar,Hyderabad,Telangana
17.4374049,78.440047,Yousufguda Main Road,Madhura Nagar,Hyderabad,Telangana
17.4372645,78.440019,Yousufguda Main Road,Madhura Nagar,Hyderabad,Telangana
17.5419086,78.4849879,Doolapally Road,Doolapally,Hyderabad,Telangana
17.3005117,78.5274005,Badangpet Road,Shiva Sai Nagar,Hyderabad,Telangana
17.4938723,78.605713,Rampally X Roads,Nagaram,Hyderabad,Telangana
17.4937321,78.6055248,Rampally X Roads,Nagaram,Hyderabad,Telangana
17.5048053,78.3585541,Miyapur-Janapriya West City Road,Jayaprakash Narayan Nagar,Hyderabad,Telangana
17.4974718,78.4142674,Vivekananda Nagar Road,Saptagiri Colony,Hyderabad,Telangana
17.5469155,78.4658228,Doolapally Road,Gangastan,Hyderabad,Telangana
17.546568,78.4671717,Doolapally Road,Doolapally,Hyderabad,Telangana
17.5459883,78.469694,Doolapally Road,Doolapally,Hyderabad,Telangana
17.4991262,78.4766961,Nizamabad Road,Ramaraju Nagar,Hyderabad,Telangana
17.4495157,78.5071909,Street Number 10,Marredpally,Hyderabad,Telangana
17.4698629,78.3577562,Seshadri Marg,Raghavendra Colony,Hyderabad,Telangana
17.4698084,78.3577562,Seshadri Marg,Raghavendra Colony,Hyderabad,Telangana
17.4335139,78.4489306,MCH Market road,Ameerpet,Hyderabad,Telangana
17.4586912,78.5364843,Malkajgiri Road,R.K. Nagar,Hyderabad,Telangana
17.4587787,78.5381561,E Anandbagh Main Road,R.K. Nagar,Hyderabad,Telangana
17.4473934,78.4258428,Rajeev Nagar road Numbaer 2,AG Colony,Hyderabad,Telangana
17.4561406,78.4084248,Borabanda Railway station road,Allapur,Hyderabad,Telangana
17.4561974,78.4088053,Function Hall Lane,Allapur,Hyderabad,Telangana
17.4559784,78.4091227,borabanda allahapur road,Allapur,Hyderabad,Telangana
17.4536602,78.5343425,Malkajgiri Road,Maruti Nagar,Hyderabad,Telangana
17.4546594,78.4120669,Swaraj Nagar Main road,Kottur Sitaiah Nagar,Hyderabad,Telangana
17.4536513,78.4129645,borabanda allahapur road,Borabanda,Hyderabad,Telangana
17.4325906,78.6026587,Chengicherla Road,Chengicherla,Hyderabad,Telangana
17.4598791,78.4270848,PR Nagar road,Panduranga Rao Colony,Hyderabad,Telangana
17.4333167,78.4908561,Distillery Road,Jeera,Hyderabad,Telangana
17.4336743,78.4907324,Hill street,Jeera,Hyderabad,Telangana
17.4100937,78.5860316,Boduppal Road,Mallikarjuna Nagar,Hyderabad,Telangana
17.4530391,78.4466677,Masjid-E-Jafariya road,Fateh Nagar,Hyderabad,Telangana
17.4150063,78.5845784,East Brundhavan Colony Road,Sri Lakshmi Nagar Colony,Hyderabad,Telangana
17.4365224,78.4945857,Nala Bazar Road,Patny,Hyderabad,Telangana
17.4360966,78.4956152,Shanker Veedhi Road,Patny,Hyderabad,Telangana
17.4362897,78.4962091,Market road,Patny,Hyderabad,Telangana
17.4596673,78.4468721,Allaudin Koti road,Fateh Nagar,Hyderabad,Telangana
17.4291554,78.5012153,GMR Street,Boiguda,Hyderabad,Telangana
17.4598734,78.4482092,Pipeline road,Fateh Nagar,Hyderabad,Telangana
17.4568396,78.4439132,Agromech road,Shivaji Nagar,Hyderabad,Telangana
17.4519909,78.4486405,Ashok Colony road,Fateh Nagar,Hyderabad,Telangana
17.4444279,78.4408993,Bapunagar road,SR Nagar,Hyderabad,Telangana
17.4308926,78.5567457,Road Number 16,Nacharam Jn,Hyderabad,Telangana
17.4275709,78.5560832,Street No 6,Nacharam,Hyderabad,Telangana
17.4430567,78.4421391,Bapu Nagar Internal road,SR Nagar,Hyderabad,Telangana
17.4409642,78.4475367,5th lane,Srinivas Nagar,Hyderabad,Telangana
17.427086,78.5550934,Lane No 4,Nacharam,Hyderabad,Telangana
17.4382557,78.4505271,DharamKaran Road,Ameerpet,Hyderabad,Telangana
17.4212926,78.5954486,Road Number 13,Sri Lakshmi Nagar Colony,Hyderabad,Telangana
17.4431712,78.4640467,Chikoti Gardens,Begumpet,Hyderabad,Telangana
17.4866363,78.5715448,1st Cross Road,Jai Jawan Nagar,Hyderabad,Telangana
17.3054361,78.5293248,Road No 4,Sai Prabhu Homes,Hyderabad,Telangana
17.4796605,78.5830702,Chakripuram Road,Nagarjuna Nagar Colony,Hyderabad,Telangana
17.4846937,78.5976096,Nagaram Road,Nagaram,Hyderabad,Telangana
17.4845748,78.5976438,Nagaram Road,Nagaram,Hyderabad,Telangana
17.4875941,78.600051,Nagaram Road,Nagaram,Hyderabad,Telangana
17.4880692,78.6007579,Nagaram Road,Nagaram,Hyderabad,Telangana
17.4328878,78.5166378,Road No 1,Sitaphalmandi,Hyderabad,Telangana
17.4874107,78.5670951,Saket Road,Arun Nagar,Hyderabad,Telangana
17.4925714,78.5753444,Saket Road,GR Reddy Nagar,Hyderabad,Telangana
17.4284355,78.5472224,Karthikeya Nagar Main Road,Karthikeya Nagar,Hyderabad,Telangana
17.4281735,78.5500859,Karthikeya Nagar Main Road,Karthikeya Nagar,Hyderabad,Telangana
17.4285452,78.5493393,Karthikeya Nagar Main Road,Karthikeya Nagar,Hyderabad,Telangana
17.4036441,78.4160837,IAS Colony road,Deluxe Colony,Hyderabad,Telangana
17.4252777,78.5061103,Street Number 5,Padma Rao Nagar,Hyderabad,Telangana
17.4081679,78.4890751,Street Number 6,Jawahar Nagar,Hyderabad,Telangana
17.4661324,78.5443075,Road Number 9,Santoshi Mata Colony,Hyderabad,Telangana
17.4038264,78.493927,Chikkade Palli Street 4,Jawahar Nagar,Hyderabad,Telangana
17.4051649,78.4929368,Chikkade Palli Street No 13,Jawahar Nagar,Hyderabad,Telangana
17.4130143,78.4506345,Banjara Avenue,Naveen Nagar,Hyderabad,Telangana
17.4783213,78.5604918,Sainikpuri-ECIL Main Road,Anupuram,Hyderabad,Telangana
17.4771032,78.556495,Dr. AS Rao Nagar Road,Geetha Nagar,Hyderabad,Telangana
17.4691329,78.5530077,Ganesh Nagar Degaon Road,Geetha Nagar,Hyderabad,Telangana
17.3987937,78.4865861,Narayana College Lane,Narayanguda,Hyderabad,Telangana
17.4833272,78.5506088,Dr A.S.Rao Nagar Road,Vijayapuri,Hyderabad,Telangana
17.4825257,78.5520967,Dr A.S.Rao Nagar Road,Vijayapuri,Hyderabad,Telangana
17.4843112,78.5536173,Netaji Nagar Cross Road,Vijayapuri,Hyderabad,Telangana
17.4922495,78.5652128,Yellareddyguda Road,Arun Nagar,Hyderabad,Telangana
17.3950741,78.4955332,Baghlingmpally Cross Road,Barkatpura,Hyderabad,Telangana
17.4727121,78.5050042,street number 1,SBH Colony,Hyderabad,Telangana
17.4030348,78.333093,Golden Mile Extention road,Kokapet,Hyderabad,Telangana
17.3914226,78.3394957,Golden Mile Road,Kokapet,Hyderabad,Telangana
17.3906629,78.3431408,Kokapet main road,Kokapet,Hyderabad,Telangana
17.4654101,78.5329484,Lane Number 2,Dayanand Nagar,Hyderabad,Telangana
17.4643167,78.5330747,Lane Number 2,Dayanand Nagar,Hyderabad,Telangana
17.4073904,78.5178266,ECE Department Rd,DD Colony,Hyderabad,Telangana
17.4028996,78.3720311,Hanuman temple road,Manikonda,Hyderabad,Telangana
17.4691456,78.5393425,vinayak nagar road,Safilguda,Hyderabad,Telangana
17.4684649,78.5396808,6th Lane,Safilguda,Hyderabad,Telangana
17.4694914,78.539702,5th Lane,Safilguda,Hyderabad,Telangana
17.4690907,78.5399079,vinayak nagar road,Safilguda,Hyderabad,Telangana
17.4524622,78.3086963,Nallagandla Road,Nallagandla,Hyderabad,Telangana
17.4510347,78.310822,Nallagandla Road,Gulmohar Park Colony,Hyderabad,Telangana
17.4183481,78.5576275,Road No 1,Jaya Raghavendra Nagar,Hyderabad,Telangana
17.4173557,78.557847,Kalyanpuri Colony Road,Jaya Raghavendra Nagar,Hyderabad,Telangana
17.4155572,78.5570633,Kalyanpuri Colony Road,Jaya Raghavendra Nagar,Hyderabad,Telangana
17.4144175,78.5564687,Kalyanpuri Colony Road,Jaya Raghavendra Nagar,Hyderabad,Telangana
17.45433,78.3872469,Madhapur road,Chanda Naik Thanda,Hyderabad,Telangana
17.4092391,78.5617172,Temple Street,Bank Colony,Hyderabad,Telangana
17.407486,78.5703285,Street Number 1,Sri Sri Nagar Colony,Hyderabad,Telangana
17.4069789,78.5706814,Street Number 3,Sri Sri Nagar Colony,Hyderabad,Telangana
17.4073987,78.5708419,Street Number 2,Sri Sri Nagar Colony,Hyderabad,Telangana
17.4726883,78.5453972,E Kakatiya Nagar Road,East Deen Dayal Nagar,Hyderabad,Telangana
17.4793386,78.538035,Neredmet Sainik Vihar Main Road,Kakatiya Nagar,Hyderabad,Telangana
17.3967743,78.5202914,Street Number 20,Ramakrishna Nagar,Hyderabad,Telangana
17.3955338,78.5195416,Street Number 20,Bharat Nagar,Hyderabad,Telangana
17.4003205,78.5216564,DD Colony Road Number 3,DD Colony,Hyderabad,Telangana
17.400565,78.5221351,Road Number 8,DD Colony,Hyderabad,Telangana
17.3953929,78.5303431,2nd Cross B Road,Gokhale Nagar,Hyderabad,Telangana
17.3945285,78.5304646,4th Cross B Road,Gokhale Nagar,Hyderabad,Telangana
17.3945181,78.529242,Polytechnic College Main Road,Bapu Nagar,Hyderabad,Telangana
17.3908814,78.5346016,Ramshankar Nagar Main Road,RTC Colony,Hyderabad,Telangana
17.3929967,78.5298947,Srinivasapuram road,Madhura Nagar,Hyderabad,Telangana
17.3936605,78.5303767,5th Cross A Road,Madhura Nagar,Hyderabad,Telangana
17.3934919,78.5296026,7th Cross A Road,Bapu Nagar,Hyderabad,Telangana
17.3935713,78.5300013,Srinivasapuram road,Madhura Nagar,Hyderabad,Telangana
17.3895459,78.5337268,Ramshankar Nagar Lane 1,Endowment Colony,Hyderabad,Telangana
17.389392,78.5321876,Street No 2,Endowment Colony,Hyderabad,Telangana
17.3838824,78.4912807,Street Name 1A,Esamia Bazaar,Hyderabad,Telangana
17.5333542,78.3245343,Sai Ambica Road Number 5,Shanthi Sri Nagar,Hyderabad,Telangana
17.5321108,78.3203153,Road Number 16,Narendra Nagar,Hyderabad,Telangana
17.3762543,78.5004866,Malakpet Mutton Market Road,Jamal Colony,Hyderabad,Telangana
17.4476284,78.3898812,Road Number 9,Ayyappa Society Colony,Hyderabad,Telangana
17.4496947,78.3941291,Road Number 51,Ayyappa Society Colony,Hyderabad,Telangana
17.4497098,78.3938083,Road Number 51,Ayyappa Society Colony,Hyderabad,Telangana
17.4505638,78.3946444,Road Number 46,Ayyappa Society Colony,Hyderabad,Telangana
17.3423569,78.4957246,Moin Bagh Road,Habeeb Nagar,Hyderabad,Telangana
17.4442659,78.4701912,Sardar Patel Road,Prakash Nagar,Hyderabad,Telangana
17.4441004,78.4701707,Sardar Patel Road,Prakash Nagar,Hyderabad,Telangana
17.4374427,78.3872919,Sumukhi orbit road,Madhapur,Hyderabad,Telangana
17.3694762,78.5247386,Santhoshi Maatha Temple Road,Dilsukh Nagar,Hyderabad,Telangana
17.4851481,78.5639849,Street Number 8,Sri Ram Naga,Hyderabad,Telangana
17.4848158,78.5634424,Road Number 1,Sri Ram Naga,Hyderabad,Telangana
17.4846075,78.564001,Road Number 1,Sri Ram Naga,Hyderabad,Telangana
17.4851114,78.5647326,Street Number 6,Sri Ram Naga,Hyderabad,Telangana
17.4821518,78.5593221,H. T. Line Road,Prashanti Nagar,Hyderabad,Telangana
17.3593383,78.5105375,Street Number 6,Lakshmi Nagar,Hyderabad,Telangana
17.3592949,78.5109689,Vinaynagar - Saidbad Road,Lakshmi Nagar,Hyderabad,Telangana
17.3509344,78.5109647,Vinaynagar - Saidbad Road,Vinay Nagar,Hyderabad,Telangana
17.3516635,78.5119572,7th Cross Road,Vinay Nagar,Hyderabad,Telangana
17.4129884,78.3722607,Sai Aishawarya Layout road,Janmabhoomi Colony,Hyderabad,Telangana
17.4153041,78.3720821,Road No. 6,Janmabhoomi Colony,Hyderabad,Telangana
17.411628,78.3815217,Road Number 23,Janmabhoomi Colony,Hyderabad,Telangana
17.4837638,78.3916408,KPHB 9th Phase Road,Phase 5,Hyderabad,Telangana
17.4867888,78.3948884,BSNL Office Road,Phase 3,Hyderabad,Telangana
17.4105974,78.3818697,Road Number 32C,Janmabhoomi Colony,Hyderabad,Telangana
17.4105745,78.3822851,Road Number 32C,Janmabhoomi Colony,Hyderabad,Telangana
17.4101114,78.3820632,Road Number 5J,Janmabhoomi Colony,Hyderabad,Telangana
17.4892798,78.4004916,KPHB Road No 1 Road,Phase 3,Hyderabad,Telangana
17.4096647,78.3813645,Road Number 5E,Janmabhoomi Colony,Hyderabad,Telangana
17.4096467,78.3818081,Road Number 5E,Janmabhoomi Colony,Hyderabad,Telangana
17.4937756,78.3994565,Road Number 3,KPHB Colony,Hyderabad,Telangana
17.4928297,78.3993825,Cross Street 4,KPHB Colony,Hyderabad,Telangana
17.507754,78.4622512,Quthubullapur Main Road,Jayaram Nagar,Hyderabad,Telangana
17.3696319,78.3765515,Bairagiguda road,Sai Valmiki Nagar,Hyderabad,Telangana
17.4982417,78.4691736,Bank Colony Road,Bank Colony,Hyderabad,Telangana
17.4983837,78.4664925,Street Number 5,Bank Colony,Hyderabad,Telangana
17.3713553,78.3710033,Bairagiguda road,Bairagiguda,Hyderabad,Telangana
17.3831439,78.3642927,Bay Hills road,Greenlands,Hyderabad,Telangana
17.3901573,78.3640936,Caterpillar road,Narsingi,Hyderabad,Telangana
17.3361479,78.4436746,Hassan nagar road,Rasheed Colony,Hyderabad,Telangana
17.3368566,78.4708458,Quadri chaman road,Jangamet,Hyderabad,Telangana
17.3425542,78.4784198,Kandikal Gate New Flyover road,Chatrinaka,Hyderabad,Telangana
17.3507869,78.4677687,Shah Ali Banda road,Shakkar Gunj,Hyderabad,Telangana
17.3494395,78.4688802,Shah Ali Banda road,Shakkar Gunj,Hyderabad,Telangana
17.5402741,78.4353914,Suraram Market Road,Sivalaya Nagar Colony,Hyderabad,Telangana
17.4840345,78.4088153,Balaji Nagar Main Road,Balaji Nagar,Hyderabad,Telangana
17.4836774,78.4109871,Balaji Nagar Main Road,Balaji Nagar,Hyderabad,Telangana
17.4848585,78.4099829,Balaji Nagar Main Road,Balaji Nagar,Hyderabad,Telangana
17.3762044,78.4699164,Begum Bazar Road,Begum Bazaar,Hyderabad,Telangana
17.3953363,78.4852855,Hyderguda Main Road,Ramkote,Hyderabad,Telangana
17.5389039,78.4383481,Jai Sri Ram Nagar Road Number 1,Sivalaya Nagar Colony,Hyderabad,Telangana
17.5415631,78.4406865,luies brail street,Dayanand Nagar,Hyderabad,Telangana
17.5424411,78.4384418,NTR Nagar Road,Dayanand Nagar,Hyderabad,Telangana
17.5128628,78.5002988,Road Number 9,Ambedkar Nagar,Hyderabad,Telangana
17.5119994,78.4998719,HT Road,Ambedkar Nagar,Hyderabad,Telangana
17.3705116,78.5300928,Road No 5A,MCH Colony,Hyderabad,Telangana
17.374189,78.5334805,chaitanya puri main road,MCH Colony,Hyderabad,Telangana
17.3756318,78.5466402,Sri Vyshnava Nagar Road,Vijayapuri Colony,Hyderabad,Telangana
17.3746861,78.5474705,1,Vijayapuri Colony,Hyderabad,Telangana
17.3775554,78.5515783,Road No 11,Samathapura Colony,Hyderabad,Telangana
17.4388853,78.3320199,Goldcrest School road,Gowlidoddi,Hyderabad,Telangana
17.4668839,78.4584041,Government School Road,Raju Colony,Hyderabad,Telangana
17.4667349,78.4576357,Vinayak Nagar Balanagar Road,Vinayak Nagar,Hyderabad,Telangana
17.4649053,78.456166,Vinayak Nagar Balanagar Road,Vinayak Nagar,Hyderabad,Telangana
17.4673143,78.4578427,Vinayak Nagar Balanagar Road,Raju Colony,Hyderabad,Telangana
17.3762873,78.5511365,Road No 7,Samathapura Colony,Hyderabad,Telangana
17.4635794,78.4540098,Balanagar Main Road,shobna,Hyderabad,Telangana
17.463678,78.4540846,Balanagar Main Road,shobna,Hyderabad,Telangana
17.5051862,78.5114773,Alwal Lake Road,Rajiv Nagar,Hyderabad,Telangana
17.4940687,78.4580148,Ambedkar Nagar Road,Cherkupally Colony.,Hyderabad,Telangana
17.3702959,78.5494626,SBI Colony Road,Telephone Colony,Hyderabad,Telangana
17.369737,78.5489645,Road No 5,Telephone Colony,Hyderabad,Telangana
17.4947686,78.4528954,Lane Number 6,Chintal Bus stop,Hyderabad,Telangana
17.3682188,78.5480239,Road Number 7,RK Puram,Hyderabad,Telangana
17.3691366,78.5473867,Alkapuri-RK Puram Road,RK Puram,Hyderabad,Telangana
17.4953306,78.4453341,Road Number 11,Bhagat Singh Nagar,Hyderabad,Telangana
17.367864,78.5480629,Road No 1,RK Puram,Hyderabad,Telangana
17.493575,78.443101,Badi Masjid Road,Bhagat Singh Nagar,Hyderabad,Telangana
17.5069169,78.4613684,gujari gardens,Jayaram Nagar,Hyderabad,Telangana
17.502694,78.4572519,Quthbullapur Main Road,Venkateswara Nagar,Hyderabad,Telangana
17.3735674,78.5563255,Road No 9,Ananda Nagar,Hyderabad,Telangana
17.370511,78.5555719,Road No 9,Income Tax Colony,Hyderabad,Telangana
17.3712708,78.5557888,Road No 3,Ananda Nagar,Hyderabad,Telangana
17.3605721,78.5458388,GreenHills Colony Road Number 3,Dwarkapuri,Hyderabad,Telangana
17.3616612,78.5470594,Road No 2/B,Dwarkapuri,Hyderabad,Telangana
17.4153101,78.3520152,Shri ram Universal school road,Financial District,Hyderabad,Telangana
17.3657417,78.5598339,Road No 4/3,Sai Nagar,Hyderabad,Telangana
17.3633796,78.5594782,Road No 2,Sai Nagar,Hyderabad,Telangana
17.3718314,78.5604082,Road Number 17,Ananda Nagar,Hyderabad,Telangana
17.3719507,78.5631051,Road Number 3,Sri Ganesh Nagar Colony,Hyderabad,Telangana
17.3740855,78.5613632,Nagole-Bandlaguda Main Road,Ananda Nagar,Hyderabad,Telangana
17.4589901,78.3039585,Aditya Elegance Road,Nallagandla,Hyderabad,Telangana
17.3798181,78.5743614,Road Number 8,Sri sai Narayana Colony,Hyderabad,Telangana
17.4444679,78.3618221,Street No.3,J V Colony,Hyderabad,Telangana
17.4824173,78.3794344,Street Number 54,Venkata Ramana Colony,Hyderabad,Telangana
17.4834733,78.374823,Road Number 5A,Venkata Ramana Colony,Hyderabad,Telangana
17.4891072,78.3754222,Road Number 17B,Venkata Ramana Colony,Hyderabad,Telangana
17.4893042,78.375059,Road Number 21,Venkata Ramana Colony,Hyderabad,Telangana
17.3427074,78.5601337,Bank Colony Road,Agamaiah Nagar,Hyderabad,Telangana
17.3488979,78.5614246,Road No 8,Central Bank Colony,Hyderabad,Telangana
17.4460974,78.3911191,Road No. 4,Ayyappa Society Colony,Hyderabad,Telangana
17.4907609,78.3826145,Road Number 18,Phase 9,Hyderabad,Telangana
17.4368981,78.3692672,Road Number 5,Telecom Nagar,Hyderabad,Telangana
17.3493754,78.5536235,Road No 3,Bhoolaxmi Colony,Hyderabad,Telangana
17.4308428,78.3784168,Dallas centre road,Madhura Nagar Colony,Hyderabad,Telangana
17.4309648,78.378265,Dallas centre road,Madhura Nagar Colony,Hyderabad,Telangana
17.4710039,78.3906181,Road Number 2,APHB Colony,Hyderabad,Telangana
17.3496274,78.5507451,Road No 5,LB Nagar,Hyderabad,Telangana
17.3436671,78.5069717,Santosh Nagar Main ROad,DMRL X Roads,Hyderabad,Telangana
17.3575042,78.505345,Sayeedabad Main Road,DhobiGhat Jn,Hyderabad,Telangana
17.477155,78.3906102,Raintree Park Road,Phase 7,Hyderabad,Telangana
17.4281062,78.4012746,Road Number 49A,Silent Valley Hills,Hyderabad,Telangana
17.4712219,78.3349412,Yadav's Street,Sudarshan Nagar Colony,Hyderabad,Telangana
17.4418128,78.3821595,Huda Techno Enclave road,Vittal Rao Nagar,Hyderabad,Telangana
17.4417215,78.3821392,Huda Techno Enclave road,Vittal Rao Nagar,Hyderabad,Telangana
17.3993021,78.3834052,Road Number 1,Srinagar Colony,Hyderabad,Telangana
17.4619299,78.3522811,Sriram Nagar Road,Sriram Nagar,Hyderabad,Telangana
17.3478788,78.5326037,Road Number 6,Tapovan Colony,Hyderabad,Telangana
17.4797325,78.3496907,Nanne Estate Road,Vishal Nagar,Hyderabad,Telangana
17.4682014,78.3614224,Road Number 4B,Raghavendra Colony,Hyderabad,Telangana
17.3443246,78.535748,Road Number 1,Srinidhi Colony,Hyderabad,Telangana
17.4814999,78.3622008,Aditya Nagar Road Number 3,Aditya Nagar,Hyderabad,Telangana
17.498651,78.3871735,Service Road,Vasantha Nagar,Hyderabad,Telangana
17.3227472,78.5290044,Meerpet Road,Sarvodaya Colony,Hyderabad,Telangana
17.3226601,78.5308113,Meerpet Road,NBR Colony,Hyderabad,Telangana
17.3206957,78.5770981,Bank Colony Road,Saheb Nagar,Hyderabad,Telangana
17.272782,78.5855942,Road Number 2,Vintage Homes,Hyderabad,Telangana
17.304884,78.5302341,Street No 7,Sai Prabhu Homes,Hyderabad,Telangana
17.4490308,78.3692909,Lane Number 10,Studiorigin - Interior Designer in Hyderabad,Hyderabad,Telangana
17.3132394,78.5290177,Street No 8,Sai Nagar,Hyderabad,Telangana
17.3132798,78.5287044,Street No 6,Sai Nagar,Hyderabad,Telangana
17.5069715,78.3292148,Aparna Hillpark Road,Madhavapuri Colony,Hyderabad,Telangana
17.3207071,78.5353455,Road No 15,SIRLA hills,Hyderabad,Telangana
17.451068,78.3693793,Cross Street 1,Whitefields,Hyderabad,Telangana
17.4911653,78.3966229,Aakruthi Enclave Road,KPHB Colony,Hyderabad,Telangana
17.3186994,78.5426886,Road No 4,Shiva Ganga Hills,Hyderabad,Telangana
17.3055146,78.5233507,Road No 1,Sai Homes Colony,Hyderabad,Telangana
17.4869117,78.3871412,Meridian School Road,Phase 6,Hyderabad,Telangana
17.486191,78.388605,KPHB 6th Phase Road,Phase 6,Hyderabad,Telangana
17.4857511,78.3774342,Berachah Church Lane,Venkata Ramana Colony,Hyderabad,Telangana
17.4855125,78.3779434,Berachah Church Lane,Venkata Ramana Colony,Hyderabad,Telangana
17.2979546,78.532125,Badangpet Road,Ramidi Chandrareddy Colony,Hyderabad,Telangana
17.297925,78.532055,Badangpet Road,Ramidi Chandrareddy Colony,Hyderabad,Telangana
17.4598759,78.3647828,Kothaguda Village Road,Kothaguda,Hyderabad,Telangana
17.4624896,78.3660297,Kothaguda Village Road,jubilee gardens,Hyderabad,Telangana
17.3232748,78.5523383,Main Road Number 1,Dwaraka Nagar,Hyderabad,Telangana
17.4711797,78.3561472,Lane Number 1,Raja Rajeshwari Nagar,Hyderabad,Telangana
17.4705274,78.356521,Jaswitha Street,Raja Rajeshwari Nagar,Hyderabad,Telangana
17.4734104,78.3555745,Street Number 5,Raja Rajeshwari Nagar,Hyderabad,Telangana
17.4710536,78.3509466,Lane Number 1,Raja Rajeshwari Nagar,Hyderabad,Telangana
17.470058,78.3524503,Seshadri Marg,Raja Rajeshwari Nagar,Hyderabad,Telangana
17.4700352,78.3533849,Jai Durga Road,Raja Rajeshwari Nagar,Hyderabad,Telangana
17.4133836,78.4152467,Road Number 5,Navirman Nagar,Hyderabad,Telangana
17.473467,78.3609386,4th Lane,Raghavendra Colony,Hyderabad,Telangana
17.472736,78.3601852,Road Number 27,Raghavendra Colony,Hyderabad,Telangana
17.4161176,78.4178677,Road Number 86,Navirman Nagar,Hyderabad,Telangana
17.4153897,78.4181344,Road Number 86,Navirman Nagar,Hyderabad,Telangana
17.3285717,78.5474621,Satyadev Enclave Road No. 4,R K R Enclave,Hyderabad,Telangana
17.4778145,78.3619086,Road Number 26,Aditya Nagar,Hyderabad,Telangana
17.3296884,78.5403083,Street No 4,Sri Ramana Colony,Hyderabad,Telangana
17.4766972,78.3565837,Haneef Colony Street,Raja Rajeshwari Nagar,Hyderabad,Telangana
17.4771572,78.356741,Haneef Colony Street,Aditya Nagar,Hyderabad,Telangana
17.4788509,78.3607801,Marthanda Nagar Road Number 1,Aditya Nagar,Hyderabad,Telangana
17.3140758,78.5614023,Tirumala Nagar Road,sripuram,Hyderabad,Telangana
17.4978509,78.3206409,Road Number 4,Gowtami Nagar Colony,Hyderabad,Telangana
17.3305526,78.574594,Rhythu Bazar Road,Raithu Bazar,Hyderabad,Telangana
17.3314383,78.5737261,Government School Road,Raithu Bazar,Hyderabad,Telangana
17.49446,78.3460585,Venkateswara Temple Road,Mythrinagar,Hyderabad,Telangana
17.3671171,78.4709675,Ghansi Bazar,Riqab Gunj,Hyderabad,Telangana
17.3921159,78.4738658,Fateh sultan lane,SBH Gun Foundry Jn,Hyderabad,Telangana
17.3927205,78.4744922,Chirag Ali Lane,SBH Gun Foundry Jn,Hyderabad,Telangana
17.4948077,78.3783825,Road Number 2B,APHB Colony,Hyderabad,Telangana
17.3166329,78.5639791,Narsimha Swamy Temple Road,KDR Nagar,Hyderabad,Telangana
17.3179825,78.5689409,Road Number 9/6,Vaidehi Nagar,Hyderabad,Telangana
17.4914456,78.3506382,Road Number 7,Allwyn Colony,Hyderabad,Telangana
17.3195142,78.5756995,Road Number 18,Medical & Health Colony,Hyderabad,Telangana
17.3284569,78.5847955,Raithu Bazar Road,Sharada Nagar,Hyderabad,Telangana
17.3310056,78.5845111,Road Number 4,High Court Colony,Hyderabad,Telangana
17.329839,78.5882956,Road Number 7,Bhagyalatha Colony,Hyderabad,Telangana
17.3313323,78.5884752,Shivalayam Road,Arunodaya Nagar,Hyderabad,Telangana
17.328125,78.586693,Raithu Bazar Road,Sharada Nagar,Hyderabad,Telangana
17.3342437,78.5816734,Dwarakamainagar Colony Road,Dwarakamai Nagar,Hyderabad,Telangana
17.347463,78.4299994,Left Street Number 1,Mir Mahmood Colony,Hyderabad,Telangana
17.5122821,78.373496,College Road,Mayuri Nagar,Hyderabad,Telangana
17.5105581,78.3720461,Road Number 28B,Mayuri Nagar,Hyderabad,Telangana
17.5102287,78.3729795,Road Number 28B,Nadigada Thada,Hyderabad,Telangana
17.3185412,78.6540062,Vijaywada Highway,Surya Vamshi Garden City,Hyderabad,Telangana
17.5167917,78.3562526,B K Enclave Road Number 1,Prajay Shelters,Hyderabad,Telangana
17.3558617,78.3960867,Road Number 4,Padmasree Hills,Hyderabad,Telangana
17.3569174,78.39582,Padmasri Hills road number 3,Padmasree Hills,Hyderabad,Telangana
17.5229857,78.3569428,Rd Number 2,Prajay Shelters,Hyderabad,Telangana
17.3570166,78.3971023,Padmasri Hills road number 3,Padmasree Hills,Hyderabad,Telangana
17.36178,78.41433,Street Number 26,Sirimalle Nagar,Hyderabad,Telangana
17.365805,78.4149815,Street Number 1,Sirimalle Nagar,Hyderabad,Telangana
17.365794,78.4140703,Street Number 1,Sirimalle Nagar,Hyderabad,Telangana
17.3655445,78.4173747,Street Number 1,Sirimalle Nagar,Hyderabad,Telangana
17.3420108,78.5043939,Inner Ring Road,DMRL X Roads,Hyderabad,Telangana
17.5250336,78.3720946,Nizampet Road,Nizampet,Hyderabad,Telangana
17.3983073,78.3838694,Road Number 4,Srinagar Colony,Hyderabad,Telangana
17.3992146,78.3834552,Road Number 1,Srinagar Colony,Hyderabad,Telangana
17.4005861,78.3901334,Pupplaguda-Shaikpet Road,Jaihind Nagar Colony,Hyderabad,Telangana
17.4011178,78.3916193,Road Number 1,Jaihind Nagar Colony,Hyderabad,Telangana
17.408332,78.391851,Reddy street,OU Staff Colony,Hyderabad,Telangana
17.4082652,78.3922945,Reddy street,OU Staff Colony,Hyderabad,Telangana
17.4057718,78.3976385,Street Number 11,Shaikpet,Hyderabad,Telangana
17.4896762,78.3945815,Street Number 14,Phase 3,Hyderabad,Telangana
17.3804101,78.4504321,Jhirra road,HUDA Colony,Hyderabad,Telangana
17.3691371,78.4225422,Laxmi Nagar Colony road,Hasan Nagar,Hyderabad,Telangana
17.3630732,78.4450853,Omer Masjid road,Asad Baba Nagar,Hyderabad,Telangana
17.3629034,78.4449298,Omer Masjid road,Asad Baba Nagar,Hyderabad,Telangana
17.3627838,78.4448206,Omer Masjid road,Asad Baba Nagar,Hyderabad,Telangana
17.3587463,78.4420893,AI Noor Masjid road,Asad Baba Nagar,Hyderabad,Telangana
17.4989609,78.4080608,Gajularamaram Road,Navodaya Colony,Hyderabad,Telangana
17.5113935,78.4240851,Jagathgiri Gutta Road,Lenin Nagar,Hyderabad,Telangana
17.5114695,78.4237379,Jagathgiri Gutta Road,Lenin Nagar,Hyderabad,Telangana
17.5130377,78.4243053,Umadevi Nagar Street Number 8A,Lenin Nagar,Hyderabad,Telangana
17.4915467,78.4102216,Suman Hospital Lane,Chaitanya Nagar,Hyderabad,Telangana
17.4904541,78.4096572,Road Number 2,Chaitanya Nagar,Hyderabad,Telangana
17.4897205,78.4097184,3rd Road,Chaitanya Nagar,Hyderabad,Telangana
17.4872356,78.413434,Ramalayam Road,Sumitra Nagar,Hyderabad,Telangana
17.4963038,78.4179573,Chittaramma Temple Road,Saptagiri Colony,Hyderabad,Telangana
17.5066423,78.4161797,Tulasi Nagar Road,Allwyn Colony,Hyderabad,Telangana
17.5086079,78.4244798,Ringbasthi Community Hall road,Srinivasa Nagar,Hyderabad,Telangana
17.4949027,78.4282599,Street Number 5,Devamma Basthi,Hyderabad,Telangana
17.4813271,78.4176388,On PIDC Road,Sangeet Nagar,Hyderabad,Telangana
17.4947967,78.420305,Kukatpally-Jagathgiri Gutta Road,Saptagiri Colony,Hyderabad,Telangana
17.4958377,78.4165434,Bhashyam School Road,Saptagiri Colony,Hyderabad,Telangana
17.50285,78.4183862,Road Number 1,Shiva Nagar,Hyderabad,Telangana
17.5071181,78.4086846,Road Number 3,Gandhi Statue;Yellamma Banda,Hyderabad,Telangana
17.4802744,78.4172119,IDL Access Road,Sangeet Nagar,Hyderabad,Telangana
17.4801174,78.4170576,IDL Access Road,Sangeet Nagar,Hyderabad,Telangana
17.4161616,78.3438834,Road No. 1,Financial District,Hyderabad,Telangana
17.4169267,78.3423772,Road No. 1,Financial District,Hyderabad,Telangana
17.4302573,78.3785151,Dallas centre road,Madhura Nagar Colony,Hyderabad,Telangana
17.4302374,78.3783729,Dallas centre road,Madhura Nagar Colony,Hyderabad,Telangana
17.4277684,78.3788244,Dallas centre road,Madhura Nagar Colony,Hyderabad,Telangana
17.4843094,78.548798,Sainikpuri-ECIL Main Road,AS Rao Nagar,Hyderabad,Telangana
17.5446276,78.3629861,Mallampet Road,Bachupally,Hyderabad,Telangana
17.5519431,78.3620209,Mallampet Road,Mallampet,Hyderabad,Telangana
17.3855297,78.3643608,Bay Hills road,Greenlands,Hyderabad,Telangana
17.3880645,78.3643413,Bay Hills road,Narsingi,Hyderabad,Telangana
17.4493271,78.3637546,Gachibowli - Miyapur Highway,Studiorigin - Interior Designer in Hyderabad,Hyderabad,Telangana
17.4495846,78.3639621,Gachibowli - Miyapur Highway,Studiorigin - Interior Designer in Hyderabad,Hyderabad,Telangana
17.4503262,78.3638712,Gachibowli - Miyapur Highway,Studiorigin - Interior Designer in Hyderabad,Hyderabad,Telangana
17.4277014,78.3421094,Wipro SEZ Parking Route,Nanakramguda,Hyderabad,Telangana
17.3997361,78.3394853,Golden Mile Road,Kokapet,Hyderabad,Telangana
17.3947278,78.3411203,Golden Mile Road,Kokapet,Hyderabad,Telangana
17.396586,78.3409023,Golden Mile Road,Kokapet,Hyderabad,Telangana
17.3963131,78.3409549,Golden Mile Road,Kokapet,Hyderabad,Telangana
17.3968668,78.3407849,Golden Mile Road,Kokapet,Hyderabad,Telangana
17.3545575,78.4010136,Maple Town Main Road,Officer's Colony,Hyderabad,Telangana
17.3558979,78.3951761,Road Number 4,Padmasree Hills,Hyderabad,Telangana
17.4209764,78.3320814,Brigade Towers Driveway,Nanakramguda,Hyderabad,Telangana
17.4183874,78.3590497,Khajaguda Nanakramguda road,Khajaguda,Hyderabad,Telangana
17.4968468,78.3615749,Bollaram Road,Madhava Nagar,Hyderabad,Telangana
17.4967252,78.3616258,Miyapur - Allwyn Cross Road Mumbai Highway,Madhava Nagar,Hyderabad,Telangana
17.4966917,78.3616809,Bollaram Road,Madhava Nagar,Hyderabad,Telangana
17.5230249,78.3211899,Ameenpur Road,Ameenapur,Hyderabad,Telangana
17.3637248,78.4251298,Hyderguda road,Radha Krishna Nagar,Hyderabad,Telangana
17.4053643,78.4725302,Birla Temple Road,Hill Fort,Hyderabad,Telangana
17.3892029,78.6364962,Peerzadiguda Main Road,Swarnagiri Colony,Hyderabad,Telangana
17.3905202,78.6178808,Peerzadiguda Main Road,Parvathapuram,Hyderabad,Telangana
17.5467448,78.3852739,lahari green park road,Simhapuri Colony,Hyderabad,Telangana
17.4478085,78.4977319,TGSRTC Jublee Bus Station Inner Road,Picket,Hyderabad,Telangana
17.4478004,78.497076,TGSRTC Jublee Bus Station Inner Road,Picket,Hyderabad,Telangana
17.4478522,78.4990792,TGSRTC Picket Bus Depot Inner Road,Picket,Hyderabad,Telangana
17.4482872,78.4965721,TGSRRC Jublee Bus Station Inner Road,Picket,Hyderabad,Telangana
17.4472698,78.4969032,TGSRTC Jublee Bus Station Inner Road,Picket,Hyderabad,Telangana
17.3298751,78.4853112,Inner Ring Road,Phool Bagh,Hyderabad,Telangana
17.3630292,78.4223367,Hyderguda road,Radha Krishna Nagar,Hyderabad,Telangana
17.3619931,78.421015,Hyderguda road,Radha Krishna Nagar,Hyderabad,Telangana
17.4470266,78.305797,Gopanpally - Wipro Road,Gowlidoddi,Hyderabad,Telangana
17.4459182,78.3072934,Gopanpally - Wipro Road,Gowlidoddi,Hyderabad,Telangana
17.444732,78.3084106,Gopanpally - Wipro Road,Gowlidoddi,Hyderabad,Telangana
17.4453319,78.3077005,Gopanpally - Wipro Road,Gowlidoddi,Hyderabad,Telangana
17.3293287,78.4142476,Ag University Rd,Premavathipet,Hyderabad,Telangana
17.4364759,78.4608324,Street Number 6,Kundanbagh,Hyderabad,Telangana
17.3891806,78.4421249,Hill colony Rd,Murad Nagar,Hyderabad,Telangana
17.3892406,78.4418838,Hill colony Rd,Murad Nagar,Hyderabad,Telangana
17.4658407,78.4219794,"Goods Shed Road, Moosapet",Moosapet,Hyderabad,Telangana
17.4660302,78.4228088,"Goods Shed Road, Moosapet",Sardar Patel Nagar,Hyderabad,Telangana
17.5115435,78.4226261,Jagathgiri Gutta Road,Lenin Nagar,Hyderabad,Telangana
17.4660577,78.4229155,"Goods Shed Road, Moosapet",Sardar Patel Nagar,Hyderabad,Telangana
17.4617665,78.4651509,Balanagar Main Road,Ferozguda,Hyderabad,Telangana
17.3538631,78.515449,road number 13,Saraswati Colony,Hyderabad,Telangana
17.3537174,78.5156044,road number 13,Saraswati Colony,Hyderabad,Telangana
17.3554692,78.4734409,Charminar Road,Shah Ali Banda,Hyderabad,Telangana
17.5556497,78.3044317,Outer Ring Road,Sultanpur,Hyderabad,Telangana
17.5560927,78.3052145,Outer Ring Road,Sultanpur,Hyderabad,Telangana
17.5555604,78.3046513,Outer Ring Road,Sultanpur,Hyderabad,Telangana
17.5559352,78.3053133,Outer Ring Road,Sultanpur,Hyderabad,Telangana
17.5572978,78.318741,Outer Ring Road,Sultanpur,Hyderabad,Telangana
17.5572231,78.3195181,Outer Ring Road,Sultanpur,Hyderabad,Telangana
17.5571238,78.3186673,Outer Ring Road,Sultanpur,Hyderabad,Telangana
17.5570396,78.3195136,Outer Ring Road,Sultanpur,Hyderabad,Telangana
17.5599074,78.3281307,Outer Ring Road,Sultanpur,Hyderabad,Telangana
17.560341,78.3292967,Outer Ring Road,Sultanpur,Hyderabad,Telangana
17.5597331,78.3281951,Outer Ring Road,Sultanpur,Hyderabad,Telangana
17.5601703,78.32937,Outer Ring Road,Sultanpur,Hyderabad,Telangana
17.5611675,78.368555,Outer Ring Road,Mallampet,Hyderabad,Telangana
17.5610723,78.3696026,Outer Ring Road,Mallampet,Hyderabad,Telangana
17.5613507,78.3685756,Outer Ring Road,Mallampet,Hyderabad,Telangana
17.561254,78.3696383,Outer Ring Road,Mallampet,Hyderabad,Telangana
17.5676303,78.3815883,Outer Ring Road,Laxmi Nagar',Hyderabad,Telangana
17.5727184,78.3847955,Outer Ring Road,Bowrampet,Hyderabad,Telangana
17.5675144,78.3817323,Outer Ring Road,Laxmi Nagar',Hyderabad,Telangana
17.5726369,78.3849685,Outer Ring Road,Bowrampet,Hyderabad,Telangana
17.5849653,78.3976962,Outer Ring Road,Bowrampet,Hyderabad,Telangana
17.5818287,78.3938567,Outer Ring Road,Bowrampet,Hyderabad,Telangana
17.5822776,78.3941141,Outer Ring Road,Bowrampet,Hyderabad,Telangana
17.5819611,78.3937237,Outer Ring Road,Bowrampet,Hyderabad,Telangana
17.5782328,78.5798406,Outer Ring Road,Upparapalle,Hyderabad,Telangana
17.5783477,78.581192,Outer Ring Road,Upparapalle,Hyderabad,Telangana
17.5784764,78.5805219,Outer Ring Road,Upparapalle,Hyderabad,Telangana
17.5785304,78.5811559,Outer Ring Road,Upparapalle,Hyderabad,Telangana
17.5758301,78.6004283,Outer Ring Road,Upparapalle,Hyderabad,Telangana
17.57246,78.609673,Outer Ring Road,Upparapalle,Hyderabad,Telangana
17.5760128,78.5994703,Outer Ring Road,Upparapalle,Hyderabad,Telangana
17.5726348,78.6097379,Outer Ring Road,Upparapalle,Hyderabad,Telangana
17.5708557,78.6135517,Outer Ring Road,Narsampally,Hyderabad,Telangana
17.5692406,78.6174457,Outer Ring Road,Narsampally,Hyderabad,Telangana
17.5710197,78.6136403,Outer Ring Road,Narsampally,Hyderabad,Telangana
17.5694032,78.6175364,Outer Ring Road,Narsampally,Hyderabad,Telangana
17.5537705,78.62831,Outer Ring Road,Narsampally,Hyderabad,Telangana
17.5486125,78.6296768,Outer Ring Road,Yadgarpally,Hyderabad,Telangana
17.553814,78.6284965,Outer Ring Road,Narsampally,Hyderabad,Telangana
17.5486364,78.6298689,Outer Ring Road,Yadgarpally,Hyderabad,Telangana
17.5303034,78.6368305,Outer Ring Road,Cheeriyal,Hyderabad,Telangana
17.5316556,78.6358905,Outer Ring Road,Yadgarpally,Hyderabad,Telangana
17.5326031,78.6354904,Outer Ring Road,Yadgarpally,Hyderabad,Telangana
17.5317405,78.6360594,Outer Ring Road,Yadgarpally,Hyderabad,Telangana
17.5234711,78.6421838,Outer Ring Road,Cheeriyal,Hyderabad,Telangana
17.5227155,78.6427906,Outer Ring Road,Cheeriyal,Hyderabad,Telangana
17.523114,78.6427131,Outer Ring Road,Cheeriyal,Hyderabad,Telangana
17.5228177,78.642951,Outer Ring Road,Cheeriyal,Hyderabad,Telangana
17.412504,78.3069164,Outer Ring Road,Khanapur,Hyderabad,Telangana
17.4126529,78.3048847,Outer Ring Road,Khanapur,Hyderabad,Telangana
17.4125638,78.3007795,Outer Ring Road,Khanapur,Hyderabad,Telangana
17.41247,78.3048626,Outer Ring Road,Khanapur,Hyderabad,Telangana
17.4353248,78.5121987,Rail Nilayam Road Underpass,Chilkalguda,Hyderabad,Telangana
17.4812167,78.3895446,JNTU Malaysian Twp Flyover,Phase 5,Hyderabad,Telangana
17.4610932,78.366915,Gachibowli - Miyapur Highway,jubilee gardens,Hyderabad,Telangana
17.4568269,78.3649088,Kothaguda Underpass,Kothaguda,Hyderabad,Telangana
17.4600571,78.3664439,Kothaguda Underpass,jubilee gardens,Hyderabad,Telangana
17.3503836,78.4522291,Dr.Manmohan Singh Flyover,Ramnaspura,Hyderabad,Telangana
17.3507174,78.4523325,Dr.Manmohan Singh Flyover,Ramnaspura,Hyderabad,Telangana
17.3225392,78.4329549,Dr.Manmohan Singh Flyover,Indra Reddy Nagar,Hyderabad,Telangana
17.3228838,78.4330523,Dr.Manmohan Singh Flyover,Indra Reddy Nagar,Hyderabad,Telangana
17.3025205,78.4206354,Inner Ring Road Underpass,Gagan Pahad,Hyderabad,Telangana
17.3024311,78.42063,Inner Ring Road Underpass,Gagan Pahad,Hyderabad,Telangana
17.3050036,78.4259256,Inner Ring Road Underpass,Sri Rama Nagar,Hyderabad,Telangana
17.3048865,78.4259042,Inner Ring Road Underpass,Sri Rama Nagar,Hyderabad,Telangana
17.3062426,78.4279121,Inner Ring Road Underpass,Sri Rama Nagar,Hyderabad,Telangana
17.3672634,78.4878418,Dabeerpura Road,Dabeerpura,Hyderabad,Telangana
17.3670557,78.4922219,Dabeerpura Flyover,Shah Colony,Hyderabad,Telangana
17.3669906,78.4922221,Dabeerpura Flyover,Shah Colony,Hyderabad,Telangana
17.5585082,78.492452,NH 44,Turkapalli,Hyderabad,Telangana
17.558003,78.4924036,NH 44,Turkapalli,Hyderabad,Telangana
17.5584532,78.4925708,NH44,Turkapalli,Hyderabad,Telangana
17.5580079,78.4925281,NH44,Turkapalli,Hyderabad,Telangana
17.4164432,78.3723267,Sri Venkateswara Nilayam Road,Janmabhoomi Colony,Hyderabad,Telangana
17.4669492,78.4886434,BHEL enclave road,Manovikas Nagar,Hyderabad,Telangana
17.3686819,78.4928447,ibrahim mansion st,Shah Colony,Hyderabad,Telangana
17.3706343,78.4857082,Balshetty Khet Road,Noorkhan Bazaar,Hyderabad,Telangana
17.5542078,78.4928919,Nizamabad Road,Turkapalli,Hyderabad,Telangana
17.3709487,78.5408725,Maruthi Nagar Road,SBI Colony,Hyderabad,Telangana
17.3331079,78.569067,Masjid Road,Vanasthalipuram,Hyderabad,Telangana
17.3292007,78.5690835,Vanasthalipuram Main Road,Vanasthalipuram,Hyderabad,Telangana
17.3293335,78.565786,Goverment Hospital Road,TV Colony,Hyderabad,Telangana
17.3293233,78.5659196,Goverment Hospital Road,TV Colony,Hyderabad,Telangana
17.3771823,78.486603,Chaderghat Road,Kali Khabr,Hyderabad,Telangana
17.3768488,78.4862394,Chaderghat Road,Kali Khabr,Hyderabad,Telangana
17.3768243,78.4862797,Chaderghat Road,Kali Khabr,Hyderabad,Telangana
17.5366622,78.4844667,Jayabheri Park Road,Doolapally,Hyderabad,Telangana
17.362871,78.4801655,Darul Shifa Road,Panjeshah,Hyderabad,Telangana
17.3634951,78.4803117,Darul Shifa Road,Panjeshah,Hyderabad,Telangana
17.4656154,78.3420479,Masjid Banda Main Road,Masjid Banda,Hyderabad,Telangana
17.3378344,78.5697609,Vanasthalipuram Main Road,Indira Nagar,Hyderabad,Telangana
17.4465332,78.3895692,Madhapur Flyover Link,Ayyappa Society Colony,Hyderabad,Telangana
17.4467599,78.3902485,Madhapur Flyover Link,Ayyappa Society Colony,Hyderabad,Telangana
17.3990521,78.4854319,Himayat Nagar Street Number 15,Narayanguda,Hyderabad,Telangana
17.4325424,78.3884681,Durgam Cheruvu Road,Kavuri Hills,Hyderabad,Telangana
17.5134818,78.527698,Balaji Nagar Main Road,Lakadwala Colony,Hyderabad,Telangana
17.5627933,78.4138488,Medak Road,Gandimaisamma,Hyderabad,Telangana
17.4030563,78.5451667,stadium short cut,SS Nagar,Hyderabad,Telangana
17.5409923,78.3637319,Medak Road,Bachupally,Hyderabad,Telangana
17.5405296,78.3636964,Nizampet Road,Bachupally,Hyderabad,Telangana
17.4030797,78.5449742,stadium short cut,SS Nagar,Hyderabad,Telangana
17.4013722,78.5725968,Uppal - Nagole Bypass Road,Santhi Nagar,Hyderabad,Telangana
17.4937951,78.312939,Bhel Road,Taranagar,Hyderabad,Telangana
17.4927705,78.3104053,Bhel Road,BHEL Township,Hyderabad,Telangana
17.332985,78.509569,subhedar malla reddy marg,New Datta Nagar,Hyderabad,Telangana
17.3371573,78.505956,subhedar malla reddy marg,Kanchan Bagh,Hyderabad,Telangana
17.4078703,78.5865105,Boduppal Road,Mallikarjuna Nagar,Hyderabad,Telangana
17.4078517,78.5864481,Boduppal Road,Mallikarjuna Nagar,Hyderabad,Telangana
17.4823406,78.3497092,Nanne Estate Road,Vishal Nagar,Hyderabad,Telangana
17.4825182,78.3497174,Nanne Estate Road,Vishal Nagar,Hyderabad,Telangana
17.4042453,78.3299548,Golden Mile Extention road,Shanthi Nagar,Hyderabad,Telangana
17.404768,78.330089,Golden Mile Extention road,Shanthi Nagar,Hyderabad,Telangana
17.4043907,78.3299381,Golden Mile Extention road,Shanthi Nagar,Hyderabad,Telangana
17.4816296,78.5366425,Malkajagiri Road,Gandhi Nagar,Hyderabad,Telangana
17.4816708,78.5366619,Malkajagiri Road,Gandhi Nagar,Hyderabad,Telangana
17.5135601,78.4647758,Pipe Line Road,Subash Nagar,Hyderabad,Telangana
17.5136229,78.4661449,Pipe Line Road,Subash Nagar,Hyderabad,Telangana
17.4006076,78.5824616,Peerzadiguda Main Road,Hanuman Nagar,Hyderabad,Telangana
17.3983784,78.5865615,Peerzadiguda Main Road,Gayatri Nagar,Hyderabad,Telangana
17.4464317,78.5681495,Nacharam Road,NTR Nagar,Hyderabad,Telangana
17.39969,78.4070315,Street Number 1,Aruna Colony,Hyderabad,Telangana
17.3948264,78.5930806,Peerzadiguda Main Road,Peerzadiguda,Hyderabad,Telangana
17.3923992,78.598012,Peerzadiguda Main Road,Parwathi Nagar,Hyderabad,Telangana
17.3911305,78.6015057,Peerzadiguda Main Road,Parvathapuram,Hyderabad,Telangana
17.3913618,78.6006259,Peerzadiguda Main Road,Parvathapuram,Hyderabad,Telangana
17.3912867,78.6008895,Peerzadiguda Main Road,Parvathapuram,Hyderabad,Telangana
17.5055618,78.3730502,Nadigada tanda slum,Nadigada Thada,Hyderabad,Telangana
17.5051622,78.3730206,Nadigada tanda slum,Nadigada Thada,Hyderabad,Telangana
17.5391927,78.4904996,Nizamabad Road,Brindavan Colony,Hyderabad,Telangana
17.5386369,78.490353,Nizamabad Road,Brindavan Colony,Hyderabad,Telangana
17.535087,78.4891961,Nizamabad Road,Caton Residential Township,Hyderabad,Telangana
17.5399581,78.4905832,Nizamabad Road,Brindavan Colony,Hyderabad,Telangana
17.4993387,78.3988596,Jal Vayu Vihar Road,Satavahana Nagar,Hyderabad,Telangana
17.4992754,78.3983889,Jal Vayu Vihar Road,Satavahana Nagar,Hyderabad,Telangana
17.5026516,78.3984577,medak road,HMT Hills,Hyderabad,Telangana
17.510078,78.3361603,Block 7 Entry Road,Rtc Colony,Hyderabad,Telangana
17.5098079,78.3374334,Block 7 Entry Road,Rtc Colony,Hyderabad,Telangana
17.4058176,78.5164272,Osmania University Road,DD Colony,Hyderabad,Telangana
17.4057953,78.5164786,Osmania University Road,DD Colony,Hyderabad,Telangana
17.4243979,78.52733,Sitaphalmandi Road,Tarnaka Flyover;TGSRTC Hospital,Hyderabad,Telangana
17.4488626,78.5050217,lane number 7,Marredpally,Hyderabad,Telangana
17.4491472,78.5052592,lane number 7,Marredpally,Hyderabad,Telangana
17.422255,78.5260128,Osmania University Road,Manikeshwari Nagar,Hyderabad,Telangana
17.4008177,78.4536029,Rai Janakiprasad Road,Shanti Nagar,Hyderabad,Telangana
17.4006543,78.4536245,Rai Janakiprasad Road,Shanti Nagar,Hyderabad,Telangana
17.4431658,78.6315982,Pocharam Village Main Road,Pocharam,Hyderabad,Telangana
17.4235716,78.6466711,Venkatapur Road,Subprabhat Colony,Hyderabad,Telangana
17.4151711,78.4971082,near vasanh nagar colong,Vasanth Nagar Colony,Hyderabad,Telangana
17.4194204,78.4986911,Musheerabad,Musheerabad,Hyderabad,Telangana
17.410984,78.4978443,Narayanaguda Road,RTC X Road,Hyderabad,Telangana
17.4107225,78.4978473,Narayanaguda Road,RTC X Road,Hyderabad,Telangana
17.4038725,78.5037091,Near Musheerabad,Azamabad X Roads,Hyderabad,Telangana
17.4039084,78.5031532,Near VST bustop,Azamabad X Roads,Hyderabad,Telangana
17.4044141,78.5020494,RTC X road,VST X Roads,Hyderabad,Telangana
17.4042953,78.502558,RTC x Road,VST X Roads,Hyderabad,Telangana
17.4031186,78.5035363,Near vst cross road,Azamabad X Roads,Hyderabad,Telangana
17.4049113,78.5060461,Near Industrial Area,Azamabad X Roads,Hyderabad,Telangana
17.3966979,78.5005958,Near Street no 21 Baghlingampally,Fever Hospital Jn,Hyderabad,Telangana
17.406247,78.5071689,Near Zamistanpuri Road,Azamabad X Roads,Hyderabad,Telangana
17.4081527,78.5027213,TGSRTC Hyderabad Bus Depot Inner Road,VST X Roads,Hyderabad,Telangana
17.4063665,78.4997412,Near TSRTC Workshop,VST X Roads,Hyderabad,Telangana
17.4029971,78.5604897,near uppal ring road,Uppal,Hyderabad,Telangana
17.4021187,78.5585355,near union bank of india,Uppal,Hyderabad,Telangana
17.4028113,78.5610005,near uppal,Uppal,Hyderabad,Telangana
17.4330922,78.3601118,PJR Flyover,Telecom Nagar,Hyderabad,Telangana
17.4439856,78.3629328,PJR Flyover,J V Colony,Hyderabad,Telangana
17.4414493,78.3631656,PJR Flyover,J V Colony,Hyderabad,Telangana
17.4387152,78.3636123,PJR Flyover,Telecom Nagar,Hyderabad,Telangana
17.4386775,78.363711,PJR Flyover,Telecom Nagar,Hyderabad,Telangana
17.3593253,78.5242324,Gaddiannaram Main Road,Habib Nagar,Hyderabad,Telangana
17.3592898,78.5241029,Saidabad Main Road,Habib Nagar,Hyderabad,Telangana
17.3593081,78.5239354,Saidabad Main Road,Habib Nagar,Hyderabad,Telangana
17.3594615,78.5242176,Gaddiannaram Main Road,Habib Nagar,Hyderabad,Telangana
17.5453375,78.3998514,Medak Road,Simhapuri Colony,Hyderabad,Telangana
17.5407334,78.3937635,Pragathi Nagar Road,Simhapuri Colony,Hyderabad,Telangana
17.5407226,78.3940666,Medak Road,Simhapuri Colony,Hyderabad,Telangana
17.5407426,78.3939414,Medak Road,Simhapuri Colony,Hyderabad,Telangana
17.5406301,78.3937614,Pragathi Nagar Road,Simhapuri Colony,Hyderabad,Telangana
17.5407624,78.3938163,Medak Road,Simhapuri Colony,Hyderabad,Telangana
17.5453713,78.3999803,Medak Road,Simhapuri Colony,Hyderabad,Telangana
17.5407868,78.3936639,Medak Road,Simhapuri Colony,Hyderabad,Telangana
17.540691,78.3938112,Medak Road,Simhapuri Colony,Hyderabad,Telangana
17.5314469,78.3951001,Pragathi Nagar Road,Kakatheeya Hills,Hyderabad,Telangana
17.3290696,78.5692535,Goverment Hospital Road,Vanasthalipuram,Hyderabad,Telangana
17.4220502,78.4111355,Road No 1,Journalist Colony,Hyderabad,Telangana
17.4212134,78.4109551,Road No 1,Journalist Colony,Hyderabad,Telangana
17.4211696,78.410836,Road No 1,Journalist Colony,Hyderabad,Telangana
17.4210503,78.4109392,Road No 1,Journalist Colony,Hyderabad,Telangana
17.4208736,78.4111377,Road No 1,Journalist Colony,Hyderabad,Telangana
17.4217801,78.4108955,Road No 1,Journalist Colony,Hyderabad,Telangana
17.5240575,78.443743,Shapur Road,Apurupa Township,Hyderabad,Telangana
17.5247201,78.4448175,Shapur Road,Apurupa Township,Hyderabad,Telangana
17.5406036,78.3938605,Pragathi Nagar Road,Simhapuri Colony,Hyderabad,Telangana
17.5185321,78.4816,Nizamabad Road,Caton Residential Township,Hyderabad,Telangana
17.4130745,78.4476456,Banjara Hills Road Number 11,Sri Ram Nagar Colony,Hyderabad,Telangana
17.4136182,78.4453118,Banjara Hills Road Number 11,Gaffar Khan Colony,Hyderabad,Telangana
17.5041059,78.4080064,Gajularamaram Road,Navodaya Colony,Hyderabad,Telangana
17.502519,78.408225,Gajularamaram Road,Navodaya Colony,Hyderabad,Telangana
17.5066574,78.4083529,Gajularamaram Road,Gandhi Statue;Yellamma Banda,Hyderabad,Telangana
17.5225103,78.3753509,Nizampet Road,Nizampet,Hyderabad,Telangana
17.4153005,78.3297284,Prism road,Financial District,Hyderabad,Telangana
17.4114514,78.6107104,sathyanarayana Puram Road,Medpally,Hyderabad,Telangana
17.4104546,78.6108298,sathyanarayana Puram Road,Medpally,Hyderabad,Telangana
17.5155644,78.3213225,MCOR Vilaasam Internal road,Maruthi Nagar,Hyderabad,Telangana
17.5076823,78.4602644,Quthubullapur Main Road,Ayodhya Nagar,Hyderabad,Telangana
17.5077158,78.4622552,Quthubullapur Main Road,Jayaram Nagar,Hyderabad,Telangana
17.4938843,78.3511884,Gachibowli - Miyapur Road,Allwyn Colony,Hyderabad,Telangana
17.5596113,78.4380882,Doolapally Road,Colony Name,Hyderabad,Telangana
17.5588455,78.4408883,Doolapally Road,Colony Name,Hyderabad,Telangana
17.4523384,78.3875613,Jai Hind Gandhi Road,Chanda Naik Thanda,Hyderabad,Telangana
17.4523471,78.3867327,100 Feet Road,HITEC City,Hyderabad,Telangana
17.4089639,78.539934,Gattaiah Road,Ravindra Nagar,Hyderabad,Telangana
17.4440894,78.4702901,Sardar Patel Road,Prakash Nagar,Hyderabad,Telangana
17.4442528,78.4703061,Sardar Patel Road,Prakash Nagar,Hyderabad,Telangana
17.403138,78.4432232,First Lancer Road,Ahmed Nagar,Hyderabad,Telangana
17.4038836,78.4457065,First Lancer Road,Owaisipura,Hyderabad,Telangana
17.5176875,78.481092,Nizamabad Road,Caton Residential Township,Hyderabad,Telangana
17.3389813,78.5275759,Padma Nagar colony Road,Vijaya Durga Nagar,Hyderabad,Telangana
17.5136318,78.5207882,Hyderabad - Karimnagar Highway,Vivekananda Colony,Hyderabad,Telangana
17.5141868,78.5210718,Hyderabad - Karimnagar Highway,Vivekananda Colony,Hyderabad,Telangana
17.5145197,78.5212227,Hyderabad - Karimnagar Highway,Lakadwala Colony,Hyderabad,Telangana
17.505999,78.5050515,towards alwal,Vasavi Nagar,Hyderabad,Telangana
17.5058903,78.5052708,towards alwal,Vasavi Nagar,Hyderabad,Telangana
17.409223,78.4596521,Chintal Basti Main Road,Chintal Basti,Hyderabad,Telangana
17.4092983,78.3542428,Outer Ring Road,Khajaguda,Hyderabad,Telangana
17.4092651,78.3544442,Outer Ring Road,Khajaguda,Hyderabad,Telangana
17.5630234,78.4509142,Pochamma Temple Road,Colony Name,Hyderabad,Telangana
17.523977,78.3794185,KNR factory road,Nizampet,Hyderabad,Telangana
17.5052878,78.5065237,towards alwal,Vasavi Nagar,Hyderabad,Telangana
17.504716,78.5077083,towards alwal,Alwal,Hyderabad,Telangana
17.4552061,78.4497913,Fatehnagar Flyover,Shastri Nagar,Hyderabad,Telangana
17.3398659,78.5278601,Padma Nagar colony Road,Raghavendra Nagar,Hyderabad,Telangana
17.4184812,78.5841261,Boduppal Colony Road,Boduppal,Hyderabad,Telangana
17.3924929,78.501155,TGSRTC Barkatpura Bus Depot Inner Road,Ratna Nagar,Hyderabad,Telangana
17.4469942,78.497574,TGSRTC Jublee Bus Station Inner Road,Picket,Hyderabad,Telangana
17.4466474,78.4984492,TGSRTC Cantonemt Bus Depot Inner Road,Picket,Hyderabad,Telangana
17.3291009,78.4702397,TGSRTC  Farooq Nagar Bus Depot Inner Road,Al Jubail Colony,Hyderabad,Telangana
17.4796175,78.3944026,KPHB 6th Phase Road,Phase 5,Hyderabad,Telangana
17.4679788,78.5660352,TGSRTC Kushaiguda Bus Depot Inner Road,Green Hills Colony,Hyderabad,Telangana
17.3398139,78.5050243,TGSRTC Midhani Bus Depot Inner Road,DMRL X Roads,Hyderabad,Telangana
17.407853,78.5022024,TGSRTC Hyderabad Bus Depot Inner Road,VST X Roads,Hyderabad,Telangana
17.4079222,78.5037959,TGSRTC Musheerabad - 2 Bus Depot Inner Road,VST X Roads,Hyderabad,Telangana
17.4070473,78.5034545,TGSRTC Musheerabad - 1 Bus Depot Inner Road,VST X Roads,Hyderabad,Telangana
17.4455847,78.4977391,TGSRTC Jublee Bus Station Inner Road,Picket,Hyderabad,Telangana
17.4478412,78.4991513,TGSRTC Picket Bus Depot Inner Road,Picket,Hyderabad,Telangana
17.4318606,78.4868482,TGSRTC Ranigunj - 1 Bus Depot Inner Road,Jeera,Hyderabad,Telangana
17.4273185,78.3405528,Microsoft Entry,Nanakramguda,Hyderabad,Telangana
17.3791674,78.516382,Moosarambagh Road,East Prasanthi Nagar,Hyderabad,Telangana
17.5093443,78.3182815,Ameenpur Road,Maruthi Nagar,Hyderabad,Telangana
17.3383508,78.6090492,Csr colony,Green City Colony,Hyderabad,Telangana
17.4598395,78.5604187,abc road,Parisrama Nagar,Hyderabad,Telangana
17.4910258,78.4100936,Shrija Road,Chaitanya Nagar,Hyderabad,Telangana
17.3932484,78.3411895,Kokapet Grampanchayath road,Kokapet,Hyderabad,Telangana
17.4540207,78.421173,borabanda allahapur road,Kalyan Nagar,Hyderabad,Telangana
17.4539737,78.4204376,borabanda allahapur road,Ramarao Nagar,Hyderabad,Telangana
17.4539616,78.4201271,borabanda allahapur road,Ramarao Nagar,Hyderabad,Telangana
17.4539907,78.4206841,borabanda allahapur road,Ramarao Nagar,Hyderabad,Telangana
17.3466324,78.5511034,Inner Ring Road,Bhoolaxmi Colony,Hyderabad,Telangana
17.3463658,78.5510785,Inner Ring Road,Bhoolaxmi Colony,Hyderabad,Telangana
17.3464775,78.5511699,Inner Ring Road,Bhoolaxmi Colony,Hyderabad,Telangana
17.3464928,78.5509808,Vijaywada Highway,Bhoolaxmi Colony,Hyderabad,Telangana
17.3944883,78.4607481,Dargah Road,Bazaar Ghat,Hyderabad,Telangana
17.3945811,78.4606402,AC Guards Road,Bazaar Ghat,Hyderabad,Telangana
17.3944215,78.4615661,Dargah Road,Bazaar Ghat,Hyderabad,Telangana
17.5211697,78.3201309,Ameenpur Road,Ameenapur,Hyderabad,Telangana
17.3280416,78.5657374,NGO Colony Road,TV Colony,Hyderabad,Telangana
17.3258433,78.5655431,NGO Colony Road,NGOs Colony,Hyderabad,Telangana
17.3261461,78.5655695,NGO Colony Road,NGOs Colony,Hyderabad,Telangana
17.4698515,78.3569527,Seshadri Marg,Raja Rajeshwari Nagar,Hyderabad,Telangana
17.3317471,78.5451553,Santhoshi Matha Temple Lane,Sai Ayodya Nagar,Hyderabad,Telangana
17.5286078,78.3597292,Gulmohar Road,Prajay Shelters,Hyderabad,Telangana
17.5263573,78.3574287,Mandapam Road,Prajay Shelters,Hyderabad,Telangana
17.5282305,78.3586939,Split 1,Prajay Shelters,Hyderabad,Telangana
17.3709966,78.5254896,TGSRTC Dilsukhnagar Bus Depot Inner Road,Durga Nagar,Hyderabad,Telangana
17.4539598,78.4193888,borabanda allahapur road,Ramarao Nagar,Hyderabad,Telangana
17.4539616,78.4188041,borabanda allahapur road,Ramarao Nagar,Hyderabad,Telangana
17.4977404,78.5339608,Yapral-Ammuguda road,Jai Jawahar Nagar,Hyderabad,Telangana
17.4987281,78.535359,Yapral-Ammuguda road,Jai Jawahar Nagar,Hyderabad,Telangana
17.5184152,78.4642913,dattapeetam st,Ram Reddy Nagar,Hyderabad,Telangana
17.4944553,78.3473374,Allwyn - Gangaram Road Mumbai Highway,Mythrinagar,Hyderabad,Telangana
17.4947128,78.3462766,Allwyn - Gangaram Road Mumbai Highway,Mythrinagar,Hyderabad,Telangana
17.4945576,78.3473515,Allwyn - Gangaram Road Mumbai Highway,Mythrinagar,Hyderabad,Telangana
17.4948216,78.346284,Allwyn - Gangaram Road Mumbai Highway,Mythrinagar,Hyderabad,Telangana
17.5758373,78.4237933,Medak Road,Gandimaisamma,Hyderabad,Telangana
17.4221388,78.5873697,Street Number 3,Boduppal,Hyderabad,Telangana
17.3546095,78.5689347,South End Park Road,South End Park,Hyderabad,Telangana
17.3531612,78.5724697,South End Park Road,South End Park,Hyderabad,Telangana
17.3677964,78.4813418,Darul Shifa Road,Purani Haveli,Hyderabad,Telangana
17.3683418,78.4814487,Darul Shifa Road,Purani Haveli,Hyderabad,Telangana
17.3682025,78.4814262,Darul Shifa Road,Purani Haveli,Hyderabad,Telangana
17.5060638,78.4912232,Alwal Road,Bhel R&D Employees Colony,Hyderabad,Telangana
17.5061911,78.4917594,Alwal Road,Bhel R&D Employees Colony,Hyderabad,Telangana
17.3983036,78.4718592,KK Estate Lane,Fateh Maidan,Hyderabad,Telangana
17.3981526,78.471916,KK Estate Lane,Fateh Maidan,Hyderabad,Telangana
17.3980253,78.471987,KK Estate Lane,Fateh Maidan,Hyderabad,Telangana
17.3979384,78.4720359,KK Estate Lane,Fateh Maidan,Hyderabad,Telangana
17.4421555,78.5317235,Malkajgiri Road,Lalaguda,Hyderabad,Telangana
17.4421244,78.5317368,Malkajgiri Road,Lalaguda,Hyderabad,Telangana
17.4404776,78.5306301,Malkajgiri Road,Lalaguda,Hyderabad,Telangana
17.4421174,78.5318015,Malkajgiri Road,Lalaguda,Hyderabad,Telangana
17.4421801,78.53178,Malkajgiri Road,Lalaguda,Hyderabad,Telangana
17.4134071,78.4598297,Somajiguda Road - Panjagutta Main Road,Khairatabad,Hyderabad,Telangana
17.4135462,78.4599681,Somajiguda Road - Panjagutta Main Road,Khairatabad,Hyderabad,Telangana
17.4196905,78.4562499,Somajiguda Road - Panjagutta Main Road,Irrum Manzil,Hyderabad,Telangana
17.413345,78.4598999,Lakdikapool Road,Khairatabad,Hyderabad,Telangana
17.4134287,78.4599657,Raj Bhavan Road,Khairatabad,Hyderabad,Telangana
17.4523454,78.3874795,Jai Hind Gandhi Road,Chanda Naik Thanda,Hyderabad,Telangana
17.3815601,78.4382448,Colony road,ASR Nagar,Hyderabad,Telangana
17.5523248,78.3615791,Mallampet Road,Mallampet,Hyderabad,Telangana
17.4279012,78.4036024,Road Number 52,Nandagiri Hills,Hyderabad,Telangana
17.4278369,78.4034896,Road Number 52,Nandagiri Hills,Hyderabad,Telangana
17.4402069,78.3895588,Durgam Cheruvu Road,Madhapur,Hyderabad,Telangana
17.5065185,78.4947136,Alwal Road,Father Balaiah Nagar,Hyderabad,Telangana
17.506496,78.4961581,Alwal Road,Father Balaiah Nagar,Hyderabad,Telangana
17.5408414,78.3637611,Medak Road,Bachupally,Hyderabad,Telangana
17.4925827,78.3277853,Church Road,Santhi Nagar,Hyderabad,Telangana
17.4912845,78.3277571,Church Road,Santhi Nagar,Hyderabad,Telangana
17.4406928,78.4942391,Sarojini Devi Road,Patny,Hyderabad,Telangana
17.4413662,78.4909424,Sarojini Devi Road,Patny,Hyderabad,Telangana
17.4409676,78.4929856,Sarojini Devi Road,Patny,Hyderabad,Telangana
17.3729463,78.5476527,Vijayapuri Colony Main Road,Vijayapuri Colony,Hyderabad,Telangana
17.3728302,78.5468777,New Nagole Main Road,Vijayapuri Colony,Hyderabad,Telangana
17.3730897,78.5477394,New Nagole Main Road,Vijayapuri Colony,Hyderabad,Telangana
17.5391526,78.4906656,Nizamabad Road,Brindavan Colony,Hyderabad,Telangana
17.5479015,78.4929264,Nizamabad Road,Turkapalli,Hyderabad,Telangana
17.5479346,78.4928019,Nizamabad Road,Turkapalli,Hyderabad,Telangana
17.5206874,78.3635035,GRIET College Rd,CG Employees Colony,Hyderabad,Telangana
17.4181297,78.3708211,Khajaguda Nanakramguda road,Weaker Section Colony,Hyderabad,Telangana
17.4065099,78.4722721,Medicity Hospital Rad,Adarsh Nagar,Hyderabad,Telangana
17.4642027,78.5757454,Sainikpuri-ECIL Main Road,DAE Colony,Hyderabad,Telangana
17.4554264,78.5812977,Sainikpuri-ECIL Main Road,Nehru Nagar,Hyderabad,Telangana
17.510738,78.3653781,Mayuri Nagar,CG Employees Colony,Hyderabad,Telangana
17.5107029,78.3670006,Mayuri Nagar,Mayuri Nagar,Hyderabad,Telangana
17.4185115,78.4020506,"Road No 78, Jubilee Hills",Prashasan Nagar,Hyderabad,Telangana
17.4181075,78.4036938,"Road No 78, Jubilee Hills",Prashasan Nagar,Hyderabad,Telangana
17.4183027,78.403417,"Road No 78, Jubilee Hills",Prashasan Nagar,Hyderabad,Telangana
17.3865738,78.350952,Service Road,Manchirevula,Hyderabad,Telangana
17.3860342,78.3508054,Service Road,Manchirevula,Hyderabad,Telangana
17.5597901,78.504425,"Sector-1, Little England Layout",Turkapalli,Hyderabad,Telangana
17.3961712,78.4878093,Vitthalwadi Lane,Narayanguda,Hyderabad,Telangana
17.3958998,78.4869901,Narayanguda Main Road,Narayanguda,Hyderabad,Telangana
17.3960512,78.487708,Narayanguda Main Road,Narayanguda,Hyderabad,Telangana
17.373031,78.5475478,New Nagole Main Road,Vijayapuri Colony,Hyderabad,Telangana
17.4180372,78.3401304,Road No. 1,Nanakramguda,Hyderabad,Telangana
17.4180833,78.3400485,Road No. 1,Nanakramguda,Hyderabad,Telangana
17.4174789,78.3412579,Road No. 1,Financial District,Hyderabad,Telangana
17.5061749,78.356135,Miyapur-Janapriya West City Road,Jayaprakash Narayan Nagar,Hyderabad,Telangana
17.4839089,78.389689,Hitec - Kukatpally Main Road,Phase 5,Hyderabad,Telangana
17.4838115,78.3899379,Hitec - Kukatpally Main Road,Phase 5,Hyderabad,Telangana
17.48342,78.3897724,Hitec - Kukatpally Main Road,Phase 5,Hyderabad,Telangana
17.4835021,78.3895258,Hitec - Kukatpally Main Road,Phase 5,Hyderabad,Telangana
17.4093161,78.3947889,Manikonda road,Whisper Valley Colony,Hyderabad,Telangana
17.4109348,78.3949244,Manikonda road,Whisper Valley Colony,Hyderabad,Telangana
17.4110583,78.3949421,Manikonda road,Whisper Valley Colony,Hyderabad,Telangana
17.410839,78.3949027,Manikonda road,Whisper Valley Colony,Hyderabad,Telangana
17.4230025,78.4944246,Street No 1,PS Colony,Hyderabad,Telangana
17.4231468,78.4943943,Padmashali Colony Main Road,PS Colony,Hyderabad,Telangana
17.4234114,78.4946086,Padmashali Colony Main Road,PS Colony,Hyderabad,Telangana
17.3565069,78.5302772,Saroor Nagar Mini Tank Bund Road,Saroor Nagar,Hyderabad,Telangana
17.3567337,78.5302822,Saroor Nagar Bus Stand Road,Saroor Nagar,Hyderabad,Telangana
17.3949724,78.4754248,Chapel Road,SBH Gun Foundry Jn,Hyderabad,Telangana
17.5013259,78.4774054,Nizamabad Road,Ramaraju Nagar,Hyderabad,Telangana
17.5025703,78.4779431,Nizamabad Road,Ramaraju Nagar,Hyderabad,Telangana
17.3441382,78.4708198,Phool Bagh Chaman Road,Engine Bowli,Hyderabad,Telangana
17.3434695,78.4715226,Phool Bagh Chaman Road,Aliabad,Hyderabad,Telangana
17.4454662,78.4871538,Balamrai Road,Viman Nagar,Hyderabad,Telangana
17.5150642,78.3842264,Eswar Villas road,Nizampet,Hyderabad,Telangana
17.5149582,78.384473,Eswar Villas road,Nizampet,Hyderabad,Telangana
17.5148669,78.3846552,Eswar Villas road,Nizampet,Hyderabad,Telangana
17.5147711,78.384841,Eswar Villas road,Nizampet,Hyderabad,Telangana
17.5147326,78.3849137,Eswar Villas road,Nizampet,Hyderabad,Telangana
17.4539422,78.4157613,borabanda allahapur road,Borabanda,Hyderabad,Telangana
17.4537001,78.4154276,borabanda allahapur road,Borabanda,Hyderabad,Telangana
17.4542274,78.4160382,borabanda allahapur road,Ramarao Nagar,Hyderabad,Telangana
17.4541993,78.4160543,borabanda allahapur road,Ramarao Nagar,Hyderabad,Telangana
17.4542078,78.4161624,borabanda allahapur road,Ramarao Nagar,Hyderabad,Telangana
17.4541903,78.4162859,borabanda allahapur road,Ramarao Nagar,Hyderabad,Telangana
17.4537074,78.4154676,borabanda allahapur road,Borabanda,Hyderabad,Telangana
17.5127769,78.5623395,Balaji Nagar Main Road,Jawahar Nagar,Hyderabad,Telangana
17.5128008,78.5623848,Balaji Nagar Main Road,Jawahar Nagar,Hyderabad,Telangana
17.4227115,78.3821531,Old Bombay Road,Prashant Hills,Hyderabad,Telangana
17.4226136,78.3820572,Old Bombay Highway,Prashant Hills,Hyderabad,Telangana
17.5001769,78.3354481,PJR Layout Main Road,PJR Enclave,Hyderabad,Telangana
17.4592258,78.4325158,Moosapet Flyover,Banjara Nagar,Hyderabad,Telangana
17.4588205,78.4317861,Borabanda Mothinagar road,Banjara Nagar,Hyderabad,Telangana
17.5061295,78.5046435,towards alwal,Vasavi Nagar,Hyderabad,Telangana
17.5060935,78.5047874,towards alwal,Vasavi Nagar,Hyderabad,Telangana
17.5062738,78.5045435,towards alwal,Vasavi Nagar,Hyderabad,Telangana
17.3765852,78.4478864,Tappachabutra road,Dattattreya Nagar,Hyderabad,Telangana
17.379993,78.4476661,Tappachabutra road,HUDA Colony,Hyderabad,Telangana
17.3797341,78.4476046,Tappachabutra road,Dattattreya Nagar,Hyderabad,Telangana
17.4091891,78.4587178,Chintal Basti Main Road,Chintal Basti,Hyderabad,Telangana
17.418286,78.3709073,Khajaguda Nanakramguda road,Weaker Section Colony,Hyderabad,Telangana
17.4186184,78.3718393,Khajaguda Nanakramguda road,Janmabhoomi Colony,Hyderabad,Telangana
17.4811371,78.5040567,Military Dairy Farm Road,Teachers Colony,Hyderabad,Telangana
17.4846085,78.497226,Military Dairy Farm Road,Ved Vihar AWHO,Hyderabad,Telangana
17.4849003,78.4971414,Kanajiguda,Ved Vihar AWHO,Hyderabad,Telangana
17.4886811,78.4796614,Military Dairy Farm Road,Swarnadhama Nagar,Hyderabad,Telangana
17.384908,78.4844599,Koti Women's College Road,Koti,Hyderabad,Telangana
17.3834474,78.4829932,turrebhaz khan road,Koti,Hyderabad,Telangana
17.3597869,78.474144,New Ladbazar Road,Moghalpura,Hyderabad,Telangana
17.3206006,78.4521437,Waramgadda road,Weaker Section Colony,Hyderabad,Telangana
17.316899,78.4496654,Waramgadda road,Vinayak Nagar,Hyderabad,Telangana
17.3197971,78.4506771,Waramgadda road,Mailardevpally,Hyderabad,Telangana
17.3184418,78.4501669,Waramgadda road,Vinayak Nagar,Hyderabad,Telangana
17.3219267,78.4538128,Waramgadda road,Roshan Colony,Hyderabad,Telangana
17.5138119,78.5521476,Balaji Nagar Main Road,Balaji Nagar,Hyderabad,Telangana
17.5133463,78.5410509,Balaji Nagar Main Road,Swarnandhra Colony,Hyderabad,Telangana
17.5420735,78.4912518,Nizamabad Road,Brindavan Colony,Hyderabad,Telangana
17.5429127,78.4914574,Nizamabad Road,Brindavan Colony,Hyderabad,Telangana
17.5427236,78.4921133,Bolarum to Kompally Road,Brindavan Colony,Hyderabad,Telangana
17.5426359,78.4921034,Bolarum to Kompally Road,Brindavan Colony,Hyderabad,Telangana
17.3973563,78.5624688,SuryaNagar Colony Road,Laxma Reddy Colony,Hyderabad,Telangana
17.4869828,78.490826,Military Dairy Farm Road,Indira Nagar,Hyderabad,Telangana
17.4886419,78.4858701,Military Dairy Farm Road,Swarnadhama Nagar,Hyderabad,Telangana
17.4051562,78.5582168,Meher Garden Road,Prashanth Nagar,Hyderabad,Telangana
17.3666208,78.4941506,Chanchalguda Main Road,Shah Colony,Hyderabad,Telangana
17.366904,78.4810779,Darul Shifa Road,Purani Haveli,Hyderabad,Telangana
17.4685617,78.4810303,Brigadier Sayeed Road,Dubai Gate,Hyderabad,Telangana
17.468886,78.4830937,Hashmatpet Road,Manovikas Nagar,Hyderabad,Telangana
17.4686551,78.481546,Hashmatpet Road,Dubai Gate,Hyderabad,Telangana
17.4107324,78.4845281,Street Number 6,Indira Park Jn,Hyderabad,Telangana
17.4182346,78.3999478,"Road No 78, Jubilee Hills",Nyaya Vihar,Hyderabad,Telangana
17.4992869,78.3972356,Jal Vayu Vihar Road,Satavahana Nagar,Hyderabad,Telangana
17.3994563,78.5061539,Vegetable Market Road,Nallakunta,Hyderabad,Telangana
17.4183357,78.4007268,Road No 12,Nyaya Vihar,Hyderabad,Telangana
17.4182526,78.4006838,"Road No 78, Jubilee Hills",Nyaya Vihar,Hyderabad,Telangana
17.5064778,78.4928743,Alwal Road,Kistamma Enclave,Hyderabad,Telangana
17.3291053,78.5687858,Goverment Hospital Road,Vanasthalipuram,Hyderabad,Telangana
17.3291192,78.5685795,Goverment Hospital Road,Vanasthalipuram,Hyderabad,Telangana
17.3330894,78.5693196,Masjid Road,Vanasthalipuram,Hyderabad,Telangana
17.3332402,78.5694212,Vanasthalipuram Main Road,Vanasthalipuram,Hyderabad,Telangana
17.5075114,78.3538741,Miyapur-Janapriya West City Road,Jayaprakash Narayan Nagar,Hyderabad,Telangana
17.3725905,78.5460401,New Nagole Main Road,Vijayapuri Colony,Hyderabad,Telangana
17.4861479,78.5545152,H. T. Line Road,Chandrapuri Colony,Hyderabad,Telangana
17.4393071,78.363058,Old Bombay Road,J V Colony,Hyderabad,Telangana
17.4390836,78.3629283,Old Bombay Road,Telecom Nagar,Hyderabad,Telangana
17.4678663,78.5656873,TGSRTC Kushaiguda Bus Depot Inner Road,Green Hills Colony,Hyderabad,Telangana
17.4683736,78.565409,TGSRTC Kushaiguda Bus Depot Inner Road,Green Hills Colony,Hyderabad,Telangana
17.4503241,78.4453943,balaiah nagar street 1,Sanath Nagar,Hyderabad,Telangana
17.4409453,78.4933252,Sarojini Devi Road,Patny,Hyderabad,Telangana
17.4409829,78.4932012,Sarojini Devi Road,Patny,Hyderabad,Telangana
17.5559406,78.3627667,Mallampet Road,Mallampet,Hyderabad,Telangana
17.5566175,78.3630142,Mallampet Road,Mallampet,Hyderabad,Telangana
17.4233004,78.494525,Padmashali Colony Main Road,PS Colony,Hyderabad,Telangana
17.3884723,78.5164269,Moosarambagh Road,Qadri Bagh,Hyderabad,Telangana
17.3884711,78.5165095,Moosarambagh Road,Qadri Bagh,Hyderabad,Telangana
17.396243,78.4964033,Baghlingmpally Cross Road,Bagh Lingampally,Hyderabad,Telangana
17.3669659,78.4810732,Darul Shifa Road,Purani Haveli,Hyderabad,Telangana
17.3674384,78.4812322,Darul Shifa Road,Purani Haveli,Hyderabad,Telangana
17.4336382,78.5037649,Foot Over Bridge,Chilkalguda,Hyderabad,Telangana
17.3911285,78.6017818,Peerzadiguda Main Road,Parvathapuram,Hyderabad,Telangana
17.4384405,78.459344,Foot Over Bridge,Uma Nagar,Hyderabad,Telangana
17.4014133,78.5612992,Hyderabad-Janagam Highway,Uppal,Hyderabad,Telangana
17.4016591,78.5610629,Hyderabad-Janagam Highway,Uppal,Hyderabad,Telangana
17.4014668,78.5709335,Hyderabad-Janagam Highway,Santhi Nagar,Hyderabad,Telangana
17.5593417,78.4370167,Doolapally Road,Colony Name,Hyderabad,Telangana
17.3914468,78.6075836,Peerzadiguda Main Road,Parvathapuram,Hyderabad,Telangana
17.4394157,78.3892466,Durgam Cheruvu Road,Madhapur,Hyderabad,Telangana
17.4382328,78.3888697,Durgam Cheruvu Road,Madhapur,Hyderabad,Telangana
17.4410181,78.3899307,Durgam Cheruvu Road,Madhapur,Hyderabad,Telangana
17.4388318,78.3890284,Durgam Cheruvu Road,Madhapur,Hyderabad,Telangana
17.438823,78.3890673,Durgam Cheruvu Road,Madhapur,Hyderabad,Telangana
17.3160088,78.5222773,Badangpet Road,Udyog Nagar,Hyderabad,Telangana
17.4685342,78.3763894,Hitex Road,Khanmet,Hyderabad,Telangana
17.3263775,78.5655905,NGO Colony Road,NGOs Colony,Hyderabad,Telangana
17.3265252,78.5656048,NGO Colony Road,NGOs Colony,Hyderabad,Telangana
17.3621973,78.4704141,Purana Pul Road,Ghansi Bazaar,Hyderabad,Telangana
17.4140109,78.3793794,Hig chitrapuri road,Manikonda,Hyderabad,Telangana
17.4405497,78.3897352,Durgam Cheruvu Road,Madhapur,Hyderabad,Telangana
17.5553976,78.3625613,Mallampet Road,Mallampet,Hyderabad,Telangana
17.3266767,78.5656193,NGO Colony Road,NGOs Colony,Hyderabad,Telangana
17.5113936,78.3650115,Mayuri Nagar,CG Employees Colony,Hyderabad,Telangana
17.5107603,78.3651565,Mayuri Nagar,CG Employees Colony,Hyderabad,Telangana
17.5108476,78.3649996,Mayuri Nagar,CG Employees Colony,Hyderabad,Telangana
17.5107175,78.3662057,Mayuri Nagar,Mayuri Nagar,Hyderabad,Telangana
17.3301425,78.569163,Vanasthalipuram Main Road,Vanasthalipuram,Hyderabad,Telangana
17.3309436,78.5695673,Rhythu Bazar Road,Vanasthalipuram,Hyderabad,Telangana
17.3313308,78.5692566,Vanasthalipuram Main Road,Vanasthalipuram,Hyderabad,Telangana
17.4850847,78.4964618,Military Dairy Farm Road,Ved Vihar AWHO,Hyderabad,Telangana
17.485473,78.4958424,Military Dairy Farm Road,Khanojiguda,Hyderabad,Telangana
17.3309652,78.5692906,Rhythu Bazar Road,Vanasthalipuram,Hyderabad,Telangana
17.3310187,78.5692381,Vanasthalipuram Main Road,Vanasthalipuram,Hyderabad,Telangana
17.4176895,78.4292265,Road No. 10,Nandi Nagar,Hyderabad,Telangana
17.4184424,78.4293584,Road No. 10,Nandi Nagar,Hyderabad,Telangana
17.4183023,78.4291169,Road No. 10,Nandi Nagar,Hyderabad,Telangana
17.4190053,78.4293295,Road No. 10,Nandi Nagar,Hyderabad,Telangana
17.4192604,78.4292578,Road No. 10,Nandi Nagar,Hyderabad,Telangana
17.4199265,78.4291068,Road No. 10,Nandi Nagar,Hyderabad,Telangana
17.4226948,78.4269566,Road No. 10,BN Reddy Colony,Hyderabad,Telangana
17.4222436,78.4278601,Road No. 10,BN Reddy Colony,Hyderabad,Telangana
17.4225369,78.4275118,Road No. 10,BN Reddy Colony,Hyderabad,Telangana
17.4230189,78.4264714,Road No 3,BN Reddy Colony,Hyderabad,Telangana
17.4230175,78.4266253,Road No. 2,BN Reddy Colony,Hyderabad,Telangana
17.4230864,78.4264718,Road No. 2,BN Reddy Colony,Hyderabad,Telangana
17.4235681,78.4251553,Road No. 2,BN Reddy Colony,Hyderabad,Telangana
17.4239261,78.4241687,Road No. 2,BN Reddy Colony,Hyderabad,Telangana
17.4242842,78.4232144,Road No. 2,BN Reddy Colony,Hyderabad,Telangana
17.4245164,78.4226384,Road No. 2,BN Reddy Colony,Hyderabad,Telangana
17.4246902,78.4221766,Road No. 2,BN Reddy Colony,Hyderabad,Telangana
17.4249333,78.4215093,Road No. 2,BN Reddy Colony,Hyderabad,Telangana
17.4251723,78.4208609,Road No. 2,Venkatagiri,Hyderabad,Telangana
17.4261903,78.4170987,Road No 2,Venkatagiri,Hyderabad,Telangana
17.4256974,78.4189889,Road No 2,Venkatagiri,Hyderabad,Telangana
17.4266684,78.4161654,Road No. 2,Jubilee Hills,Hyderabad,Telangana
17.4263976,78.4173262,Road No. 2,Venkatagiri,Hyderabad,Telangana
17.4265843,78.4167628,Road No. 2,Jubilee Hills,Hyderabad,Telangana
17.4175286,78.4283968,Road No 10,Nandi Nagar,Hyderabad,Telangana
17.4173305,78.4283496,Road No 10,Nandi Nagar,Hyderabad,Telangana
17.4151403,78.4257753,Road No 10,Venkateswara Colony,Hyderabad,Telangana
17.4158593,78.4260329,Road No 10,Venkateswara Colony,Hyderabad,Telangana
17.4157056,78.425978,Road No 10,Venkateswara Colony,Hyderabad,Telangana
17.4145482,78.4254914,Road No. 12,Venkateswara Colony,Hyderabad,Telangana
17.4147616,78.4253255,Road No. 12,Venkateswara Colony,Hyderabad,Telangana
17.4146692,78.4252498,Road No. 12,Venkateswara Colony,Hyderabad,Telangana
17.414537,78.4253114,Road No. 12,Venkateswara Colony,Hyderabad,Telangana
17.414324,78.4249196,Road Number 92,Venkateswara Colony,Hyderabad,Telangana
17.4141787,78.4243378,Road Number 92,Venkateswara Colony,Hyderabad,Telangana
17.4144902,78.4244666,Road Number 92,Venkateswara Colony,Hyderabad,Telangana
17.414181,78.4239346,Road Number 92,Venkateswara Colony,Hyderabad,Telangana
17.4143886,78.4230585,Road Number 92,Venkateswara Colony,Hyderabad,Telangana
17.4144877,78.4230948,Road Number 92,Venkateswara Colony,Hyderabad,Telangana
17.4147715,78.422069,Road Number 92,Navirman Nagar,Hyderabad,Telangana
17.4152285,78.4215114,Road Number 92,Navirman Nagar,Hyderabad,Telangana
17.4156702,78.4212668,Road Number 92,Navirman Nagar,Hyderabad,Telangana
17.4160845,78.4205016,Road Number 92,Navirman Nagar,Hyderabad,Telangana
17.4159886,78.4197295,Road Number 92,Navirman Nagar,Hyderabad,Telangana
17.4162844,78.4188103,Road Number 92,Navirman Nagar,Hyderabad,Telangana
17.4167514,78.4176884,Road Number 92,Navirman Nagar,Hyderabad,Telangana
17.4169851,78.4169428,Road Number 92,Navirman Nagar,Hyderabad,Telangana
17.4170861,78.416464,Road Number 92,Navirman Nagar,Hyderabad,Telangana
17.4171906,78.4160258,Road Number 92,Navirman Nagar,Hyderabad,Telangana
17.4174121,78.4151599,Road Number 92,Film Nagar,Hyderabad,Telangana
17.4176209,78.4144311,Road Number 92,Film Nagar,Hyderabad,Telangana
17.4191026,78.412551,Road Number 92,Journalist Colony,Hyderabad,Telangana
17.4306493,78.4193494,Road No 10,Venkatagiri,Hyderabad,Telangana
17.4307454,78.4196762,Road No 10,Venkatagiri,Hyderabad,Telangana
17.4308484,78.4195793,Road No 10,Venkatagiri,Hyderabad,Telangana
17.4660873,78.4230406,"Goods Shed Road, Moosapet",Sardar Patel Nagar,Hyderabad,Telangana
17.4660357,78.4230592,"Goods Shed Road, Moosapet",Sardar Patel Nagar,Hyderabad,Telangana
17.4224968,78.3818426,Khajaguda Nanakramguda road,Prashant Hills,Hyderabad,Telangana
17.4228261,78.3817195,Old Bombay Highway,Madhura Nagar Colony,Hyderabad,Telangana
17.4083882,78.50391,TGSRTC Musheerabad - 2 Bus Depot Inner Road,VST X Roads,Hyderabad,Telangana
17.4085411,78.5033969,TGSRTC Musheerabad - 2 Bus Depot Inner Road,VST X Roads,Hyderabad,Telangana
17.3601285,78.4714407,Khilwat Road,Khilwat,Hyderabad,Telangana
17.3745446,78.552658,New Nagole Main Road,Samathapura Colony,Hyderabad,Telangana
17.4677655,78.5390059,Malkajgiri - Neredmet Road,Safilguda,Hyderabad,Telangana
17.4674415,78.5389711,Malkajgiri - Neredmet Road,Safilguda,Hyderabad,Telangana
17.471206,78.5386555,Malkajgiri - Neredmet Road,Neredmet,Hyderabad,Telangana
17.3266799,78.5263034,badangpet-almasguda road,Vijaya homes,Hyderabad,Telangana
17.3250513,78.5268487,badangpet-almasguda road,Sarvodaya Colony,Hyderabad,Telangana
17.3267084,78.5262231,badangpet-almasguda road,Vijaya homes,Hyderabad,Telangana
17.3251011,78.526909,badangpet-almasguda road,Sarvodaya Colony,Hyderabad,Telangana
17.3313619,78.5260735,badangpet-almasguda road,Jillelaguda,Hyderabad,Telangana
17.3266343,78.5262436,badangpet-almasguda road,Vijaya homes,Hyderabad,Telangana
17.322855,78.5277215,Meerpet Road,Sarvodaya Colony,Hyderabad,Telangana
17.3234759,78.5275229,badangpet-almasguda road,Sarvodaya Colony,Hyderabad,Telangana
17.3233207,78.5275959,badangpet-almasguda road,Sarvodaya Colony,Hyderabad,Telangana
17.3142004,78.4678631,Bandlaguda Road,Bandlaguda,Hyderabad,Telangana
17.310195,78.4696444,Bandlaguda Rd,Bandlaguda,Hyderabad,Telangana
17.3080031,78.471175,Bandlaguda Rd,Ismail Nagar,Hyderabad,Telangana
17.4171796,78.4526131,Judge Kushan Road,Irrum Manzil,Hyderabad,Telangana
17.4171292,78.4519006,Judge Kushan Road,Naveen Nagar,Hyderabad,Telangana
17.4171814,78.4516802,Judge Kushan Road,Naveen Nagar,Hyderabad,Telangana
17.4171986,78.4518439,Judge Kushan Road,Naveen Nagar,Hyderabad,Telangana
17.5146451,78.3828374,Nizampet Road,Nizampet,Hyderabad,Telangana
17.5151867,78.382539,Nizampet Road,Nizampet,Hyderabad,Telangana
17.5129773,78.3835167,Nizampet Road,Nizampet,Hyderabad,Telangana
17.5154467,78.3824231,Nizampet Road,Nizampet,Hyderabad,Telangana
17.3927007,78.4461984,Asifnagar Road,Venkatadri Colony,Hyderabad,Telangana
17.3929477,78.4456727,Asifnagar Road,Venkatadri Colony,Hyderabad,Telangana
17.5432185,78.377303,Medak Road,Laxmi Nagar',Hyderabad,Telangana
17.5425622,78.4925432,Bolarum to Kompally Road,Brindavan Colony,Hyderabad,Telangana
17.5425218,78.492543,Bolarum to Kompally Road,Brindavan Colony,Hyderabad,Telangana
17.4103137,78.5177585,Jamai Osmania Road,Lalitha Nagar,Hyderabad,Telangana
17.410837,78.5178473,Jamai Osmania Road,Lalitha Nagar,Hyderabad,Telangana
17.3722232,78.5434852,kothapet village,SBI Colony,Hyderabad,Telangana
17.3721561,78.5434369,New Nagole Main Road,SBI Colony,Hyderabad,Telangana
17.3722049,78.5436386,New Nagole Main Road,SBI Colony,Hyderabad,Telangana
17.3724063,78.5448862,New Nagole Main Road,Vijayapuri Colony,Hyderabad,Telangana
17.3721146,78.5433088,New Nagole Main Road,SBI Colony,Hyderabad,Telangana
17.3913623,78.4268854,Khader Bagh road,Padmanabha Nagar,Hyderabad,Telangana
17.3905383,78.4272687,Khader Bagh road,Padmanabha Nagar,Hyderabad,Telangana
17.3071023,78.4268785,Station Rd,Sri Rama Nagar,Hyderabad,Telangana
17.5079296,78.3682299,High Tension Line Road,Mayuri Nagar,Hyderabad,Telangana
17.5079682,78.3682298,High Tension Line Road,Mayuri Nagar,Hyderabad,Telangana
17.4010399,78.2933798,Shankarpalli Road,Khanapur,Hyderabad,Telangana
17.4002747,78.2992558,Shankarpalli Road,Khanapur,Hyderabad,Telangana
17.3586151,78.5051476,Sayeedabad Main Road,DhobiGhat Jn,Hyderabad,Telangana
17.3709142,78.5409921,New Nagole Main Road,SBI Colony,Hyderabad,Telangana
17.3491822,78.5481046,Dmart Lb nagar,LB Nagar,Hyderabad,Telangana
17.476341,78.5377064,Malkajagiri Road,Ramakrishnapuram,Hyderabad,Telangana
17.5039772,78.5092423,towards alwal,Alwal,Hyderabad,Telangana
17.4262214,78.3773159,Old Bombay Highway,Madhura Nagar Colony,Hyderabad,Telangana
17.4264179,78.3775091,Old Bombay Road,Madhura Nagar Colony,Hyderabad,Telangana
17.4957059,78.4056271,NTR Nagar Road,Kukatpally,Hyderabad,Telangana
17.4952484,78.4052778,NTR Nagar Road,Kukatpally,Hyderabad,Telangana
17.4955,78.4054675,NTR Nagar Road,Kukatpally,Hyderabad,Telangana
17.4955149,78.4054263,NTR Nagar Road,Kukatpally,Hyderabad,Telangana
17.3449965,78.5077962,Santosh Nagar Main ROad,Maruti Nagar,Hyderabad,Telangana
17.4125988,78.4655479,Mint Road,Khairatabad,Hyderabad,Telangana
17.4270409,78.4160449,Road No 10,Jubilee Hills,Hyderabad,Telangana
17.3691557,78.4817847,Dabeerpura Road,Noorkhan Bazaar,Hyderabad,Telangana
17.3687932,78.4815455,Darul Shifa Road,Purani Haveli,Hyderabad,Telangana
17.3692672,78.4816546,Darul Shifa Road,Dar-Ul-Shifa,Hyderabad,Telangana
17.4470708,78.3536887,dlf gachibowli,Gachibowli,Hyderabad,Telangana
17.4306555,78.5106792,Chilkalaguda Road,Namala Gundu,Hyderabad,Telangana
17.4306703,78.5106015,Chilkalaguda Road,Namala Gundu,Hyderabad,Telangana
17.392384,78.447109,Nampally to Mallepally Road,Venkatadri Colony,Hyderabad,Telangana
17.392396,78.4468451,Asifnagar Road,Venkatadri Colony,Hyderabad,Telangana
17.3922342,78.4471956,Asif Nagar road,Venkatadri Colony,Hyderabad,Telangana
17.4991743,78.3175634,Ameenpur Road,Jawahar Nagar Colony,Hyderabad,Telangana
17.5070604,78.318329,Ameenpur Road,Maruthi Nagar,Hyderabad,Telangana
17.5059279,78.4906501,Alwal Road,Bhel R&D Employees Colony,Hyderabad,Telangana
17.5059034,78.4905577,Alwal Road,Bhel R&D Employees Colony,Hyderabad,Telangana
17.5060306,78.490453,sri sai enclave road,Bhel R&D Employees Colony,Hyderabad,Telangana
17.468787,78.4808028,Hashmatpet Road,Dubai Gate,Hyderabad,Telangana
17.36259,78.469332,Purana Pul Road,Ghansi Bazaar,Hyderabad,Telangana
17.3629306,78.4684674,Purana Pul Road,Ghansi Bazaar,Hyderabad,Telangana
